{
  "type": "FeatureCollection",
  "features": [
    {
      "type": "Feature",
      "properties": {
        "name": "Limite",
        "layer": "Limites_Externos",
        "classification": "Limites_Externos",
        "color": "#966391",
        "geometry_type": "polygon",
        "is_selected_area": true
      },
      "geometry": {
        "coordinates": [
          [
            [
              -51.94730198,
              -23.31870449
            ],
            [
              -51.9420989,
              -23.31343237
            ],
            [
              -51.94173671000001,
              -23.31308805
            ],
            [
              -51.94171726,
              -23.31305275
            ],
            [
              -51.9417197,
              -23.31301105
            ],
            [
              -51.94174080999999,
              -23.31297623
            ],
            [
              -51.94182842,
              -23.31288579
            ],
            [
              -51.94311198999999,
              -23.31184479
            ],
            [
              -51.94350266,
              -23.31151277
            ],
            [
              -51.94442761,
              -23.31077044
            ],
            [
              -51.9449391,
              -23.31033551
            ],
            [
              -51.94569882,
              -23.30974564
            ],
            [
              -51.94835361,
              -23.30756908
            ],
            [
              -51.94977896,
              -23.3064236
            ],
            [
              -51.95029471000001,
              -23.30596961
            ],
            [
              -51.95033063,
              -23.30595178
            ],
            [
              -51.95037168,
              -23.30595459
            ],
            [
              -51.95040731,
              -23.30597811
            ],
            [
              -51.9504499,
              -23.30604261
            ],
            [
              -51.95070778,
              -23.30629247
            ],
            [
              -51.9507399,
              -23.30636499
            ],
            [
              -51.95074818999999,
              -23.30643829
            ],
            [
              -51.95071675,
              -23.30674584
            ],
            [
              -51.95065486,
              -23.30703844
            ],
            [
              -51.95062072,
              -23.3074373
            ],
            [
              -51.95061958,
              -23.3079287
            ],
            [
              -51.9506354,
              -23.30837943
            ],
            [
              -51.95059982,
              -23.30903774
            ],
            [
              -51.95063151000001,
              -23.30922456
            ],
            [
              -51.95064587,
              -23.30940864
            ],
            [
              -51.95062272,
              -23.30986704
            ],
            [
              -51.95059748,
              -23.31002254
            ],
            [
              -51.95055276,
              -23.31013042
            ],
            [
              -51.9505378,
              -23.31020699
            ],
            [
              -51.95052007,
              -23.31063304
            ],
            [
              -51.95045766999999,
              -23.31094201
            ],
            [
              -51.95046083,
              -23.31102187
            ],
            [
              -51.95050132,
              -23.31118273
            ],
            [
              -51.9505483,
              -23.31160233
            ],
            [
              -51.95062298,
              -23.31185576
            ],
            [
              -51.95069418,
              -23.31199113
            ],
            [
              -51.95073902,
              -23.31213709
            ],
            [
              -51.95076052,
              -23.31240335
            ],
            [
              -51.95093712999999,
              -23.31270221
            ],
            [
              -51.95104358,
              -23.31291268
            ],
            [
              -51.95110582,
              -23.31309768
            ],
            [
              -51.95113281,
              -23.31328721
            ],
            [
              -51.95122832999999,
              -23.31357499
            ],
            [
              -51.95132283,
              -23.31379195
            ],
            [
              -51.95135513,
              -23.31406331
            ],
            [
              -51.95140005,
              -23.31417308
            ],
            [
              -51.95142828,
              -23.31428507
            ],
            [
              -51.95144219,
              -23.31444234
            ],
            [
              -51.95143061,
              -23.31459708
            ],
            [
              -51.9513957,
              -23.31466186
            ],
            [
              -51.95131769,
              -23.31474963
            ],
            [
              -51.95130443000001,
              -23.31478475
            ],
            [
              -51.95131259000001,
              -23.31482055
            ],
            [
              -51.95135490999999,
              -23.31488344
            ],
            [
              -51.95156903,
              -23.31506019
            ],
            [
              -51.95160022,
              -23.31513067
            ],
            [
              -51.95159394,
              -23.31516813
            ],
            [
              -51.95157106,
              -23.31520208
            ],
            [
              -51.95109509,
              -23.3156252
            ],
            [
              -51.95096595,
              -23.31571603
            ],
            [
              -51.94972977,
              -23.31675215
            ],
            [
              -51.94963196999999,
              -23.31681929
            ],
            [
              -51.94951351,
              -23.31693232
            ],
            [
              -51.94910988,
              -23.31726697
            ],
            [
              -51.94733752,
              -23.31871992
            ],
            [
              -51.94730198,
              -23.31870449
            ]
          ]
        ],
        "type": "Polygon"
      }
    },
    {
      "type": "Feature",
      "properties": {
        "name": "Linhas de Projeto veia 1",
        "layer": "Linhas de Projeto veia",
        "classification": "Linhas de Projeto veia",
        "color": "#8c5037",
        "geometry_type": "line",
        "is_selected_area": false
      },
      "geometry": {
        "coordinates": [
          [
            -51.949225401810565,
            -23.316966367797743
          ],
          [
            -51.9486554817344,
            -23.31662989304424
          ],
          [
            -51.94833497591459,
            -23.31641664021248
          ],
          [
            -51.94797246365908,
            -23.31613277795924
          ],
          [
            -51.94771444013917,
            -23.3158812737333
          ],
          [
            -51.947390476452796,
            -23.315483441361966
          ],
          [
            -51.94717838605727,
            -23.315175805558862
          ],
          [
            -51.94698397708732,
            -23.314859009849965
          ],
          [
            -51.94672126779333,
            -23.31437054356326
          ],
          [
            -51.94656175050009,
            -23.314038568305893
          ],
          [
            -51.94634319974441,
            -23.313532740724664
          ],
          [
            -51.94614916851328,
            -23.313018173013305
          ],
          [
            -51.946041861513,
            -23.31266629950159
          ],
          [
            -51.94593325577263,
            -23.31212808140855
          ],
          [
            -51.94580485034195,
            -23.31104963396062
          ],
          [
            -51.94565880190354,
            -23.30997435448763
          ]
        ],
        "type": "LineString"
      }
    },
    {
      "type": "Feature",
      "properties": {
        "name": "Linhas de Projeto veia 2",
        "layer": "Linhas de Projeto veia",
        "classification": "Linhas de Projeto veia",
        "color": "#8c5037",
        "geometry_type": "line",
        "is_selected_area": false
      },
      "geometry": {
        "coordinates": [
          [
            -51.949174204703915,
            -23.31700881533304
          ],
          [
            -51.948616303549336,
            -23.316679002927398
          ],
          [
            -51.948298915884465,
            -23.316467936038855
          ],
          [
            -51.947926905399285,
            -23.316176922055654
          ],
          [
            -51.947664183894,
            -23.315920834886835
          ],
          [
            -51.947362453914685,
            -23.3155537010533
          ],
          [
            -51.947149597262374,
            -23.315250663616897
          ],
          [
            -51.9469550524807,
            -23.314937268111294
          ],
          [
            -51.94669043550739,
            -23.314453686851337
          ],
          [
            -51.946453380482,
            -23.313958022111187
          ],
          [
            -51.94624139473923,
            -23.313452754408285
          ],
          [
            -51.94605362835484,
            -23.312939403959188
          ],
          [
            -51.94595479378712,
            -23.312589954931603
          ],
          [
            -51.94585595478296,
            -23.312055956713603
          ],
          [
            -51.945752106583996,
            -23.311157891198924
          ],
          [
            -51.94559809371111,
            -23.310019927557452
          ]
        ],
        "type": "LineString"
      }
    },
    {
      "type": "Feature",
      "properties": {
        "name": "Linhas de Projeto veia 3",
        "layer": "Linhas de Projeto veia",
        "classification": "Linhas de Projeto veia",
        "color": "#8c5037",
        "geometry_type": "line",
        "is_selected_area": false
      },
      "geometry": {
        "coordinates": [
          [
            -51.94912300558043,
            -23.317051264497533
          ],
          [
            -51.94857813548329,
            -23.316728755654974
          ],
          [
            -51.94826072021116,
            -23.316517722478398
          ],
          [
            -51.948023968306245,
            -23.31634067724235
          ],
          [
            -51.94774430893951,
            -23.316094462980217
          ],
          [
            -51.9474796777632,
            -23.315807042549526
          ],
          [
            -51.947211661135555,
            -23.315456307333378
          ],
          [
            -51.94691165621183,
            -23.31499073306128
          ],
          [
            -51.94664507171214,
            -23.31450807594848
          ],
          [
            -51.94640678910186,
            -23.31401291408556
          ],
          [
            -51.94619304273719,
            -23.313508284016887
          ],
          [
            -51.94600313650029,
            -23.312995592816225
          ],
          [
            -51.94590114034097,
            -23.312646913756907
          ],
          [
            -51.94579771733521,
            -23.312113678098466
          ],
          [
            -51.9456699813754,
            -23.311036330839737
          ],
          [
            -51.94553752068186,
            -23.310066425043736
          ]
        ],
        "type": "LineString"
      }
    },
    {
      "type": "Feature",
      "properties": {
        "name": "Linhas de Projeto veia 4",
        "layer": "Linhas de Projeto veia",
        "classification": "Linhas de Projeto veia",
        "color": "#8c5037",
        "geometry_type": "line",
        "is_selected_area": false
      },
      "geometry": {
        "coordinates": [
          [
            -51.94907180823554,
            -23.31709371214445
          ],
          [
            -51.94853996738918,
            -23.31677850837387
          ],
          [
            -51.94822252450976,
            -23.31656750890927
          ],
          [
            -51.947980637423676,
            -23.31638668941313
          ],
          [
            -51.94769637619051,
            -23.316136413389476
          ],
          [
            -51.947395227289704,
            -23.315804100495082
          ],
          [
            -51.9471696789923,
            -23.315508997668072
          ],
          [
            -51.946868259908605,
            -23.31504419800002
          ],
          [
            -51.946599707880345,
            -23.314562465033323
          ],
          [
            -51.94636019768378,
            -23.31406780604696
          ],
          [
            -51.9461446906953,
            -23.313563813611488
          ],
          [
            -51.94595264460358,
            -23.31305178165798
          ],
          [
            -51.94584796225553,
            -23.312703774195093
          ],
          [
            -51.94573988378514,
            -23.312171349660375
          ],
          [
            -51.94561110722161,
            -23.31109412789555
          ],
          [
            -51.9454770413341,
            -23.310113582686988
          ]
        ],
        "type": "LineString"
      }
    },
    {
      "type": "Feature",
      "properties": {
        "name": "Linhas de Projeto veia 5",
        "layer": "Linhas de Projeto veia",
        "classification": "Linhas de Projeto veia",
        "color": "#8c5037",
        "geometry_type": "line",
        "is_selected_area": false
      },
      "geometry": {
        "coordinates": [
          [
            -51.949020608466896,
            -23.317136155876618
          ],
          [
            -51.94850179926702,
            -23.316828261084094
          ],
          [
            -51.94818432878023,
            -23.316617295331437
          ],
          [
            -51.94793730651153,
            -23.316432701572726
          ],
          [
            -51.94764844341128,
            -23.316178363784765
          ],
          [
            -51.94735461824227,
            -23.31585592365009
          ],
          [
            -51.947128374804294,
            -23.315561276652534
          ],
          [
            -51.946824863571024,
            -23.31509766292751
          ],
          [
            -51.946554806399455,
            -23.31461664929377
          ],
          [
            -51.94631360622778,
            -23.314122697995387
          ],
          [
            -51.946096345583435,
            -23.313619340789543
          ],
          [
            -51.94590310900019,
            -23.313107690333712
          ],
          [
            -51.94579478412505,
            -23.312760634616314
          ],
          [
            -51.94571381251554,
            -23.31240725497852
          ],
          [
            -51.9456555661005,
            -23.312050048717467
          ],
          [
            -51.94555197282604,
            -23.31115195463811
          ],
          [
            -51.94541656350354,
            -23.310160739091533
          ]
        ],
        "type": "LineString"
      }
    },
    {
      "type": "Feature",
      "properties": {
        "name": "Linhas de Projeto veia 6",
        "layer": "Linhas de Projeto veia",
        "classification": "Linhas de Projeto veia",
        "color": "#8c5037",
        "geometry_type": "line",
        "is_selected_area": false
      },
      "geometry": {
        "coordinates": [
          [
            -51.9489690733274,
            -23.317178405720675
          ],
          [
            -51.94846363111679,
            -23.316878013785647
          ],
          [
            -51.948146133022625,
            -23.31666708174492
          ],
          [
            -51.94784451226186,
            -23.31643723069291
          ],
          [
            -51.94760051060199,
            -23.316220314166237
          ],
          [
            -51.94731400916371,
            -23.315907746795276
          ],
          [
            -51.94708707058435,
            -23.315613555626815
          ],
          [
            -51.9467814671991,
            -23.31515112784377
          ],
          [
            -51.94651008068715,
            -23.314670755670548
          ],
          [
            -51.94626701473384,
            -23.314177589930825
          ],
          [
            -51.94604857466111,
            -23.313674670013434
          ],
          [
            -51.945853583446834,
            -23.31316359603866
          ],
          [
            -51.94574213828333,
            -23.312817370015274
          ],
          [
            -51.9456581051515,
            -23.312464607605037
          ],
          [
            -51.945596889300575,
            -23.312107824187084
          ],
          [
            -51.94549278604594,
            -23.31120978677833
          ],
          [
            -51.94535613812842,
            -23.31020785453937
          ]
        ],
        "type": "LineString"
      }
    },
    {
      "type": "Feature",
      "properties": {
        "name": "Linhas de Projeto veia 7",
        "layer": "Linhas de Projeto veia",
        "classification": "Linhas de Projeto veia",
        "color": "#8c5037",
        "geometry_type": "line",
        "is_selected_area": false
      },
      "geometry": {
        "coordinates": [
          [
            -51.948917545912266,
            -23.317220649189178
          ],
          [
            -51.94842546293849,
            -23.316927766478514
          ],
          [
            -51.94810793723691,
            -23.316716868149708
          ],
          [
            -51.94780604059575,
            -23.31648731814124
          ],
          [
            -51.94752619385593,
            -23.31623513479997
          ],
          [
            -51.94727355246048,
            -23.315959461078215
          ],
          [
            -51.946939048992675,
            -23.315514480418656
          ],
          [
            -51.946738070792804,
            -23.31520459274878
          ],
          [
            -51.94646535493895,
            -23.314724862035355
          ],
          [
            -51.94622042320198,
            -23.314232481853278
          ],
          [
            -51.94600080369956,
            -23.31372999922368
          ],
          [
            -51.945744250930176,
            -23.313047525189063
          ],
          [
            -51.945643049076125,
            -23.31269864363401
          ],
          [
            -51.945538984177794,
            -23.31216550449101
          ],
          [
            -51.945410973558566,
            -23.31108819115133
          ],
          [
            -51.94529572738137,
            -23.310254958525682
          ]
        ],
        "type": "LineString"
      }
    },
    {
      "type": "Feature",
      "properties": {
        "name": "Linhas de Projeto veia 8",
        "layer": "Linhas de Projeto veia",
        "classification": "Linhas de Projeto veia",
        "color": "#8c5037",
        "geometry_type": "line",
        "is_selected_area": false
      },
      "geometry": {
        "coordinates": [
          [
            -51.94886612897439,
            -23.317262862174665
          ],
          [
            -51.94838729473214,
            -23.316977519162695
          ],
          [
            -51.94791635873163,
            -23.316654607339938
          ],
          [
            -51.94762415462234,
            -23.316414624537813
          ],
          [
            -51.947356585260664,
            -23.31615127854103
          ],
          [
            -51.94711651142172,
            -23.315866140364985
          ],
          [
            -51.94679388334604,
            -23.315413732205997
          ],
          [
            -51.946599900612895,
            -23.315100039560214
          ],
          [
            -51.94633553970288,
            -23.314616327547096
          ],
          [
            -51.94609789594877,
            -23.314120902588062
          ],
          [
            -51.94588433436192,
            -23.3136162025199
          ],
          [
            -51.945693758902664,
            -23.313103713951236
          ],
          [
            -51.9455898708578,
            -23.31275550398853
          ],
          [
            -51.94551137753213,
            -23.31240164075498
          ],
          [
            -51.94545517742595,
            -23.312044140464547
          ],
          [
            -51.94535183907607,
            -23.31114601782115
          ],
          [
            -51.94523530851753,
            -23.310301961014453
          ]
        ],
        "type": "LineString"
      }
    },
    {
      "type": "Feature",
      "properties": {
        "name": "Linhas de Projeto veia 9",
        "layer": "Linhas de Projeto veia",
        "classification": "Linhas de Projeto veia",
        "color": "#8c5037",
        "geometry_type": "line",
        "is_selected_area": false
      },
      "geometry": {
        "coordinates": [
          [
            -51.9488149223268,
            -23.317305190973503
          ],
          [
            -51.94834912649773,
            -23.317027271838224
          ],
          [
            -51.94787807157765,
            -23.31670449884309
          ],
          [
            -51.94758536393132,
            -23.31646502097856
          ],
          [
            -51.94731691239358,
            -23.31620241346085
          ],
          [
            -51.94707590224553,
            -23.31591796345152
          ],
          [
            -51.94675117567882,
            -23.31546683314827
          ],
          [
            -51.94655650414786,
            -23.315153504417133
          ],
          [
            -51.94629017570664,
            -23.314670716546917
          ],
          [
            -51.9460513043644,
            -23.314175794462265
          ],
          [
            -51.94583598215083,
            -23.313671732023973
          ],
          [
            -51.94564366508252,
            -23.313159786034937
          ],
          [
            -51.94553669259447,
            -23.312812364326053
          ],
          [
            -51.94545564272311,
            -23.312458997665768
          ],
          [
            -51.94539650053905,
            -23.31210191586192
          ],
          [
            -51.94529270454252,
            -23.311203844469922
          ],
          [
            -51.94517494486769,
            -23.3103488598139
          ]
        ],
        "type": "LineString"
      }
    },
    {
      "type": "Feature",
      "properties": {
        "name": "Linhas de Projeto veia 10",
        "layer": "Linhas de Projeto veia",
        "classification": "Linhas de Projeto veia",
        "color": "#8c5037",
        "geometry_type": "line",
        "is_selected_area": false
      },
      "geometry": {
        "coordinates": [
          [
            -51.94876371973919,
            -23.31734751637343
          ],
          [
            -51.94831095823526,
            -23.317077024505053
          ],
          [
            -51.94783978439544,
            -23.31675439033751
          ],
          [
            -51.947546573211405,
            -23.316515417410336
          ],
          [
            -51.94727762015618,
            -23.31625324872271
          ],
          [
            -51.947035293038205,
            -23.315969786528203
          ],
          [
            -51.94670846797803,
            -23.31551993407967
          ],
          [
            -51.94651310764845,
            -23.315206969262796
          ],
          [
            -51.946244811673836,
            -23.314725105534443
          ],
          [
            -51.946004712742095,
            -23.314230686323477
          ],
          [
            -51.94578765937602,
            -23.3137272513535
          ],
          [
            -51.94559413939905,
            -23.31321569166169
          ],
          [
            -51.94548377876156,
            -23.312869162541638
          ],
          [
            -51.945399935224074,
            -23.312516350204472
          ],
          [
            -51.94533808457819,
            -23.312159659063546
          ],
          [
            -51.945233258506555,
            -23.311261703345494
          ],
          [
            -51.94511465224948,
            -23.310396212006772
          ]
        ],
        "type": "LineString"
      }
    },
    {
      "type": "Feature",
      "properties": {
        "name": "Linhas de Projeto veia 11",
        "layer": "Linhas de Projeto veia",
        "classification": "Linhas de Projeto veia",
        "color": "#8c5037",
        "geometry_type": "line",
        "is_selected_area": false
      },
      "geometry": {
        "coordinates": [
          [
            -51.94871214959299,
            -23.31738962322835
          ],
          [
            -51.94827278994472,
            -23.317126777163207
          ],
          [
            -51.947801497185004,
            -23.316804281823202
          ],
          [
            -51.947507782462594,
            -23.31656581383315
          ],
          [
            -51.947238327889245,
            -23.3163040839754
          ],
          [
            -51.946994683799765,
            -23.316021609595076
          ],
          [
            -51.946666436595294,
            -23.31557265303703
          ],
          [
            -51.94646971111469,
            -23.315260434097222
          ],
          [
            -51.94620001125251,
            -23.314779244846587
          ],
          [
            -51.94595812108186,
            -23.314285578171713
          ],
          [
            -51.945739888285495,
            -23.313782580487988
          ],
          [
            -51.94548536514332,
            -23.313099457140492
          ],
          [
            -51.945384957596005,
            -23.31275037309229
          ],
          [
            -51.945280250804196,
            -23.312217330462637
          ],
          [
            -51.945151705334105,
            -23.311140080748054
          ],
          [
            -51.94505467815812,
            -23.31044597185013
          ]
        ],
        "type": "LineString"
      }
    },
    {
      "type": "Feature",
      "properties": {
        "name": "Linhas de Projeto veia 12",
        "layer": "Linhas de Projeto veia",
        "classification": "Linhas de Projeto veia",
        "color": "#8c5037",
        "geometry_type": "line",
        "is_selected_area": false
      },
      "geometry": {
        "coordinates": [
          [
            -51.94865981692623,
            -23.317431282542604
          ],
          [
            -51.94823462162611,
            -23.317176529812695
          ],
          [
            -51.947763209946324,
            -23.316854173300154
          ],
          [
            -51.94746899168489,
            -23.316616210246988
          ],
          [
            -51.94716161979605,
            -23.316316445577783
          ],
          [
            -51.94683924459387,
            -23.31592722925883
          ],
          [
            -51.94662442872333,
            -23.31562535868786
          ],
          [
            -51.946332419559376,
            -23.31515544448044
          ],
          [
            -51.94615528534081,
            -23.314833351127454
          ],
          [
            -51.94591152938368,
            -23.314340470006965
          ],
          [
            -51.94569211715571,
            -23.313837909608818
          ],
          [
            -51.945434872985025,
            -23.313155645823077
          ],
          [
            -51.94533177924482,
            -23.31280723336311
          ],
          [
            -51.94525318030172,
            -23.31245338746439
          ],
          [
            -51.94519611178543,
            -23.312096007279948
          ],
          [
            -51.94509257071363,
            -23.31119790732409
          ],
          [
            -51.94499480804156,
            -23.31049564536793
          ]
        ],
        "type": "LineString"
      }
    },
    {
      "type": "Feature",
      "properties": {
        "name": "Linhas de Projeto veia 13",
        "layer": "Linhas de Projeto veia",
        "classification": "Linhas de Projeto veia",
        "color": "#8c5037",
        "geometry_type": "line",
        "is_selected_area": false
      },
      "geometry": {
        "coordinates": [
          [
            -51.94860748877529,
            -23.317472938219296
          ],
          [
            -51.948196453279444,
            -23.317226282453493
          ],
          [
            -51.94772492267944,
            -23.31690406476839
          ],
          [
            -51.947430410044255,
            -23.31666640398078
          ],
          [
            -51.9471113632217,
            -23.316356006562508
          ],
          [
            -51.94679794015031,
            -23.315979508161895
          ],
          [
            -51.94658242081861,
            -23.315678064328168
          ],
          [
            -51.94628834955886,
            -23.31520924362964
          ],
          [
            -51.94611055939325,
            -23.31488745739639
          ],
          [
            -51.94586493764758,
            -23.314395361829234
          ],
          [
            -51.9456443459867,
            -23.313893238715995
          ],
          [
            -51.94538438078456,
            -23.313211834490392
          ],
          [
            -51.94527860084863,
            -23.31286409361695
          ],
          [
            -51.94519747271533,
            -23.312510739933927
          ],
          [
            -51.94513743476094,
            -23.31215378258434
          ],
          [
            -51.94503340041139,
            -23.311255737568246
          ],
          [
            -51.94493504610889,
            -23.31054613214802
          ]
        ],
        "type": "LineString"
      }
    },
    {
      "type": "Feature",
      "properties": {
        "name": "Linhas de Projeto veia 14",
        "layer": "Linhas de Projeto veia",
        "classification": "Linhas de Projeto veia",
        "color": "#8c5037",
        "geometry_type": "line",
        "is_selected_area": false
      },
      "geometry": {
        "coordinates": [
          [
            -51.94855603965787,
            -23.3175150971399
          ],
          [
            -51.94799797133845,
            -23.317172570270746
          ],
          [
            -51.94768663538432,
            -23.316953956227877
          ],
          [
            -51.9473919381564,
            -23.31671649133323
          ],
          [
            -51.947061106617426,
            -23.316395567531877
          ],
          [
            -51.94675663567482,
            -23.316031787054783
          ],
          [
            -51.94654041288112,
            -23.315730769957938
          ],
          [
            -51.94633952130729,
            -23.31542082853304
          ],
          [
            -51.94606583340983,
            -23.314941563653356
          ],
          [
            -51.94581894947536,
            -23.31445001275586
          ],
          [
            -51.94559657477848,
            -23.313948567809504
          ],
          [
            -51.945396279881905,
            -23.313439237821502
          ],
          [
            -51.94522542240745,
            -23.312920953853823
          ],
          [
            -51.9451417650813,
            -23.312568092384808
          ],
          [
            -51.94507935112524,
            -23.312211484705717
          ],
          [
            -51.944875326975264,
            -23.31059691265059
          ]
        ],
        "type": "LineString"
      }
    },
    {
      "type": "Feature",
      "properties": {
        "name": "Linhas de Projeto veia 15",
        "layer": "Linhas de Projeto veia",
        "classification": "Linhas de Projeto veia",
        "color": "#8c5037",
        "geometry_type": "line",
        "is_selected_area": false
      },
      "geometry": {
        "coordinates": [
          [
            -51.94850548483579,
            -23.317557768737302
          ],
          [
            -51.94795980651198,
            -23.317222318115014
          ],
          [
            -51.94764834806096,
            -23.31700384767864
          ],
          [
            -51.947353466240074,
            -23.316766578676873
          ],
          [
            -51.94701084998316,
            -23.316435128485836
          ],
          [
            -51.94671596726885,
            -23.31608364877178
          ],
          [
            -51.946498404910855,
            -23.315783475577195
          ],
          [
            -51.9462961246361,
            -23.315474293322502
          ],
          [
            -51.94602110739054,
            -23.314995669898384
          ],
          [
            -51.94577296399924,
            -23.314504662579004
          ],
          [
            -51.945548803531025,
            -23.31400389688937
          ],
          [
            -51.94534734496522,
            -23.31349495853492
          ],
          [
            -51.94517357953816,
            -23.312977500442912
          ],
          [
            -51.945086057399664,
            -23.312625444817044
          ],
          [
            -51.9450215172144,
            -23.312269156013336
          ],
          [
            -51.94481577237663,
            -23.310647553185365
          ]
        ],
        "type": "LineString"
      }
    },
    {
      "type": "Feature",
      "properties": {
        "name": "Linhas de Projeto veia 16",
        "layer": "Linhas de Projeto veia",
        "classification": "Linhas de Projeto veia",
        "color": "#8c5037",
        "geometry_type": "line",
        "is_selected_area": false
      },
      "geometry": {
        "coordinates": [
          [
            -51.94845493382477,
            -23.31760043707512
          ],
          [
            -51.947921641657445,
            -23.317272065950633
          ],
          [
            -51.94761006070937,
            -23.31705373912066
          ],
          [
            -51.94731499429527,
            -23.3168166660117
          ],
          [
            -51.94696059331912,
            -23.316474689424606
          ],
          [
            -51.94667535787053,
            -23.316135471760337
          ],
          [
            -51.94645639690785,
            -23.315836181185908
          ],
          [
            -51.94625328473003,
            -23.3155274638927
          ],
          [
            -51.94597638133542,
            -23.31504977613146
          ],
          [
            -51.94572697848588,
            -23.314559312389523
          ],
          [
            -51.94550110171159,
            -23.314059200828908
          ],
          [
            -51.945298410008064,
            -23.313550679233998
          ],
          [
            -51.945121740008645,
            -23.3130340462214
          ],
          [
            -51.945031574601565,
            -23.312682574766125
          ],
          [
            -51.9449636832538,
            -23.31232682730081
          ],
          [
            -51.9447562045803,
            -23.310698204882446
          ]
        ],
        "type": "LineString"
      }
    },
    {
      "type": "Feature",
      "properties": {
        "name": "Linhas de Projeto veia 17",
        "layer": "Linhas de Projeto veia",
        "classification": "Linhas de Projeto veia",
        "color": "#8c5037",
        "geometry_type": "line",
        "is_selected_area": false
      },
      "geometry": {
        "coordinates": [
          [
            -51.94840419213641,
            -23.317642989296818
          ],
          [
            -51.94788347677485,
            -23.317321813777568
          ],
          [
            -51.94757177332957,
            -23.31710363055396
          ],
          [
            -51.94727652232198,
            -23.3168667533377
          ],
          [
            -51.94707324770977,
            -23.316681767444663
          ],
          [
            -51.94675117686037,
            -23.316332441268
          ],
          [
            -51.94652255565918,
            -23.316039361777104
          ],
          [
            -51.94621057680779,
            -23.31558056469509
          ],
          [
            -51.94593165524442,
            -23.315103882352577
          ],
          [
            -51.94568099293524,
            -23.31461396218739
          ],
          [
            -51.94545391580183,
            -23.314114318133576
          ],
          [
            -51.94524947501041,
            -23.31360639991874
          ],
          [
            -51.94506990043554,
            -23.31309059198376
          ],
          [
            -51.94497709619255,
            -23.312739703891847
          ],
          [
            -51.94490663079972,
            -23.312384389438122
          ],
          [
            -51.944696667997974,
            -23.3107488299777
          ]
        ],
        "type": "LineString"
      }
    },
    {
      "type": "Feature",
      "properties": {
        "name": "Linhas de Projeto veia 18",
        "layer": "Linhas de Projeto veia",
        "classification": "Linhas de Projeto veia",
        "color": "#8c5037",
        "geometry_type": "line",
        "is_selected_area": false
      },
      "geometry": {
        "coordinates": [
          [
            -51.94835334479092,
            -23.317685474627762
          ],
          [
            -51.94784531186421,
            -23.317371561595824
          ],
          [
            -51.94753348592154,
            -23.317153521978522
          ],
          [
            -51.94723805032022,
            -23.316916840654894
          ],
          [
            -51.94702531453864,
            -23.316723717659258
          ],
          [
            -51.94671123640144,
            -23.316383786457227
          ],
          [
            -51.94648125105561,
            -23.316091640601144
          ],
          [
            -51.946167868851965,
            -23.3156336654866
          ],
          [
            -51.94588710647607,
            -23.315157905511906
          ],
          [
            -51.9455560431439,
            -23.3145033493017
          ],
          [
            -51.94533565875631,
            -23.314001148418498
          ],
          [
            -51.94513659146778,
            -23.313491408908863
          ],
          [
            -51.9449673303135,
            -23.312972682642165
          ],
          [
            -51.944883594723166,
            -23.31261983414605
          ],
          [
            -51.944820617456095,
            -23.312263309926962
          ],
          [
            -51.94463724722625,
            -23.310799356537245
          ]
        ],
        "type": "LineString"
      }
    },
    {
      "type": "Feature",
      "properties": {
        "name": "Linhas de Projeto veia 19",
        "layer": "Linhas de Projeto veia",
        "classification": "Linhas de Projeto veia",
        "color": "#8c5037",
        "geometry_type": "line",
        "is_selected_area": false
      },
      "geometry": {
        "coordinates": [
          [
            -51.94830250137317,
            -23.317727956634116
          ],
          [
            -51.9478071469255,
            -23.3174213094054
          ],
          [
            -51.94749519848527,
            -23.31720341339434
          ],
          [
            -51.94715241038633,
            -23.316927369781627
          ],
          [
            -51.946977381337454,
            -23.316765667860047
          ],
          [
            -51.946671295912175,
            -23.31643513163695
          ],
          [
            -51.94633037270221,
            -23.315994297948908
          ],
          [
            -51.946125160862586,
            -23.315686766267223
          ],
          [
            -51.94584303629077,
            -23.31521170454173
          ],
          [
            -51.94558902172219,
            -23.314723261745215
          ],
          [
            -51.945287887379855,
            -23.314056477422596
          ],
          [
            -51.94508747523279,
            -23.313547186215484
          ],
          [
            -51.944915219453144,
            -23.313029292048242
          ],
          [
            -51.94482800881565,
            -23.312677164350234
          ],
          [
            -51.944762783408414,
            -23.312320981143085
          ],
          [
            -51.94457782053685,
            -23.310849888069
          ]
        ],
        "type": "LineString"
      }
    },
    {
      "type": "Feature",
      "properties": {
        "name": "Linhas de Projeto veia 20",
        "layer": "Linhas de Projeto veia",
        "classification": "Linhas de Projeto veia",
        "color": "#8c5037",
        "geometry_type": "line",
        "is_selected_area": false
      },
      "geometry": {
        "coordinates": [
          [
            -51.9482517924069,
            -23.317770444060503
          ],
          [
            -51.94776898195874,
            -23.317471057206287
          ],
          [
            -51.94745691102077,
            -23.317253304801447
          ],
          [
            -51.94710685158575,
            -23.316971513652927
          ],
          [
            -51.946754328181946,
            -23.316626949426016
          ],
          [
            -51.946398641752594,
            -23.316196198218677
          ],
          [
            -51.94618378361748,
            -23.315894352990593
          ],
          [
            -51.94588959421265,
            -23.31542558011821
          ],
          [
            -51.94571103677839,
            -23.315104158140095
          ],
          [
            -51.945463813847816,
            -23.314612751769445
          ],
          [
            -51.94524011596417,
            -23.314111806413045
          ],
          [
            -51.94503854014592,
            -23.31360290683721
          ],
          [
            -51.94486337979183,
            -23.313085837745128
          ],
          [
            -51.944773530319054,
            -23.312734293408006
          ],
          [
            -51.94470504857045,
            -23.31237863847946
          ],
          [
            -51.94451829436848,
            -23.31089931836255
          ]
        ],
        "type": "LineString"
      }
    },
    {
      "type": "Feature",
      "properties": {
        "name": "Linhas de Projeto veia 21",
        "layer": "Linhas de Projeto veia",
        "classification": "Linhas de Projeto veia",
        "color": "#8c5037",
        "geometry_type": "line",
        "is_selected_area": false
      },
      "geometry": {
        "coordinates": [
          [
            -51.9482011986967,
            -23.317812866778738
          ],
          [
            -51.94773081696392,
            -23.31752080499852
          ],
          [
            -51.94741862352805,
            -23.317303196199802
          ],
          [
            -51.94706129275513,
            -23.31701565751173
          ],
          [
            -51.94671470659591,
            -23.316678043543718
          ],
          [
            -51.94635733705317,
            -23.316248477012195
          ],
          [
            -51.946141775453995,
            -23.315947058519438
          ],
          [
            -51.94594097050685,
            -23.31563706333993
          ],
          [
            -51.945666310559744,
            -23.31515826428922
          ],
          [
            -51.94541782816909,
            -23.314667401493836
          ],
          [
            -51.945192356370235,
            -23.314167131099694
          ],
          [
            -51.94498960501854,
            -23.313658627444614
          ],
          [
            -51.94481154008692,
            -23.31314238342588
          ],
          [
            -51.94471905177611,
            -23.312791422447933
          ],
          [
            -51.944648212682,
            -23.312436170268512
          ],
          [
            -51.944458708488675,
            -23.31094753570783
          ]
        ],
        "type": "LineString"
      }
    },
    {
      "type": "Feature",
      "properties": {
        "name": "Linhas de Projeto veia 22",
        "layer": "Linhas de Projeto veia",
        "classification": "Linhas de Projeto veia",
        "color": "#8c5037",
        "geometry_type": "line",
        "is_selected_area": false
      },
      "geometry": {
        "coordinates": [
          [
            -51.9481506098773,
            -23.317855285353538
          ],
          [
            -51.94769265194104,
            -23.317570552782055
          ],
          [
            -51.947380336007086,
            -23.31735308758944
          ],
          [
            -51.94701573389455,
            -23.31705980135811
          ],
          [
            -51.94667541399078,
            -23.316728878663607
          ],
          [
            -51.9463160323218,
            -23.316300755795524
          ],
          [
            -51.94609976725774,
            -23.31599976403775
          ],
          [
            -51.94589757360511,
            -23.31569052802506
          ],
          [
            -51.945621584305236,
            -23.315212370426387
          ],
          [
            -51.94537184245309,
            -23.314722051205596
          ],
          [
            -51.94514517029323,
            -23.314222248316046
          ],
          [
            -51.94494066985069,
            -23.313714348037657
          ],
          [
            -51.94475970033841,
            -23.313198929090525
          ],
          [
            -51.94466457318681,
            -23.312848551470022
          ],
          [
            -51.94456188357077,
            -23.312315134727264
          ],
          [
            -51.94439911467761,
            -23.310995756848524
          ]
        ],
        "type": "LineString"
      }
    },
    {
      "type": "Feature",
      "properties": {
        "name": "Linhas de Projeto veia 23",
        "layer": "Linhas de Projeto veia",
        "classification": "Linhas de Projeto veia",
        "color": "#8c5037",
        "geometry_type": "line",
        "is_selected_area": false
      },
      "geometry": {
        "coordinates": [
          [
            -51.948099333658156,
            -23.31789728626634
          ],
          [
            -51.947654486890094,
            -23.317620300556932
          ],
          [
            -51.947342048457905,
            -23.31740297897033
          ],
          [
            -51.94697017500384,
            -23.3171039451919
          ],
          [
            -51.94663612135612,
            -23.31677971377431
          ],
          [
            -51.94627481216624,
            -23.316352979082005
          ],
          [
            -51.94605775902873,
            -23.316052469545518
          ],
          [
            -51.94585486080167,
            -23.315743631212058
          ],
          [
            -51.94557685801486,
            -23.315266476551617
          ],
          [
            -51.94524714812118,
            -23.31461133618013
          ],
          [
            -51.94502697100759,
            -23.314109057527766
          ],
          [
            -51.94482762031448,
            -23.313599408769598
          ],
          [
            -51.94465685915242,
            -23.313081083233854
          ],
          [
            -51.94456996445192,
            -23.312728882659194
          ],
          [
            -51.94450404938627,
            -23.312372805851926
          ],
          [
            -51.94433937801576,
            -23.3110439293419
          ]
        ],
        "type": "LineString"
      }
    },
    {
      "type": "Feature",
      "properties": {
        "name": "Linhas de Projeto veia 24",
        "layer": "Linhas de Projeto veia",
        "classification": "Linhas de Projeto veia",
        "color": "#8c5037",
        "geometry_type": "line",
        "is_selected_area": false
      },
      "geometry": {
        "coordinates": [
          [
            -51.948048007291334,
            -23.31793924975114
          ],
          [
            -51.9476163218111,
            -23.31767004832313
          ],
          [
            -51.947153461234066,
            -23.317337270811933
          ],
          [
            -51.94692461608309,
            -23.31714808901317
          ],
          [
            -51.94655853892914,
            -23.316791176381813
          ],
          [
            -51.94623420251466,
            -23.31640480196274
          ],
          [
            -51.94601575076695,
            -23.31610517504278
          ],
          [
            -51.9458121526512,
            -23.315796731911853
          ],
          [
            -51.945532238971595,
            -23.31532053242894
          ],
          [
            -51.94520064898323,
            -23.314666190713954
          ],
          [
            -51.944979199462914,
            -23.31416438644245
          ],
          [
            -51.94477867006499,
            -23.313655134015796
          ],
          [
            -51.944605019359294,
            -23.31313762884912
          ],
          [
            -51.9445154858214,
            -23.31278601163117
          ],
          [
            -51.94444663037296,
            -23.31243041897968
          ],
          [
            -51.944279666669196,
            -23.311092081364208
          ]
        ],
        "type": "LineString"
      }
    },
    {
      "type": "Feature",
      "properties": {
        "name": "Linhas de Projeto veia 25",
        "layer": "Linhas de Projeto veia",
        "classification": "Linhas de Projeto veia",
        "color": "#8c5037",
        "geometry_type": "line",
        "is_selected_area": false
      },
      "geometry": {
        "coordinates": [
          [
            -51.947996715353234,
            -23.31798122632943
          ],
          [
            -51.947578156704054,
            -23.31771979608064
          ],
          [
            -51.94711517360236,
            -23.31738716214012
          ],
          [
            -51.946879057132286,
            -23.317192232821938
          ],
          [
            -51.9465082819957,
            -23.316830737182347
          ],
          [
            -51.946193592831946,
            -23.31645662483365
          ],
          [
            -51.94597374247242,
            -23.316157880529506
          ],
          [
            -51.94576944446717,
            -23.31584983260076
          ],
          [
            -51.94548816858851,
            -23.315374331364307
          ],
          [
            -51.945233885081535,
            -23.314886000264984
          ],
          [
            -51.94493142787901,
            -23.314219715343487
          ],
          [
            -51.94472973480791,
            -23.313710854545842
          ],
          [
            -51.94455317952258,
            -23.31319417444827
          ],
          [
            -51.94446100714452,
            -23.312843140585315
          ],
          [
            -51.944389794348545,
            -23.312487950679
          ],
          [
            -51.944335879477784,
            -23.3121301453995
          ],
          [
            -51.944219920538266,
            -23.311140261380537
          ]
        ],
        "type": "LineString"
      }
    },
    {
      "type": "Feature",
      "properties": {
        "name": "Linhas de Projeto veia 26",
        "layer": "Linhas de Projeto veia",
        "classification": "Linhas de Projeto veia",
        "color": "#8c5037",
        "geometry_type": "line",
        "is_selected_area": false
      },
      "geometry": {
        "coordinates": [
          [
            -51.947945800896186,
            -23.318023421234205
          ],
          [
            -51.94753999156894,
            -23.317769543829467
          ],
          [
            -51.947076885942444,
            -23.317437053459567
          ],
          [
            -51.94683349815144,
            -23.317236376618197
          ],
          [
            -51.946458025032385,
            -23.316870297967604
          ],
          [
            -51.94615298311812,
            -23.31650844769471
          ],
          [
            -51.945931734145105,
            -23.316210586005692
          ],
          [
            -51.94572673624956,
            -23.315902933278785
          ],
          [
            -51.94544409817032,
            -23.31542813028805
          ],
          [
            -51.94518813564994,
            -23.314940550620452
          ],
          [
            -51.944883656255875,
            -23.314275044230847
          ],
          [
            -51.94468079951033,
            -23.313766575061525
          ],
          [
            -51.94450133964227,
            -23.313250720031302
          ],
          [
            -51.94440652842128,
            -23.312900269521634
          ],
          [
            -51.94430314946928,
            -23.312366959106633
          ],
          [
            -51.94416000133405,
            -23.3111885809085
          ]
        ],
        "type": "LineString"
      }
    },
    {
      "type": "Feature",
      "properties": {
        "name": "Linhas de Projeto veia 27",
        "layer": "Linhas de Projeto veia",
        "classification": "Linhas de Projeto veia",
        "color": "#8c5037",
        "geometry_type": "line",
        "is_selected_area": false
      },
      "geometry": {
        "coordinates": [
          [
            -51.947894891497555,
            -23.31806561190441
          ],
          [
            -51.94750182640576,
            -23.317819291569638
          ],
          [
            -51.94703859825429,
            -23.317486944770277
          ],
          [
            -51.9467488435024,
            -23.317244401572758
          ],
          [
            -51.94640776803916,
            -23.316909858737525
          ],
          [
            -51.94611237337316,
            -23.31656027054595
          ],
          [
            -51.94588972578504,
            -23.316263291471376
          ],
          [
            -51.94558581548935,
            -23.315799832577376
          ],
          [
            -51.945400027717,
            -23.315481929200203
          ],
          [
            -51.94514277106914,
            -23.314994939304754
          ],
          [
            -51.94490923932934,
            -23.314497834198097
          ],
          [
            -51.944631864172266,
            -23.313822295562897
          ],
          [
            -51.9444498198285,
            -23.313307180731854
          ],
          [
            -51.94435258952318,
            -23.312957286736882
          ],
          [
            -51.94424531514794,
            -23.312424630139805
          ],
          [
            -51.94410003246619,
            -23.31123700987437
          ]
        ],
        "type": "LineString"
      }
    },
    {
      "type": "Feature",
      "properties": {
        "name": "Linhas de Projeto veia 28",
        "layer": "Linhas de Projeto veia",
        "classification": "Linhas de Projeto veia",
        "color": "#8c5037",
        "geometry_type": "line",
        "is_selected_area": false
      },
      "geometry": {
        "coordinates": [
          [
            -51.94784384788018,
            -23.31810771494902
          ],
          [
            -51.94730581924546,
            -23.31776238064275
          ],
          [
            -51.94694068733924,
            -23.317490978132707
          ],
          [
            -51.94657176944044,
            -23.317167043838484
          ],
          [
            -51.94635751101601,
            -23.316949419492108
          ],
          [
            -51.94607176359709,
            -23.316612093387352
          ],
          [
            -51.94584787120934,
            -23.31631590360695
          ],
          [
            -51.94554241839145,
            -23.31585329716943
          ],
          [
            -51.94535595722856,
            -23.315535728100755
          ],
          [
            -51.945097406451765,
            -23.31504932797675
          ],
          [
            -51.94486231814585,
            -23.31455285065792
          ],
          [
            -51.944582928793714,
            -23.313878016049916
          ],
          [
            -51.94439932714706,
            -23.313363369096116
          ],
          [
            -51.94429941064054,
            -23.31301414667293
          ],
          [
            -51.94418821195975,
            -23.31248219906001
          ],
          [
            -51.94404005039456,
            -23.31128615977954
          ]
        ],
        "type": "LineString"
      }
    },
    {
      "type": "Feature",
      "properties": {
        "name": "Linhas de Projeto veia 29",
        "layer": "Linhas de Projeto veia",
        "classification": "Linhas de Projeto veia",
        "color": "#8c5037",
        "geometry_type": "line",
        "is_selected_area": false
      },
      "geometry": {
        "coordinates": [
          [
            -51.94779229571134,
            -23.31814950601059
          ],
          [
            -51.9472676228415,
            -23.317812166856324
          ],
          [
            -51.946897355714746,
            -23.317536990021864
          ],
          [
            -51.9464980476671,
            -23.317185169102945
          ],
          [
            -51.94630725396295,
            -23.316988980231336
          ],
          [
            -51.94603115378988,
            -23.316663916218914
          ],
          [
            -51.94580656625373,
            -23.31636818226274
          ],
          [
            -51.945499143904314,
            -23.31590669694656
          ],
          [
            -51.94522205989894,
            -23.315429069972215
          ],
          [
            -51.94489166030645,
            -23.31477421401215
          ],
          [
            -51.94467051102765,
            -23.314272294869074
          ],
          [
            -51.944469864378505,
            -23.313763081222415
          ],
          [
            -51.94429481874254,
            -23.313245965050932
          ],
          [
            -51.94420296229779,
            -23.312894858303995
          ],
          [
            -51.94413137579939,
            -23.312539730669567
          ],
          [
            -51.94407681316683,
            -23.31218201038374
          ],
          [
            -51.943979857377165,
            -23.311335482477368
          ]
        ],
        "type": "LineString"
      }
    },
    {
      "type": "Feature",
      "properties": {
        "name": "Linhas de Projeto veia 30",
        "layer": "Linhas de Projeto veia",
        "classification": "Linhas de Projeto veia",
        "color": "#8c5037",
        "geometry_type": "line",
        "is_selected_area": false
      },
      "geometry": {
        "coordinates": [
          [
            -51.947740748928176,
            -23.31819129266384
          ],
          [
            -51.94722942640943,
            -23.31786195306124
          ],
          [
            -51.94685402406045,
            -23.31758300189965
          ],
          [
            -51.946450114134294,
            -23.31722711915081
          ],
          [
            -51.946231948529196,
            -23.31699992798626
          ],
          [
            -51.945875427168765,
            -23.31656972334625
          ],
          [
            -51.94565911983404,
            -23.316268756927307
          ],
          [
            -51.9454564355592,
            -23.315959797554633
          ],
          [
            -51.94517737058042,
            -23.315483158567254
          ],
          [
            -51.94492473358334,
            -23.31499408842981
          ],
          [
            -51.94462273927553,
            -23.314327623680676
          ],
          [
            -51.94442092895122,
            -23.313818801660766
          ],
          [
            -51.94424297873042,
            -23.31330251055236
          ],
          [
            -51.94414848344061,
            -23.31295198715453
          ],
          [
            -51.944044415151616,
            -23.312418783065066
          ],
          [
            -51.943919360414185,
            -23.311383554117974
          ]
        ],
        "type": "LineString"
      }
    },
    {
      "type": "Feature",
      "properties": {
        "name": "Linhas de Projeto veia 31",
        "layer": "Linhas de Projeto veia",
        "classification": "Linhas de Projeto veia",
        "color": "#8c5037",
        "geometry_type": "line",
        "is_selected_area": false
      },
      "geometry": {
        "coordinates": [
          [
            -51.94768920752973,
            -23.318233074909582
          ],
          [
            -51.94719122994927,
            -23.317911739257433
          ],
          [
            -51.94681069237645,
            -23.317629013766155
          ],
          [
            -51.94640218057126,
            -23.317269069184718
          ],
          [
            -51.94619200767609,
            -23.317051273051867
          ],
          [
            -51.945834122149584,
            -23.31662200200984
          ],
          [
            -51.945617111346266,
            -23.31632146232362
          ],
          [
            -51.9454137271805,
            -23.31601289815183
          ],
          [
            -51.94513329999957,
            -23.315536957408124
          ],
          [
            -51.944878747552934,
            -23.315048738004855
          ],
          [
            -51.94457496748417,
            -23.314382952478624
          ],
          [
            -51.94437199348345,
            -23.31387452208477
          ],
          [
            -51.94419113867472,
            -23.31335905603767
          ],
          [
            -51.944094496966905,
            -23.31300901410089
          ],
          [
            -51.94398662957839,
            -23.31247644718117
          ],
          [
            -51.94385864616475,
            -23.311431010413326
          ]
        ],
        "type": "LineString"
      }
    },
    {
      "type": "Feature",
      "properties": {
        "name": "Linhas de Projeto veia 32",
        "layer": "Linhas de Projeto veia",
        "classification": "Linhas de Projeto veia",
        "color": "#8c5037",
        "geometry_type": "line",
        "is_selected_area": false
      },
      "geometry": {
        "coordinates": [
          [
            -51.94763767151498,
            -23.31827485274865
          ],
          [
            -51.94699817947673,
            -23.317851171374294
          ],
          [
            -51.94669943930543,
            -23.317618062169622
          ],
          [
            -51.946354246978174,
            -23.31731101920479
          ],
          [
            -51.94615206679266,
            -23.317102618107967
          ],
          [
            -51.94579304535408,
            -23.31667413097215
          ],
          [
            -51.945470522401145,
            -23.31622151669649
          ],
          [
            -51.94517967492358,
            -23.315750923586968
          ],
          [
            -51.944915947616515,
            -23.315266882541753
          ],
          [
            -51.94460049246592,
            -23.31460576334553
          ],
          [
            -51.944323057975176,
            -23.313930242494433
          ],
          [
            -51.94414044014576,
            -23.313415298860775
          ],
          [
            -51.94404131795141,
            -23.31306587395324
          ],
          [
            -51.94392979333083,
            -23.31253397872042
          ],
          [
            -51.94387642428681,
            -23.312176100116485
          ],
          [
            -51.94379778681295,
            -23.311478767427175
          ]
        ],
        "type": "LineString"
      }
    },
    {
      "type": "Feature",
      "properties": {
        "name": "Linhas de Projeto veia 33",
        "layer": "Linhas de Projeto veia",
        "classification": "Linhas de Projeto veia",
        "color": "#8c5037",
        "geometry_type": "line",
        "is_selected_area": false
      },
      "geometry": {
        "coordinates": [
          [
            -51.947586276917654,
            -23.318316515905035
          ],
          [
            -51.946959982931176,
            -23.31790095751692
          ],
          [
            -51.946724028919405,
            -23.317721037465365
          ],
          [
            -51.946306313354846,
            -23.31735296921089
          ],
          [
            -51.9461124964884,
            -23.317153671423938
          ],
          [
            -51.945752435418115,
            -23.316725953735226
          ],
          [
            -51.945428513851205,
            -23.31627422204449
          ],
          [
            -51.945135887009805,
            -23.315804582040833
          ],
          [
            -51.94487058281628,
            -23.31532127115225
          ],
          [
            -51.94455342239752,
            -23.31466083619028
          ],
          [
            -51.94427412242641,
            -23.313985962889753
          ],
          [
            -51.94408994729135,
            -23.313471487130162
          ],
          [
            -51.943988138890894,
            -23.313122733788617
          ],
          [
            -51.943872957034515,
            -23.31259151024023
          ],
          [
            -51.94381774663927,
            -23.312233874945967
          ],
          [
            -51.9437369673919,
            -23.311527255923885
          ]
        ],
        "type": "LineString"
      }
    },
    {
      "type": "Feature",
      "properties": {
        "name": "Linhas de Projeto veia 34",
        "layer": "Linhas de Projeto veia",
        "classification": "Linhas de Projeto veia",
        "color": "#8c5037",
        "geometry_type": "line",
        "is_selected_area": false
      },
      "geometry": {
        "coordinates": [
          [
            -51.94753494770944,
            -23.31835812601155
          ],
          [
            -51.94707664040016,
            -23.318061097793883
          ],
          [
            -51.94668069714635,
            -23.317767049298062
          ],
          [
            -51.94625837970144,
            -23.317394919203153
          ],
          [
            -51.946073203515546,
            -23.317204506401843
          ],
          [
            -51.94582810428699,
            -23.316923030229272
          ],
          [
            -51.945491085686356,
            -23.31647957844937
          ],
          [
            -51.94518726228957,
            -23.316016065533766
          ],
          [
            -51.94500108804632,
            -23.315698353861116
          ],
          [
            -51.944742507017125,
            -23.315211965167574
          ],
          [
            -51.94450682998163,
            -23.31471572762842
          ],
          [
            -51.9442254857308,
            -23.314041585095286
          ],
          [
            -51.9440394543948,
            -23.313527675384275
          ],
          [
            -51.94393495978539,
            -23.313179593607014
          ],
          [
            -51.943816120689426,
            -23.312649041740617
          ],
          [
            -51.94373562677247,
            -23.31211231412467
          ],
          [
            -51.943675947824374,
            -23.31157590392997
          ]
        ],
        "type": "LineString"
      }
    },
    {
      "type": "Feature",
      "properties": {
        "name": "Linhas de Projeto veia 35",
        "layer": "Linhas de Projeto veia",
        "classification": "Linhas de Projeto veia",
        "color": "#8c5037",
        "geometry_type": "line",
        "is_selected_area": false
      },
      "geometry": {
        "coordinates": [
          [
            -51.94748362295497,
            -23.318399732465608
          ],
          [
            -51.94703844382758,
            -23.318110883955324
          ],
          [
            -51.946672402362765,
            -23.317838510824014
          ]
        ],
        "type": "LineString"
      }
    },
    {
      "type": "Feature",
      "properties": {
        "name": "Linhas de Projeto veia 36",
        "layer": "Linhas de Projeto veia",
        "classification": "Linhas de Projeto veia",
        "color": "#8c5037",
        "geometry_type": "line",
        "is_selected_area": false
      },
      "geometry": {
        "coordinates": [
          [
            -51.945660846503124,
            -23.31681597933097
          ],
          [
            -51.94544907706752,
            -23.316532283803568
          ],
          [
            -51.945242893330025,
            -23.316225300431714
          ],
          [
            -51.94486726089669,
            -23.315591662614384
          ],
          [
            -51.9445363602737,
            -23.314937015770614
          ],
          [
            -51.944177132663924,
            -23.314097114112084
          ],
          [
            -51.94393277741537,
            -23.31341084605738
          ],
          [
            -51.94379583006992,
            -23.312884035073875
          ],
          [
            -51.94370044976474,
            -23.31234941732215
          ],
          [
            -51.94361507929712,
            -23.311626072964323
          ]
        ],
        "type": "LineString"
      }
    },
    {
      "type": "Feature",
      "properties": {
        "name": "Linhas de Projeto veia 37",
        "layer": "Linhas de Projeto veia",
        "classification": "Linhas de Projeto veia",
        "color": "#8c5037",
        "geometry_type": "line",
        "is_selected_area": false
      },
      "geometry": {
        "coordinates": [
          [
            -51.94743230265358,
            -23.318441335267764
          ],
          [
            -51.94697137123581,
            -23.318140092136357
          ]
        ],
        "type": "LineString"
      }
    },
    {
      "type": "Feature",
      "properties": {
        "name": "Linhas de Projeto veia 38",
        "layer": "Linhas de Projeto veia",
        "classification": "Linhas de Projeto veia",
        "color": "#8c5037",
        "geometry_type": "line",
        "is_selected_area": false
      },
      "geometry": {
        "coordinates": [
          [
            -51.94534502228286,
            -23.31649425845529
          ],
          [
            -51.9450056950544,
            -23.31596497542713
          ],
          [
            -51.94465177727064,
            -23.315320742280008
          ],
          [
            -51.94433893168847,
            -23.314658574926362
          ],
          [
            -51.944063186937875,
            -23.3139824685143
          ],
          [
            -51.94388155292772,
            -23.313467228203997
          ],
          [
            -51.943741351037566,
            -23.312941163788484
          ],
          [
            -51.94364261518219,
            -23.312407088141267
          ],
          [
            -51.9435541610752,
            -23.31167678379209
          ]
        ],
        "type": "LineString"
      }
    },
    {
      "type": "Feature",
      "properties": {
        "name": "Linhas de Projeto veia 39",
        "layer": "Linhas de Projeto veia",
        "classification": "Linhas de Projeto veia",
        "color": "#8c5037",
        "geometry_type": "line",
        "is_selected_area": false
      },
      "geometry": {
        "coordinates": [
          [
            -51.94738098680465,
            -23.31848293441855
          ],
          [
            -51.947187780288154,
            -23.3183604702496
          ]
        ],
        "type": "LineString"
      }
    },
    {
      "type": "Feature",
      "properties": {
        "name": "Linhas de Projeto veia 40",
        "layer": "Linhas de Projeto veia",
        "classification": "Linhas de Projeto veia",
        "color": "#8c5037",
        "geometry_type": "line",
        "is_selected_area": false
      },
      "geometry": {
        "coordinates": [
          [
            -51.94510774008256,
            -23.31625372832754
          ],
          [
            -51.94510774008256,
            -23.31625372832754
          ]
        ],
        "type": "LineString"
      }
    },
    {
      "type": "Feature",
      "properties": {
        "name": "Linhas de Projeto veia 41",
        "layer": "Linhas de Projeto veia",
        "classification": "Linhas de Projeto veia",
        "color": "#8c5037",
        "geometry_type": "line",
        "is_selected_area": false
      },
      "geometry": {
        "coordinates": [
          [
            -51.94510774008256,
            -23.31625372832754
          ],
          [
            -51.944778430523925,
            -23.315699582673187
          ],
          [
            -51.944444387886826,
            -23.315046314690008
          ],
          [
            -51.9441486766617,
            -23.31437745263607
          ],
          [
            -51.94388889089794,
            -23.31369597189647
          ],
          [
            -51.94377809653532,
            -23.31334954499706
          ],
          [
            -51.943648448146185,
            -23.312821184741694
          ],
          [
            -51.94355867989509,
            -23.312285739086157
          ],
          [
            -51.943493281455176,
            -23.311727866518947
          ]
        ],
        "type": "LineString"
      }
    },
    {
      "type": "Feature",
      "properties": {
        "name": "Linhas de Projeto veia 42",
        "layer": "Linhas de Projeto veia",
        "classification": "Linhas de Projeto veia",
        "color": "#8c5037",
        "geometry_type": "line",
        "is_selected_area": false
      },
      "geometry": {
        "coordinates": [
          [
            -51.94490078236612,
            -23.31604141329755
          ],
          [
            -51.94456104737786,
            -23.315429519343226
          ],
          [
            -51.94432045993872,
            -23.314935293251104
          ],
          [
            -51.94403207322411,
            -23.314263701078488
          ],
          [
            -51.94383936426931,
            -23.313751876995337
          ],
          [
            -51.9436768666153,
            -23.313231320301067
          ],
          [
            -51.943592739702275,
            -23.312878536665625
          ],
          [
            -51.943500002059366,
            -23.312343513801927
          ],
          [
            -51.94343249487418,
            -23.311779527494842
          ]
        ],
        "type": "LineString"
      }
    },
    {
      "type": "Feature",
      "properties": {
        "name": "Linhas de Projeto veia 43",
        "layer": "Linhas de Projeto veia",
        "classification": "Linhas de Projeto veia",
        "color": "#8c5037",
        "geometry_type": "line",
        "is_selected_area": false
      },
      "geometry": {
        "coordinates": [
          [
            -51.94471808745003,
            -23.315856408126752
          ],
          [
            -51.94443297171506,
            -23.315320213102186
          ],
          [
            -51.94419793354795,
            -23.314823712479512
          ],
          [
            -51.94391677440367,
            -23.314149499807254
          ],
          [
            -51.943730073845686,
            -23.313635792727542
          ],
          [
            -51.94362368733193,
            -23.313288180018795
          ],
          [
            -51.943501693645906,
            -23.312758220347934
          ],
          [
            -51.94344171520909,
            -23.312401240292207
          ],
          [
            -51.9433717316574,
            -23.311831168551702
          ]
        ],
        "type": "LineString"
      }
    },
    {
      "type": "Feature",
      "properties": {
        "name": "Linhas de Projeto veia 44",
        "layer": "Linhas de Projeto veia",
        "classification": "Linhas de Projeto veia",
        "color": "#8c5037",
        "geometry_type": "line",
        "is_selected_area": false
      },
      "geometry": {
        "coordinates": [
          [
            -51.944548327679385,
            -23.31568353875092
          ],
          [
            -51.944548327679385,
            -23.31568353875092
          ]
        ],
        "type": "LineString"
      }
    },
    {
      "type": "Feature",
      "properties": {
        "name": "Linhas de Projeto veia 45",
        "layer": "Linhas de Projeto veia",
        "classification": "Linhas de Projeto veia",
        "color": "#8c5037",
        "geometry_type": "line",
        "is_selected_area": false
      },
      "geometry": {
        "coordinates": [
          [
            -51.944548327679385,
            -23.31568353875092
          ],
          [
            -51.944227274689666,
            -23.315045075984553
          ],
          [
            -51.944005360513636,
            -23.3145434385753
          ],
          [
            -51.94380331568182,
            -23.314034694109534
          ],
          [
            -51.943622665492995,
            -23.313519157125775
          ],
          [
            -51.94352513192746,
            -23.31316932725728
          ],
          [
            -51.94344598516225,
            -23.312815572221343
          ],
          [
            -51.943383880489726,
            -23.31245891101984
          ],
          [
            -51.94331095389502,
            -23.311882821908064
          ]
        ],
        "type": "LineString"
      }
    },
    {
      "type": "Feature",
      "properties": {
        "name": "Linhas de Projeto veia 46",
        "layer": "Linhas de Projeto veia",
        "classification": "Linhas de Projeto veia",
        "color": "#8c5037",
        "geometry_type": "line",
        "is_selected_area": false
      },
      "geometry": {
        "coordinates": [
          [
            -51.94438858643531,
            -23.315519278788404
          ],
          [
            -51.94418122170226,
            -23.315099751960815
          ],
          [
            -51.943957588385835,
            -23.31459876719439
          ],
          [
            -51.94375437987364,
            -23.314090414350126
          ],
          [
            -51.943572172377024,
            -23.313575345235964
          ],
          [
            -51.94347195260123,
            -23.31322618692525
          ],
          [
            -51.94339027663098,
            -23.3128729240761
          ],
          [
            -51.94332604572059,
            -23.312516581727333
          ],
          [
            -51.94325033423805,
            -23.31193434083282
          ]
        ],
        "type": "LineString"
      }
    },
    {
      "type": "Feature",
      "properties": {
        "name": "Linhas de Projeto veia 47",
        "layer": "Linhas de Projeto veia",
        "classification": "Linhas de Projeto veia",
        "color": "#8c5037",
        "geometry_type": "line",
        "is_selected_area": false
      },
      "geometry": {
        "coordinates": [
          [
            -51.94423903799156,
            -23.315368419908665
          ],
          [
            -51.94423903799156,
            -23.315368419908665
          ]
        ],
        "type": "LineString"
      }
    },
    {
      "type": "Feature",
      "properties": {
        "name": "Linhas de Projeto veia 48",
        "layer": "Linhas de Projeto veia",
        "classification": "Linhas de Projeto veia",
        "color": "#8c5037",
        "geometry_type": "line",
        "is_selected_area": false
      },
      "geometry": {
        "coordinates": [
          [
            -51.94423903799156,
            -23.315368419908665
          ],
          [
            -51.943839987007976,
            -23.31448535946177
          ],
          [
            -51.94352167921889,
            -23.313631533330902
          ],
          [
            -51.94341877323,
            -23.31328304657626
          ],
          [
            -51.943334568052094,
            -23.312930275912198
          ],
          [
            -51.943268210901685,
            -23.312574252414706
          ],
          [
            -51.94318961245812,
            -23.311984703099807
          ]
        ],
        "type": "LineString"
      }
    },
    {
      "type": "Feature",
      "properties": {
        "name": "Linhas de Projeto veia 49",
        "layer": "Linhas de Projeto veia",
        "classification": "Linhas de Projeto veia",
        "color": "#8c5037",
        "geometry_type": "line",
        "is_selected_area": false
      },
      "geometry": {
        "coordinates": [
          [
            -51.94409668671683,
            -23.31522447954086
          ],
          [
            -51.943723361220165,
            -23.31437161542826
          ],
          [
            -51.94353039137621,
            -23.313859874348815
          ],
          [
            -51.94341605424955,
            -23.313514424837557
          ],
          [
            -51.943320218006754,
            -23.313164193679732
          ],
          [
            -51.94324352218534,
            -23.31280995943888
          ],
          [
            -51.943128811872064,
            -23.31203443702458
          ]
        ],
        "type": "LineString"
      }
    },
    {
      "type": "Feature",
      "properties": {
        "name": "Linhas de Projeto veia 50",
        "layer": "Linhas de Projeto veia",
        "classification": "Linhas de Projeto veia",
        "color": "#8c5037",
        "geometry_type": "line",
        "is_selected_area": false
      },
      "geometry": {
        "coordinates": [
          [
            -51.94396034883344,
            -23.315088037716563
          ],
          [
            -51.94360806255819,
            -23.314257413925876
          ],
          [
            -51.94336421375486,
            -23.3135709700619
          ],
          [
            -51.94326703859267,
            -23.313221053280998
          ],
          [
            -51.9431878135667,
            -23.312867311224455
          ],
          [
            -51.943068280582075,
            -23.312083931396103
          ]
        ],
        "type": "LineString"
      }
    },
    {
      "type": "Feature",
      "properties": {
        "name": "Linhas de Projeto veia 51",
        "layer": "Linhas de Projeto veia",
        "classification": "Linhas de Projeto veia",
        "color": "#8c5037",
        "geometry_type": "line",
        "is_selected_area": false
      },
      "geometry": {
        "coordinates": [
          [
            -51.943831861363485,
            -23.314962608838186
          ],
          [
            -51.943494508269126,
            -23.31414263944333
          ],
          [
            -51.943261373465305,
            -23.313453123264214
          ],
          [
            -51.94317078075947,
            -23.31310172499166
          ],
          [
            -51.94309769944568,
            -23.31274684643268
          ],
          [
            -51.943007753468464,
            -23.31213335790408
          ]
        ],
        "type": "LineString"
      }
    },
    {
      "type": "Feature",
      "properties": {
        "name": "Linhas de Projeto veia 52",
        "layer": "Linhas de Projeto veia",
        "classification": "Linhas de Projeto veia",
        "color": "#8c5037",
        "geometry_type": "line",
        "is_selected_area": false
      },
      "geometry": {
        "coordinates": [
          [
            -51.94370158710259,
            -23.3148285269037
          ],
          [
            -51.94338181072984,
            -23.31402758927858
          ],
          [
            -51.943209532926005,
            -23.313509668439185
          ],
          [
            -51.94311630136656,
            -23.313158853499022
          ],
          [
            -51.94304105921544,
            -23.312804346394298
          ],
          [
            -51.942947185166766,
            -23.312182817987313
          ]
        ],
        "type": "LineString"
      }
    },
    {
      "type": "Feature",
      "properties": {
        "name": "Linhas de Projeto veia 53",
        "layer": "Linhas de Projeto veia",
        "classification": "Linhas de Projeto veia",
        "color": "#8c5037",
        "geometry_type": "line",
        "is_selected_area": false
      },
      "geometry": {
        "coordinates": [
          [
            -51.9435759017519,
            -23.314700503950373
          ],
          [
            -51.9435759017519,
            -23.314700503950373
          ]
        ],
        "type": "LineString"
      }
    },
    {
      "type": "Feature",
      "properties": {
        "name": "Linhas de Projeto veia 54",
        "layer": "Linhas de Projeto veia",
        "classification": "Linhas de Projeto veia",
        "color": "#8c5037",
        "geometry_type": "line",
        "is_selected_area": false
      },
      "geometry": {
        "coordinates": [
          [
            -51.9435759017519,
            -23.314700503950373
          ],
          [
            -51.943270944935,
            -23.313911966194862
          ],
          [
            -51.943107500080394,
            -23.31339163198289
          ],
          [
            -51.942985350509446,
            -23.312861698110698
          ],
          [
            -51.94288692282874,
            -23.312231428416503
          ]
        ],
        "type": "LineString"
      }
    },
    {
      "type": "Feature",
      "properties": {
        "name": "Linhas de Projeto veia 55",
        "layer": "Linhas de Projeto veia",
        "classification": "Linhas de Projeto veia",
        "color": "#8c5037",
        "geometry_type": "line",
        "is_selected_area": false
      },
      "geometry": {
        "coordinates": [
          [
            -51.943456060785664,
            -23.314581180840257
          ],
          [
            -51.943456060785664,
            -23.314581180840257
          ]
        ],
        "type": "LineString"
      }
    },
    {
      "type": "Feature",
      "properties": {
        "name": "Linhas de Projeto veia 56",
        "layer": "Linhas de Projeto veia",
        "classification": "Linhas de Projeto veia",
        "color": "#8c5037",
        "geometry_type": "line",
        "is_selected_area": false
      },
      "geometry": {
        "coordinates": [
          [
            -51.943456060785664,
            -23.314581180840257
          ],
          [
            -51.94322141796391,
            -23.31396787110795
          ],
          [
            -51.94305485223427,
            -23.313448366658708
          ],
          [
            -51.94292964175583,
            -23.312919049808446
          ],
          [
            -51.942826677116315,
            -23.312279883659357
          ]
        ],
        "type": "LineString"
      }
    },
    {
      "type": "Feature",
      "properties": {
        "name": "Linhas de Projeto veia 57",
        "layer": "Linhas de Projeto veia",
        "classification": "Linhas de Projeto veia",
        "color": "#8c5037",
        "geometry_type": "line",
        "is_selected_area": false
      },
      "geometry": {
        "coordinates": [
          [
            -51.943337336115775,
            -23.314461636060248
          ],
          [
            -51.943111311186115,
            -23.313852025626307
          ],
          [
            -51.94295576545073,
            -23.31332963838641
          ],
          [
            -51.94283927981802,
            -23.312798624323655
          ],
          [
            -51.94276633112051,
            -23.31232811776405
          ]
        ],
        "type": "LineString"
      }
    },
    {
      "type": "Feature",
      "properties": {
        "name": "Linhas de Projeto veia 58",
        "layer": "Linhas de Projeto veia",
        "classification": "Linhas de Projeto veia",
        "color": "#8c5037",
        "geometry_type": "line",
        "is_selected_area": false
      },
      "geometry": {
        "coordinates": [
          [
            -51.94322178252739,
            -23.314344675160786
          ],
          [
            -51.943061025336036,
            -23.31390815276804
          ],
          [
            -51.94290258581378,
            -23.313386497870003
          ],
          [
            -51.94278288745922,
            -23.312856084734833
          ],
          [
            -51.94270619804846,
            -23.312375651649127
          ]
        ],
        "type": "LineString"
      }
    },
    {
      "type": "Feature",
      "properties": {
        "name": "Linhas de Projeto veia 59",
        "layer": "Linhas de Projeto veia",
        "classification": "Linhas de Projeto veia",
        "color": "#8c5037",
        "geometry_type": "line",
        "is_selected_area": false
      },
      "geometry": {
        "coordinates": [
          [
            -51.9431062234011,
            -23.314224744936638
          ],
          [
            -51.94295340971429,
            -23.313791577512152
          ],
          [
            -51.942804030957305,
            -23.313267644637953
          ],
          [
            -51.94272717861824,
            -23.312913436363402
          ],
          [
            -51.942646289269895,
            -23.31242300817945
          ]
        ],
        "type": "LineString"
      }
    },
    {
      "type": "Feature",
      "properties": {
        "name": "Linhas de Projeto veia 60",
        "layer": "Linhas de Projeto veia",
        "classification": "Linhas de Projeto veia",
        "color": "#8c5037",
        "geometry_type": "line",
        "is_selected_area": false
      },
      "geometry": {
        "coordinates": [
          [
            -51.94299385935828,
            -23.314108507361244
          ],
          [
            -51.94284748946268,
            -23.313674546999863
          ],
          [
            -51.94275085127751,
            -23.313324504071797
          ],
          [
            -51.942671469729646,
            -23.31297078797331
          ],
          [
            -51.942586405902425,
            -23.31247120648833
          ]
        ],
        "type": "LineString"
      }
    },
    {
      "type": "Feature",
      "properties": {
        "name": "Linhas de Projeto veia 61",
        "layer": "Linhas de Projeto veia",
        "classification": "Linhas de Projeto veia",
        "color": "#8c5037",
        "geometry_type": "line",
        "is_selected_area": false
      },
      "geometry": {
        "coordinates": [
          [
            -51.94288635114197,
            -23.314001131745368
          ],
          [
            -51.942744649532536,
            -23.31355669985239
          ],
          [
            -51.94265468869958,
            -23.313205155823205
          ],
          [
            -51.942526482358275,
            -23.312519545791353
          ]
        ],
        "type": "LineString"
      }
    },
    {
      "type": "Feature",
      "properties": {
        "name": "Linhas de Projeto veia 62",
        "layer": "Linhas de Projeto veia",
        "classification": "Linhas de Projeto veia",
        "color": "#8c5037",
        "geometry_type": "line",
        "is_selected_area": false
      },
      "geometry": {
        "coordinates": [
          [
            -51.94278044063832,
            -23.313894890096194
          ],
          [
            -51.94278044063831,
            -23.313894890096194
          ]
        ],
        "type": "LineString"
      }
    },
    {
      "type": "Feature",
      "properties": {
        "name": "Linhas de Projeto veia 63",
        "layer": "Linhas de Projeto veia",
        "classification": "Linhas de Projeto veia",
        "color": "#8c5037",
        "geometry_type": "line",
        "is_selected_area": false
      },
      "geometry": {
        "coordinates": [
          [
            -51.94278044063831,
            -23.313894890096194
          ],
          [
            -51.942600209038794,
            -23.31326228415897
          ],
          [
            -51.94246722489185,
            -23.312567347724855
          ]
        ],
        "type": "LineString"
      }
    },
    {
      "type": "Feature",
      "properties": {
        "name": "Linhas de Projeto veia 64",
        "layer": "Linhas de Projeto veia",
        "classification": "Linhas de Projeto veia",
        "color": "#8c5037",
        "geometry_type": "line",
        "is_selected_area": false
      },
      "geometry": {
        "coordinates": [
          [
            -51.9426794324318,
            -23.313794560280986
          ],
          [
            -51.94254593710978,
            -23.31331936948875
          ],
          [
            -51.94240787491204,
            -23.312615224231426
          ]
        ],
        "type": "LineString"
      }
    },
    {
      "type": "Feature",
      "properties": {
        "name": "Linhas de Projeto veia 65",
        "layer": "Linhas de Projeto veia",
        "classification": "Linhas de Projeto veia",
        "color": "#8c5037",
        "geometry_type": "line",
        "is_selected_area": false
      },
      "geometry": {
        "coordinates": [
          [
            -51.942578924174654,
            -23.313691443102403
          ],
          [
            -51.94245112209532,
            -23.313199742343105
          ],
          [
            -51.94234847908547,
            -23.312663137665833
          ]
        ],
        "type": "LineString"
      }
    },
    {
      "type": "Feature",
      "properties": {
        "name": "Linhas de Projeto veia 66",
        "layer": "Linhas de Projeto veia",
        "classification": "Linhas de Projeto veia",
        "color": "#8c5037",
        "geometry_type": "line",
        "is_selected_area": false
      },
      "geometry": {
        "coordinates": [
          [
            -51.942482393413364,
            -23.31359386587125
          ],
          [
            -51.94235758841698,
            -23.313079877222457
          ],
          [
            -51.94228949525868,
            -23.31271172156607
          ]
        ],
        "type": "LineString"
      }
    },
    {
      "type": "Feature",
      "properties": {
        "name": "Linhas de Projeto veia 67",
        "layer": "Linhas de Projeto veia",
        "classification": "Linhas de Projeto veia",
        "color": "#8c5037",
        "geometry_type": "line",
        "is_selected_area": false
      },
      "geometry": {
        "coordinates": [
          [
            -51.942389037415886,
            -23.31349956695924
          ],
          [
            -51.94230203528705,
            -23.31313720038037
          ],
          [
            -51.94223108805097,
            -23.312759893331442
          ]
        ],
        "type": "LineString"
      }
    },
    {
      "type": "Feature",
      "properties": {
        "name": "Linhas de Projeto veia 68",
        "layer": "Linhas de Projeto veia",
        "classification": "Linhas de Projeto veia",
        "color": "#8c5037",
        "geometry_type": "line",
        "is_selected_area": false
      },
      "geometry": {
        "coordinates": [
          [
            -51.94229701589702,
            -23.313406615814017
          ],
          [
            -51.94229701589702,
            -23.313406615814017
          ]
        ],
        "type": "LineString"
      }
    },
    {
      "type": "Feature",
      "properties": {
        "name": "Linhas de Projeto veia 69",
        "layer": "Linhas de Projeto veia",
        "classification": "Linhas de Projeto veia",
        "color": "#8c5037",
        "geometry_type": "line",
        "is_selected_area": false
      },
      "geometry": {
        "coordinates": [
          [
            -51.94229701589702,
            -23.313406615814017
          ],
          [
            -51.94217258143091,
            -23.312808111662783
          ]
        ],
        "type": "LineString"
      }
    },
    {
      "type": "Feature",
      "properties": {
        "name": "Linhas de Projeto veia 70",
        "layer": "Linhas de Projeto veia",
        "classification": "Linhas de Projeto veia",
        "color": "#8c5037",
        "geometry_type": "line",
        "is_selected_area": false
      },
      "geometry": {
        "coordinates": [
          [
            -51.94220922762634,
            -23.31332000552404
          ],
          [
            -51.942113974753866,
            -23.312856369613158
          ]
        ],
        "type": "LineString"
      }
    },
    {
      "type": "Feature",
      "properties": {
        "name": "Linhas de Projeto veia 71",
        "layer": "Linhas de Projeto veia",
        "classification": "Linhas de Projeto veia",
        "color": "#8c5037",
        "geometry_type": "line",
        "is_selected_area": false
      },
      "geometry": {
        "coordinates": [
          [
            -51.942122882287975,
            -23.313237609341897
          ],
          [
            -51.94205545786328,
            -23.312904553575844
          ]
        ],
        "type": "LineString"
      }
    },
    {
      "type": "Feature",
      "properties": {
        "name": "Linhas de Projeto veia 72",
        "layer": "Linhas de Projeto veia",
        "classification": "Linhas de Projeto veia",
        "color": "#8c5037",
        "geometry_type": "line",
        "is_selected_area": false
      },
      "geometry": {
        "coordinates": [
          [
            -51.94203717659077,
            -23.31315494345971
          ],
          [
            -51.94203717659077,
            -23.31315494345971
          ]
        ],
        "type": "LineString"
      }
    },
    {
      "type": "Feature",
      "properties": {
        "name": "Linhas de Projeto veia 73",
        "layer": "Linhas de Projeto veia",
        "classification": "Linhas de Projeto veia",
        "color": "#8c5037",
        "geometry_type": "line",
        "is_selected_area": false
      },
      "geometry": {
        "coordinates": [
          [
            -51.94203717659077,
            -23.31315494345971
          ],
          [
            -51.941997541651745,
            -23.312951491580545
          ]
        ],
        "type": "LineString"
      }
    },
    {
      "type": "Feature",
      "properties": {
        "name": "Linhas de Projeto veia 74",
        "layer": "Linhas de Projeto veia",
        "classification": "Linhas de Projeto veia",
        "color": "#8c5037",
        "geometry_type": "line",
        "is_selected_area": false
      },
      "geometry": {
        "coordinates": [
          [
            -51.941954166019606,
            -23.313075891090755
          ],
          [
            -51.94193954495741,
            -23.312998728175625
          ]
        ],
        "type": "LineString"
      }
    },
    {
      "type": "Feature",
      "properties": {
        "name": "Linhas de Projeto veia 75",
        "layer": "Linhas de Projeto veia",
        "classification": "Linhas de Projeto veia",
        "color": "#8c5037",
        "geometry_type": "line",
        "is_selected_area": false
      },
      "geometry": {
        "coordinates": [
          [
            -51.949756558431716,
            -23.310759548255177
          ],
          [
            -51.949765908533685,
            -23.31071459450027
          ],
          [
            -51.94979317313196,
            -23.31067636737612
          ],
          [
            -51.94983420143069,
            -23.310650686608394
          ],
          [
            -51.949882747249575,
            -23.310641461853127
          ],
          [
            -51.94993141994447,
            -23.31065009749183
          ],
          [
            -51.94997280955622,
            -23.310675278829336
          ],
          [
            -51.950000614899565,
            -23.310713172242764
          ],
          [
            -51.95001060285678,
            -23.310758008811437
          ],
          [
            -51.95000125283515,
            -23.310802962578087
          ],
          [
            -51.94997398827335,
            -23.31084118973672
          ],
          [
            -51.94993295994583,
            -23.31086687054147
          ],
          [
            -51.94988441404976,
            -23.3108760953146
          ],
          [
            -51.9498357412745,
            -23.310867459664145
          ],
          [
            -51.949794351626274,
            -23.310842278292142
          ],
          [
            -51.94976654631173,
            -23.310804384841706
          ],
          [
            -51.949756558431716,
            -23.310759548255177
          ]
        ],
        "type": "LineString"
      }
    },
    {
      "type": "Feature",
      "properties": {
        "name": "Linhas de Projeto veia 76",
        "layer": "Linhas de Projeto veia",
        "classification": "Linhas de Projeto veia",
        "color": "#8c5037",
        "geometry_type": "line",
        "is_selected_area": false
      },
      "geometry": {
        "coordinates": [
          [
            -51.95046384873,
            -23.313899580157265
          ],
          [
            -51.95048612073968,
            -23.313792499196353
          ],
          [
            -51.95055106654228,
            -23.31370144098272
          ],
          [
            -51.95064879868326,
            -23.31364026826153
          ],
          [
            -51.95076443836548,
            -23.31361829397951
          ],
          [
            -51.95088038059058,
            -23.31363886349993
          ],
          [
            -51.95097897430467,
            -23.31369884531421
          ],
          [
            -51.951045209553364,
            -23.313789107777296
          ],
          [
            -51.95106900258508,
            -23.313895909292953
          ],
          [
            -51.95104673103147,
            -23.31400299032054
          ],
          [
            -51.950981785435815,
            -23.314094048729856
          ],
          [
            -51.950884053131446,
            -23.314155221661114
          ],
          [
            -51.9507684130112,
            -23.314177196044522
          ],
          [
            -51.95065247033003,
            -23.314156626457432
          ],
          [
            -51.950553876409,
            -23.314096644447453
          ],
          [
            -51.9504876413237,
            -23.314006381774306
          ],
          [
            -51.95046384873,
            -23.313899580157265
          ]
        ],
        "type": "LineString"
      }
    },
    {
      "type": "Feature",
      "properties": {
        "name": "Linhas de Projeto veia 77",
        "layer": "Linhas de Projeto veia",
        "classification": "Linhas de Projeto veia",
        "color": "#8c5037",
        "geometry_type": "line",
        "is_selected_area": false
      },
      "geometry": {
        "coordinates": [
          [
            -51.9492766082871,
            -23.316923912450907
          ],
          [
            -51.94869263959724,
            -23.3165794974462
          ],
          [
            -51.94837530714679,
            -23.31636836313368
          ],
          [
            -51.94801802188887,
            -23.31608863385033
          ],
          [
            -51.94776469635455,
            -23.315841712564556
          ],
          [
            -51.94744506206644,
            -23.315449142956865
          ],
          [
            -51.94723501210682,
            -23.315144461516258
          ],
          [
            -51.9470421507345,
            -23.314830186329143
          ],
          [
            -51.946781162988145,
            -23.31434490862015
          ],
          [
            -51.94662249919441,
            -23.31401470907327
          ],
          [
            -51.94640504680882,
            -23.313511424276864
          ],
          [
            -51.94621207808212,
            -23.31299968841146
          ],
          [
            -51.94610605343798,
            -23.312652043982833
          ],
          [
            -51.94599861686318,
            -23.312119522938385
          ],
          [
            -51.94587037515024,
            -23.311042237547294
          ],
          [
            -51.945719580519096,
            -23.30992872849801
          ]
        ],
        "type": "LineString"
      }
    },
    {
      "type": "Feature",
      "properties": {
        "name": "Linhas de Projeto veia 78",
        "layer": "Linhas de Projeto veia",
        "classification": "Linhas de Projeto veia",
        "color": "#8c5037",
        "geometry_type": "line",
        "is_selected_area": false
      },
      "geometry": {
        "coordinates": [
          [
            -51.949327812747036,
            -23.316881458733068
          ],
          [
            -51.94873080757912,
            -23.316529744692588
          ],
          [
            -51.948413502735804,
            -23.316318576668056
          ],
          [
            -51.94806358008859,
            -23.316044489728906
          ],
          [
            -51.947840530112586,
            -23.315828451973964
          ],
          [
            -51.94759827206007,
            -23.315544984572558
          ],
          [
            -51.94727771947869,
            -23.315091360449625
          ],
          [
            -51.94708622030437,
            -23.314776386979403
          ],
          [
            -51.946826526673675,
            -23.31429051948612
          ],
          [
            -51.946669090484114,
            -23.313959817037656
          ],
          [
            -51.94645339872136,
            -23.31345589460572
          ],
          [
            -51.94626202185364,
            -23.312943660021965
          ],
          [
            -51.946159231390574,
            -23.31259518346096
          ],
          [
            -51.946056450276444,
            -23.312061851284998
          ],
          [
            -51.94595217131375,
            -23.311163834651975
          ],
          [
            -51.945780042871355,
            -23.30988077088748
          ]
        ],
        "type": "LineString"
      }
    },
    {
      "type": "Feature",
      "properties": {
        "name": "Linhas de Projeto veia 79",
        "layer": "Linhas de Projeto veia",
        "classification": "Linhas de Projeto veia",
        "color": "#8c5037",
        "geometry_type": "line",
        "is_selected_area": false
      },
      "geometry": {
        "coordinates": [
          [
            -51.94937901898602,
            -23.316839003497243
          ],
          [
            -51.9487689755329,
            -23.316479991930308
          ],
          [
            -51.9484516982967,
            -23.316268790193742
          ],
          [
            -51.9481091382582,
            -23.31600034559489
          ],
          [
            -51.9478798220118,
            -23.315777616579318
          ],
          [
            -51.94763888092077,
            -23.31549316135857
          ],
          [
            -51.94732042681699,
            -23.31503825937211
          ],
          [
            -51.947130289839116,
            -23.314722587618068
          ],
          [
            -51.94687189032262,
            -23.3142361303398
          ],
          [
            -51.94671568173588,
            -23.31390492498905
          ],
          [
            -51.946501750594045,
            -23.313400364920586
          ],
          [
            -51.9463125135774,
            -23.312887471085347
          ],
          [
            -51.94621283726168,
            -23.312538234367846
          ],
          [
            -51.946115020048694,
            -23.312004088818124
          ],
          [
            -51.946011374571675,
            -23.31110600061558
          ],
          [
            -51.94584052127864,
            -23.309832567305747
          ]
        ],
        "type": "LineString"
      }
    },
    {
      "type": "Feature",
      "properties": {
        "name": "Linhas de Projeto veia 80",
        "layer": "Linhas de Projeto veia",
        "classification": "Linhas de Projeto veia",
        "color": "#8c5037",
        "geometry_type": "line",
        "is_selected_area": false
      },
      "geometry": {
        "coordinates": [
          [
            -51.94942842200183,
            -23.31679551844029
          ],
          [
            -51.9486467690959,
            -23.31632685559046
          ],
          [
            -51.948337515562415,
            -23.31610580022892
          ],
          [
            -51.94805085031676,
            -23.315860263098042
          ],
          [
            -51.94779592511839,
            -23.31558647922497
          ],
          [
            -51.947568974054526,
            -23.31529230573592
          ],
          [
            -51.9472668073876,
            -23.314827960925513
          ],
          [
            -51.946999966830816,
            -23.314345434571248
          ],
          [
            -51.94676227294971,
            -23.313850032927476
          ],
          [
            -51.94655010242688,
            -23.313344835221464
          ],
          [
            -51.946363005258995,
            -23.312831282133452
          ],
          [
            -51.94626731504734,
            -23.312481104831065
          ],
          [
            -51.94617369657345,
            -23.31194631316258
          ],
          [
            -51.94607050874234,
            -23.31104817370652
          ],
          [
            -51.94590092332981,
            -23.309783794071425
          ]
        ],
        "type": "LineString"
      }
    },
    {
      "type": "Feature",
      "properties": {
        "name": "Linhas de Projeto veia 81",
        "layer": "Linhas de Projeto veia",
        "classification": "Linhas de Projeto veia",
        "color": "#8c5037",
        "geometry_type": "line",
        "is_selected_area": false
      },
      "geometry": {
        "coordinates": [
          [
            -51.949475374900764,
            -23.31675063562266
          ],
          [
            -51.9490083242402,
            -23.316480299840137
          ],
          [
            -51.94868493341737,
            -23.31627710759001
          ],
          [
            -51.94837580237767,
            -23.316055908620985
          ],
          [
            -51.948089640661095,
            -23.315809866549728
          ],
          [
            -51.947836378244546,
            -23.315534767145174
          ],
          [
            -51.947610295293934,
            -23.315240016141388
          ],
          [
            -51.9473102034603,
            -23.314774495882446
          ],
          [
            -51.94704533042505,
            -23.314291045376777
          ],
          [
            -51.946808894887155,
            -23.31379512917124
          ],
          [
            -51.94659845421986,
            -23.31328930550833
          ],
          [
            -51.946413537856735,
            -23.31277508230699
          ],
          [
            -51.94632179278665,
            -23.312423975276456
          ],
          [
            -51.94623261838589,
            -23.31188851044524
          ],
          [
            -51.94612947302005,
            -23.310990366168944
          ],
          [
            -51.94596126844683,
            -23.309734350355765
          ]
        ],
        "type": "LineString"
      }
    },
    {
      "type": "Feature",
      "properties": {
        "name": "Linhas de Projeto veia 82",
        "layer": "Linhas de Projeto veia",
        "classification": "Linhas de Projeto veia",
        "color": "#8c5037",
        "geometry_type": "line",
        "is_selected_area": false
      },
      "geometry": {
        "coordinates": [
          [
            -51.9495208513549,
            -23.316704910270683
          ],
          [
            -51.94904651188935,
            -23.31643051966486
          ],
          [
            -51.94872309771079,
            -23.316227359580882
          ],
          [
            -51.9484140891647,
            -23.316006017004312
          ],
          [
            -51.948128430976546,
            -23.315759469992457
          ],
          [
            -51.94787698700762,
            -23.31548294387254
          ],
          [
            -51.947548017531815,
            -23.31503449310881
          ],
          [
            -51.947353599498626,
            -23.31472103082816
          ],
          [
            -51.94709069398272,
            -23.31423665617003
          ],
          [
            -51.94693139164197,
            -23.31390671955719
          ],
          [
            -51.946713754485685,
            -23.31340350476837
          ],
          [
            -51.946521046644804,
            -23.312891685894936
          ],
          [
            -51.9464173222249,
            -23.312543452746173
          ],
          [
            -51.94631540865998,
            -23.312009996228415
          ],
          [
            -51.946211508258706,
            -23.311111936591384
          ],
          [
            -51.94602164666448,
            -23.30968487946026
          ]
        ],
        "type": "LineString"
      }
    },
    {
      "type": "Feature",
      "properties": {
        "name": "Linhas de Projeto veia 83",
        "layer": "Linhas de Projeto veia",
        "classification": "Linhas de Projeto veia",
        "color": "#8c5037",
        "geometry_type": "line",
        "is_selected_area": false
      },
      "geometry": {
        "coordinates": [
          [
            -51.949579911540376,
            -23.3166669181214
          ],
          [
            -51.94908469951041,
            -23.3163807394809
          ],
          [
            -51.94876126197614,
            -23.31617761156308
          ],
          [
            -51.94845237592349,
            -23.315956125378918
          ],
          [
            -51.94816768647894,
            -23.315708666268847
          ],
          [
            -51.94791759573957,
            -23.315431120590056
          ],
          [
            -51.947590724742604,
            -23.31498139196135
          ],
          [
            -51.94739701499198,
            -23.3146675560855
          ],
          [
            -51.94713605750382,
            -23.31418226695097
          ],
          [
            -51.94697798276536,
            -23.31385182743436
          ],
          [
            -51.94676210622903,
            -23.31334797500669
          ],
          [
            -51.9465713985832,
            -23.312835537790097
          ],
          [
            -51.946470880521055,
            -23.312486513385426
          ],
          [
            -51.94637408509776,
            -23.311952220500633
          ],
          [
            -51.946270642342434,
            -23.311054109609596
          ],
          [
            -51.94608202069201,
            -23.309635411939087
          ]
        ],
        "type": "LineString"
      }
    },
    {
      "type": "Feature",
      "properties": {
        "name": "Linhas de Projeto veia 84",
        "layer": "Linhas de Projeto veia",
        "classification": "Linhas de Projeto veia",
        "color": "#8c5037",
        "geometry_type": "line",
        "is_selected_area": false
      },
      "geometry": {
        "coordinates": [
          [
            -51.94963394976102,
            -23.316626090628432
          ],
          [
            -51.949122887103364,
            -23.316330959288237
          ],
          [
            -51.94879942621343,
            -23.316127863536604
          ],
          [
            -51.948490662654066,
            -23.31590623374478
          ],
          [
            -51.94820697821712,
            -23.315657830796617
          ],
          [
            -51.94800198929973,
            -23.31543399157058
          ],
          [
            -51.94773631726908,
            -23.315081898406856
          ],
          [
            -51.94744108436407,
            -23.314613756641286
          ],
          [
            -51.94718142098834,
            -23.314127877719617
          ],
          [
            -51.94695045045483,
            -23.313629776052522
          ],
          [
            -51.946744558841395,
            -23.313122371548072
          ],
          [
            -51.94662189013402,
            -23.31277934875863
          ],
          [
            -51.94652535817278,
            -23.31242938376285
          ],
          [
            -51.94643276148494,
            -23.311894444752127
          ],
          [
            -51.94632977637511,
            -23.31099628260674
          ],
          [
            -51.94614241343027,
            -23.30958592902836
          ]
        ],
        "type": "LineString"
      }
    },
    {
      "type": "Feature",
      "properties": {
        "name": "Linhas de Projeto veia 85",
        "layer": "Linhas de Projeto veia",
        "classification": "Linhas de Projeto veia",
        "color": "#8c5037",
        "geometry_type": "line",
        "is_selected_area": false
      },
      "geometry": {
        "coordinates": [
          [
            -51.94968508102467,
            -23.31658361337275
          ],
          [
            -51.94916107466824,
            -23.316281179086904
          ],
          [
            -51.948837590422684,
            -23.31607811550145
          ],
          [
            -51.94852894935641,
            -23.31585634210192
          ],
          [
            -51.94824626992578,
            -23.315606995315214
          ],
          [
            -51.94805422029164,
            -23.315396686381316
          ],
          [
            -51.947778324528606,
            -23.315029192474302
          ],
          [
            -51.94748515370107,
            -23.314559957185484
          ],
          [
            -51.947226784436296,
            -23.314073488475987
          ],
          [
            -51.9469976355669,
            -23.313574658319645
          ],
          [
            -51.94679349302853,
            -23.313066650419263
          ],
          [
            -51.94667238164266,
            -23.312723159711883
          ],
          [
            -51.94657983577814,
            -23.31237225412247
          ],
          [
            -51.94649198634501,
            -23.311836608523965
          ],
          [
            -51.946411556214784,
            -23.311117881189166
          ],
          [
            -51.94620281600286,
            -23.309536438000947
          ]
        ],
        "type": "LineString"
      }
    },
    {
      "type": "Feature",
      "properties": {
        "name": "Linhas de Projeto veia 86",
        "layer": "Linhas de Projeto veia",
        "classification": "Linhas de Projeto veia",
        "color": "#8c5037",
        "geometry_type": "line",
        "is_selected_area": false
      },
      "geometry": {
        "coordinates": [
          [
            -51.94973620393973,
            -23.316541143009704
          ],
          [
            -51.94919926220501,
            -23.316231398876887
          ],
          [
            -51.94887575460387,
            -23.31602836745763
          ],
          [
            -51.948567236030534,
            -23.315806450450335
          ],
          [
            -51.948319499576634,
            -23.315591056985458
          ],
          [
            -51.94810645125396,
            -23.315359381175238
          ],
          [
            -51.94782033175537,
            -23.3149764865312
          ],
          [
            -51.94752922300293,
            -23.31450615771808
          ],
          [
            -51.94727272227002,
            -23.31401885794298
          ],
          [
            -51.94704482064037,
            -23.31351954057346
          ],
          [
            -51.946842427175156,
            -23.313010929276103
          ],
          [
            -51.94672373551782,
            -23.312666741996896
          ],
          [
            -51.94663507583568,
            -23.312314985975522
          ],
          [
            -51.946574473629965,
            -23.31195812758188
          ],
          [
            -51.94647077595051,
            -23.311060045256525
          ],
          [
            -51.94626321531612,
            -23.309486949585164
          ]
        ],
        "type": "LineString"
      }
    },
    {
      "type": "Feature",
      "properties": {
        "name": "Linhas de Projeto veia 87",
        "layer": "Linhas de Projeto veia",
        "classification": "Linhas de Projeto veia",
        "color": "#8c5037",
        "geometry_type": "line",
        "is_selected_area": false
      },
      "geometry": {
        "coordinates": [
          [
            -51.949787289101366,
            -23.31649865581505
          ],
          [
            -51.94923744971371,
            -23.31618161865817
          ],
          [
            -51.948913918757,
            -23.315978619405122
          ],
          [
            -51.94860552267643,
            -23.315756558789996
          ],
          [
            -51.94836743193376,
            -23.31554910639552
          ],
          [
            -51.94808003035613,
            -23.315223827361873
          ],
          [
            -51.94786233894938,
            -23.314923780577583
          ],
          [
            -51.94757329226968,
            -23.314452358239073
          ],
          [
            -51.94731870695661,
            -23.313964207701925
          ],
          [
            -51.94716482301411,
            -23.31363207800017
          ],
          [
            -51.94695551280382,
            -23.31312585582006
          ],
          [
            -51.94683028337225,
            -23.312783604073427
          ],
          [
            -51.94672892356524,
            -23.312434791984316
          ],
          [
            -51.94663314993017,
            -23.311900351761153
          ],
          [
            -51.946529909896256,
            -23.311002218180953
          ],
          [
            -51.94632363132933,
            -23.30943751133937
          ]
        ],
        "type": "LineString"
      }
    },
    {
      "type": "Feature",
      "properties": {
        "name": "Linhas de Projeto veia 88",
        "layer": "Linhas de Projeto veia",
        "classification": "Linhas de Projeto veia",
        "color": "#8c5037",
        "geometry_type": "line",
        "is_selected_area": false
      },
      "geometry": {
        "coordinates": [
          [
            -51.94983836165288,
            -23.316456166154413
          ],
          [
            -51.94927563719431,
            -23.31613183843078
          ],
          [
            -51.94895208288208,
            -23.315928871343942
          ],
          [
            -51.9486438092941,
            -23.315706667120946
          ],
          [
            -51.948317512748474,
            -23.315406538695164
          ],
          [
            -51.948009571504784,
            -23.315023333629455
          ],
          [
            -51.94780426029304,
            -23.314715886060824
          ],
          [
            -51.947617361501315,
            -23.314398558748483
          ],
          [
            -51.94736469160593,
            -23.313909557448206
          ],
          [
            -51.94721200803608,
            -23.313576960205634
          ],
          [
            -51.94700442700167,
            -23.313070141165095
          ],
          [
            -51.94688077479228,
            -23.312727414962392
          ],
          [
            -51.94678340108301,
            -23.312377662275985
          ],
          [
            -51.94669201066021,
            -23.31184255558578
          ],
          [
            -51.946588964297725,
            -23.310944400161095
          ],
          [
            -51.946384080756175,
            -23.30938830259265
          ]
        ],
        "type": "LineString"
      }
    },
    {
      "type": "Feature",
      "properties": {
        "name": "Linhas de Projeto veia 89",
        "layer": "Linhas de Projeto veia",
        "classification": "Linhas de Projeto veia",
        "color": "#8c5037",
        "geometry_type": "line",
        "is_selected_area": false
      },
      "geometry": {
        "coordinates": [
          [
            -51.94988943079462,
            -23.31641367928761
          ],
          [
            -51.94931382464682,
            -23.316082058194702
          ],
          [
            -51.9489902469791,
            -23.315879123274087
          ],
          [
            -51.94868209588354,
            -23.31565677544316
          ],
          [
            -51.948367768604776,
            -23.31536697734227
          ],
          [
            -51.948161247477685,
            -23.315120180688787
          ],
          [
            -51.94784696730241,
            -23.314662784848068
          ],
          [
            -51.94766143069783,
            -23.31434475924628
          ],
          [
            -51.94741067621797,
            -23.313854907181867
          ],
          [
            -51.94725919301948,
            -23.313521842397783
          ],
          [
            -51.94705336105907,
            -23.313014419958943
          ],
          [
            -51.946931266170125,
            -23.312671225836073
          ],
          [
            -51.946837878554426,
            -23.312320532549812
          ],
          [
            -51.946774862170074,
            -23.311964034406337
          ],
          [
            -51.94667090956656,
            -23.31106598064731
          ],
          [
            -51.94644452749049,
            -23.30933909597924
          ]
        ],
        "type": "LineString"
      }
    },
    {
      "type": "Feature",
      "properties": {
        "name": "Linhas de Projeto veia 90",
        "layer": "Linhas de Projeto veia",
        "classification": "Linhas de Projeto veia",
        "color": "#8c5037",
        "geometry_type": "line",
        "is_selected_area": false
      },
      "geometry": {
        "coordinates": [
          [
            -51.94994074936585,
            -23.316371339963847
          ],
          [
            -51.94935201207124,
            -23.316032277949947
          ],
          [
            -51.94902841104808,
            -23.31582937519557
          ],
          [
            -51.94872038244476,
            -23.31560688375664
          ],
          [
            -51.9485112288243,
            -23.315423254542413
          ],
          [
            -51.94820234596175,
            -23.315068035997946
          ],
          [
            -51.9479891434697,
            -23.31476522037403
          ],
          [
            -51.94779594753706,
            -23.31445112552453
          ],
          [
            -51.947536314416176,
            -23.313965235174347
          ],
          [
            -51.947306377964274,
            -23.31346672457661
          ],
          [
            -51.94710229507601,
            -23.312958698738452
          ],
          [
            -51.946982094092654,
            -23.312614947453582
          ],
          [
            -51.94689324482118,
            -23.31226324136846
          ],
          [
            -51.94683353838329,
            -23.31190625851337
          ],
          [
            -51.94673004342539,
            -23.311008153499017
          ],
          [
            -51.946504933526015,
            -23.309289567173526
          ]
        ],
        "type": "LineString"
      }
    },
    {
      "type": "Feature",
      "properties": {
        "name": "Linhas de Projeto veia 91",
        "layer": "Linhas de Projeto veia",
        "classification": "Linhas de Projeto veia",
        "color": "#8c5037",
        "geometry_type": "line",
        "is_selected_area": false
      },
      "geometry": {
        "coordinates": [
          [
            -51.949992079666146,
            -23.316329012195716
          ],
          [
            -51.94939019946758,
            -23.315982497696485
          ],
          [
            -51.949066575088985,
            -23.315779627108366
          ],
          [
            -51.94875873921779,
            -23.315556917473724
          ],
          [
            -51.94855916106091,
            -23.31538130389695
          ],
          [
            -51.94835874438324,
            -23.31516178583173
          ],
          [
            -51.948243649573826,
            -23.315015756745908
          ],
          [
            -51.94803185041871,
            -23.314712119113107
          ],
          [
            -51.94784001667629,
            -23.314397325974255
          ],
          [
            -51.94758186946685,
            -23.313910765268748
          ],
          [
            -51.94742664717123,
            -23.313579160529137
          ],
          [
            -51.94721586770154,
            -23.313073465173815
          ],
          [
            -51.94708945734401,
            -23.312731585155483
          ],
          [
            -51.946986966394235,
            -23.312383070164536
          ],
          [
            -51.9468922145459,
            -23.311848482599665
          ],
          [
            -51.94678917723315,
            -23.31095032632966
          ],
          [
            -51.946565331422754,
            -23.309239939944785
          ]
        ],
        "type": "LineString"
      }
    },
    {
      "type": "Feature",
      "properties": {
        "name": "Linhas de Projeto veia 92",
        "layer": "Linhas de Projeto veia",
        "classification": "Linhas de Projeto veia",
        "color": "#8c5037",
        "geometry_type": "line",
        "is_selected_area": false
      },
      "geometry": {
        "coordinates": [
          [
            -51.950043262560584,
            -23.316286604827997
          ],
          [
            -51.94942838683583,
            -23.315932717434357
          ],
          [
            -51.94910473910185,
            -23.31572987901249
          ],
          [
            -51.94879721026349,
            -23.315506829806104
          ],
          [
            -51.94860709326731,
            -23.315339353237533
          ],
          [
            -51.94839935283082,
            -23.31510996243164
          ],
          [
            -51.94807455733415,
            -23.314659017841304
          ],
          [
            -51.9478840857804,
            -23.314343526412397
          ],
          [
            -51.94762785398807,
            -23.31385611494158
          ],
          [
            -51.947473565394716,
            -23.31352414392863
          ],
          [
            -51.94726429494314,
            -23.31301791035751
          ],
          [
            -51.94713965923375,
            -23.31267548074474
          ],
          [
            -51.94704144377807,
            -23.312325940370428
          ],
          [
            -51.94695137832338,
            -23.31179065291269
          ],
          [
            -51.94687094074901,
            -23.311071926389925
          ],
          [
            -51.94662570399849,
            -23.309190165365383
          ]
        ],
        "type": "LineString"
      }
    },
    {
      "type": "Feature",
      "properties": {
        "name": "Linhas de Projeto veia 93",
        "layer": "Linhas de Projeto veia",
        "classification": "Linhas de Projeto veia",
        "color": "#8c5037",
        "geometry_type": "line",
        "is_selected_area": false
      },
      "geometry": {
        "coordinates": [
          [
            -51.95009315919574,
            -23.3162434651597
          ],
          [
            -51.94946657417597,
            -23.31588293716353
          ],
          [
            -51.94914290308665,
            -23.315680130907936
          ],
          [
            -51.94883568128072,
            -23.31545674212966
          ],
          [
            -51.948655025443635,
            -23.3152974025643
          ],
          [
            -51.948439961247296,
            -23.315058139021716
          ],
          [
            -51.94811726421603,
            -23.314605916558623
          ],
          [
            -51.947928154849386,
            -23.31428972683893
          ],
          [
            -51.94767383847203,
            -23.31380146460177
          ],
          [
            -51.947520750249424,
            -23.313469026045794
          ],
          [
            -51.94731322887083,
            -23.31296218907401
          ],
          [
            -51.947190150480814,
            -23.31261929153885
          ],
          [
            -51.947095921115555,
            -23.31226881055849
          ],
          [
            -51.947033926844306,
            -23.311912165008785
          ],
          [
            -51.946930176962496,
            -23.31101408856095
          ],
          [
            -51.94668603471775,
            -23.309140116434484
          ]
        ],
        "type": "LineString"
      }
    },
    {
      "type": "Feature",
      "properties": {
        "name": "Linhas de Projeto veia 94",
        "layer": "Linhas de Projeto veia",
        "classification": "Linhas de Projeto veia",
        "color": "#8c5037",
        "geometry_type": "line",
        "is_selected_area": false
      },
      "geometry": {
        "coordinates": [
          [
            -51.950143052797955,
            -23.31620032807064
          ],
          [
            -51.94950476148802,
            -23.315833156884043
          ],
          [
            -51.94918106704341,
            -23.315630382794705
          ],
          [
            -51.948874152269475,
            -23.315406654444416
          ],
          [
            -51.94870295758974,
            -23.315255451877075
          ],
          [
            -51.94848056963262,
            -23.315006315601963
          ],
          [
            -51.94815997106433,
            -23.314552815265063
          ],
          [
            -51.947972223883276,
            -23.314235927253883
          ],
          [
            -51.94771982291873,
            -23.313746814249328
          ],
          [
            -51.94756793506555,
            -23.31341390814966
          ],
          [
            -51.94736216275803,
            -23.31290646777619
          ],
          [
            -51.94724064168572,
            -23.31256310231769
          ],
          [
            -51.94715141359129,
            -23.312211496342318
          ],
          [
            -51.94709260291992,
            -23.31185438902286
          ],
          [
            -51.94698931068333,
            -23.310956261318864
          ],
          [
            -51.94674636700717,
            -23.309090066141344
          ]
        ],
        "type": "LineString"
      }
    },
    {
      "type": "Feature",
      "properties": {
        "name": "Linhas de Projeto veia 95",
        "layer": "Linhas de Projeto veia",
        "classification": "Linhas de Projeto veia",
        "color": "#8c5037",
        "geometry_type": "line",
        "is_selected_area": false
      },
      "geometry": {
        "coordinates": [
          [
            -51.95019262832454,
            -23.316157012908576
          ],
          [
            -51.949542948772006,
            -23.315783376595846
          ],
          [
            -51.94921923097211,
            -23.315580634672813
          ],
          [
            -51.94891262322976,
            -23.315356566750342
          ],
          [
            -51.948669303114315,
            -23.315129608902772
          ],
          [
            -51.94840886370271,
            -23.314806639636064
          ],
          [
            -51.948202677879074,
            -23.31449971396061
          ],
          [
            -51.94801629288201,
            -23.314182127657215
          ],
          [
            -51.94776580732816,
            -23.31369216388425
          ],
          [
            -51.947615119843086,
            -23.313358790240184
          ],
          [
            -51.947411096604746,
            -23.312850746464026
          ],
          [
            -51.94729229088322,
            -23.312506606043176
          ],
          [
            -51.94720712019304,
            -23.312154143207568
          ],
          [
            -51.94715140256768,
            -23.311796599389815
          ],
          [
            -51.947048444353115,
            -23.31089843405573
          ],
          [
            -51.94680687624251,
            -23.309041563486545
          ]
        ],
        "type": "LineString"
      }
    },
    {
      "type": "Feature",
      "properties": {
        "name": "Linhas de Projeto veia 96",
        "layer": "Linhas de Projeto veia",
        "classification": "Linhas de Projeto veia",
        "color": "#8c5037",
        "geometry_type": "line",
        "is_selected_area": false
      },
      "geometry": {
        "coordinates": [
          [
            -51.95024528716221,
            -23.316115470548873
          ],
          [
            -51.94958113839181,
            -23.31573359290988
          ],
          [
            -51.94925739487275,
            -23.315530886542227
          ],
          [
            -51.948951094161565,
            -23.31530647904746
          ],
          [
            -51.948719558761255,
            -23.31509004744259
          ],
          [
            -51.94845016715509,
            -23.314754360333175
          ],
          [
            -51.94824546451412,
            -23.31444657044952
          ],
          [
            -51.94806042000832,
            -23.314128300812527
          ],
          [
            -51.947811791700346,
            -23.313637513506528
          ],
          [
            -51.94766230458204,
            -23.313303672317403
          ],
          [
            -51.94746003041098,
            -23.31279502513752
          ],
          [
            -51.94734412927112,
            -23.312450059579678
          ],
          [
            -51.94729948625793,
            -23.3122742180462
          ],
          [
            -51.94721074576946,
            -23.311738749816616
          ],
          [
            -51.94713031050759,
            -23.311020023366723
          ],
          [
            -51.94686737955471,
            -23.308993171829933
          ]
        ],
        "type": "LineString"
      }
    },
    {
      "type": "Feature",
      "properties": {
        "name": "Linhas de Projeto veia 97",
        "layer": "Linhas de Projeto veia",
        "classification": "Linhas de Projeto veia",
        "color": "#8c5037",
        "geometry_type": "line",
        "is_selected_area": false
      },
      "geometry": {
        "coordinates": [
          [
            -51.95029797558996,
            -23.31607410435018
          ],
          [
            -51.94961934870425,
            -23.315683779508326
          ],
          [
            -51.94929555874534,
            -23.31548113840299
          ],
          [
            -51.9489895650649,
            -23.31525639133576
          ],
          [
            -51.948848564699006,
            -23.315131272683473
          ],
          [
            -51.94860239460192,
            -23.314850845283722
          ],
          [
            -51.948387560882686,
            -23.314549047810093
          ],
          [
            -51.94810514490305,
            -23.314074194016072
          ],
          [
            -51.94785806587011,
            -23.31358274744502
          ],
          [
            -51.947709601985515,
            -23.313248513613942
          ],
          [
            -51.94750929266202,
            -23.31273920104992
          ],
          [
            -51.947396506121315,
            -23.312393386639005
          ],
          [
            -51.94735396346147,
            -23.312217088148497
          ],
          [
            -51.94729299130185,
            -23.311860295189238
          ],
          [
            -51.947189444141486,
            -23.31096219605193
          ],
          [
            -51.946927859681416,
            -23.308944544739028
          ]
        ],
        "type": "LineString"
      }
    },
    {
      "type": "Feature",
      "properties": {
        "name": "Linhas de Projeto veia 98",
        "layer": "Linhas de Projeto veia",
        "classification": "Linhas de Projeto veia",
        "color": "#8c5037",
        "geometry_type": "line",
        "is_selected_area": false
      },
      "geometry": {
        "coordinates": [
          [
            -51.95034889928881,
            -23.316031714324236
          ],
          [
            -51.94965755898858,
            -23.315633966098083
          ],
          [
            -51.94933372258988,
            -23.315431390255064
          ],
          [
            -51.94902803593976,
            -23.31520630361524
          ],
          [
            -51.948887756679774,
            -23.315080523986385
          ],
          [
            -51.94864300286279,
            -23.31479902182465
          ],
          [
            -51.948430267603484,
            -23.31449594644661
          ],
          [
            -51.94814986976195,
            -23.314020087207673
          ],
          [
            -51.947904656494615,
            -23.313527855060617
          ],
          [
            -51.9477573720554,
            -23.31319318390823
          ],
          [
            -51.947558817352466,
            -23.31268329484655
          ],
          [
            -51.94744968340956,
            -23.312336525698726
          ],
          [
            -51.947409582145994,
            -23.312159750897102
          ],
          [
            -51.947351667239886,
            -23.311802519110337
          ],
          [
            -51.94724857772433,
            -23.310904368716066
          ],
          [
            -51.94698829351043,
            -23.30889569869062
          ]
        ],
        "type": "LineString"
      }
    },
    {
      "type": "Feature",
      "properties": {
        "name": "Linhas de Projeto veia 99",
        "layer": "Linhas de Projeto veia",
        "classification": "Linhas de Projeto veia",
        "color": "#8c5037",
        "geometry_type": "line",
        "is_selected_area": false
      },
      "geometry": {
        "coordinates": [
          [
            -51.9503998180783,
            -23.31598932834226
          ],
          [
            -51.94969576924478,
            -23.315584152679154
          ],
          [
            -51.94937188640638,
            -23.31538164209847
          ],
          [
            -51.94906650678615,
            -23.31515621588591
          ],
          [
            -51.9489270479617,
            -23.315029688344634
          ],
          [
            -51.94868424470345,
            -23.314746782807507
          ],
          [
            -51.948472974290716,
            -23.31444284507223
          ],
          [
            -51.94828301654237,
            -23.31412709466018
          ],
          [
            -51.94802896909947,
            -23.313638720721848
          ],
          [
            -51.94787667659306,
            -23.313305973308136
          ],
          [
            -51.94767096393825,
            -23.31279851499983
          ],
          [
            -51.94755064889471,
            -23.312454810578892
          ],
          [
            -51.947465288612754,
            -23.312102397674547
          ],
          [
            -51.947410769934855,
            -23.31174469596492
          ],
          [
            -51.9473303249164,
            -23.311025970254263
          ],
          [
            -51.947048690399285,
            -23.30884677272522
          ]
        ],
        "type": "LineString"
      }
    },
    {
      "type": "Feature",
      "properties": {
        "name": "Linhas de Projeto veia 100",
        "layer": "Linhas de Projeto veia",
        "classification": "Linhas de Projeto veia",
        "color": "#8c5037",
        "geometry_type": "line",
        "is_selected_area": false
      },
      "geometry": {
        "coordinates": [
          [
            -51.95045073195929,
            -23.31594694640355
          ],
          [
            -51.94973397947285,
            -23.315534339251524
          ],
          [
            -51.9494100501948,
            -23.315331893933188
          ],
          [
            -51.94910497760406,
            -23.315106128147775
          ],
          [
            -51.9489663392141,
            -23.314978852693677
          ],
          [
            -51.94872554802773,
            -23.314694503435778
          ],
          [
            -51.948515680944375,
            -23.31438974368697
          ],
          [
            -51.94832708537849,
            -23.314073294980656
          ],
          [
            -51.94807495334355,
            -23.313584070270657
          ],
          [
            -51.94792386120334,
            -23.313250855310372
          ],
          [
            -51.94771989761475,
            -23.31274279359598
          ],
          [
            -51.94760248715081,
            -23.312398264033796
          ],
          [
            -51.94755752852258,
            -23.31222249530331
          ],
          [
            -51.94749337969165,
            -23.311866201098834
          ],
          [
            -51.947389577607616,
            -23.31096813052884
          ],
          [
            -51.947108906949246,
            -23.30879634792758
          ]
        ],
        "type": "LineString"
      }
    },
    {
      "type": "Feature",
      "properties": {
        "name": "Linhas de Projeto veia 101",
        "layer": "Linhas de Projeto veia",
        "classification": "Linhas de Projeto veia",
        "color": "#8c5037",
        "geometry_type": "line",
        "is_selected_area": false
      },
      "geometry": {
        "coordinates": [
          [
            -51.95050188302448,
            -23.315904710256124
          ],
          [
            -51.94977218967281,
            -23.31548452581519
          ],
          [
            -51.94944821395517,
            -23.31528214575926
          ],
          [
            -51.94919389091126,
            -23.31509834436805
          ],
          [
            -51.94903848176866,
            -23.314961796677707
          ],
          [
            -51.94876685132007,
            -23.314642224053873
          ],
          [
            -51.948558387564475,
            -23.314336642290833
          ],
          [
            -51.94837115417948,
            -23.31401949528955
          ],
          [
            -51.94812093755038,
            -23.313529419806844
          ],
          [
            -51.947971045775056,
            -23.313195737299313
          ],
          [
            -51.94776883125079,
            -23.312687072177816
          ],
          [
            -51.947654596012136,
            -23.312341653913755
          ],
          [
            -51.94761204410591,
            -23.312165358324535
          ],
          [
            -51.947552055542715,
            -23.311808424947714
          ],
          [
            -51.947448711103526,
            -23.310910303120277
          ],
          [
            -51.94716909599317,
            -23.30874594610314
          ]
        ],
        "type": "LineString"
      }
    },
    {
      "type": "Feature",
      "properties": {
        "name": "Linhas de Projeto veia 102",
        "layer": "Linhas de Projeto veia",
        "classification": "Linhas de Projeto veia",
        "color": "#8c5037",
        "geometry_type": "line",
        "is_selected_area": false
      },
      "geometry": {
        "coordinates": [
          [
            -51.9505532236902,
            -23.315862592222317
          ],
          [
            -51.94964683072571,
            -23.315335676002974
          ],
          [
            -51.94933018844218,
            -23.315123698886307
          ],
          [
            -51.94908641367369,
            -23.3149198458794
          ],
          [
            -51.94880815458047,
            -23.314589944661805
          ],
          [
            -51.948601094151,
            -23.3142835408838
          ],
          [
            -51.94841522294537,
            -23.313965695586848
          ],
          [
            -51.94816695624132,
            -23.313474755553038
          ],
          [
            -51.948018285405595,
            -23.313140599344752
          ],
          [
            -51.94781825948461,
            -23.312631196026413
          ],
          [
            -51.94770777316752,
            -23.3122847928898
          ],
          [
            -51.9476677504853,
            -23.31210800503281
          ],
          [
            -51.94761079410827,
            -23.311750641857348
          ],
          [
            -51.94750784454839,
            -23.310852475690645
          ],
          [
            -51.94722925469964,
            -23.308695569623005
          ]
        ],
        "type": "LineString"
      }
    },
    {
      "type": "Feature",
      "properties": {
        "name": "Linhas de Projeto veia 103",
        "layer": "Linhas de Projeto veia",
        "classification": "Linhas de Projeto veia",
        "color": "#8c5037",
        "geometry_type": "line",
        "is_selected_area": false
      },
      "geometry": {
        "coordinates": [
          [
            -51.95060455923907,
            -23.315820478343568
          ],
          [
            -51.94968499800608,
            -23.31528592303245
          ],
          [
            -51.949368403773974,
            -23.315073888651426
          ],
          [
            -51.949134345548494,
            -23.31487789506712
          ],
          [
            -51.948994373113095,
            -23.314725190129366
          ],
          [
            -51.94884945780894,
            -23.31453766525955
          ],
          [
            -51.94864400788603,
            -23.314230329987506
          ],
          [
            -51.948459935728714,
            -23.313911594272717
          ],
          [
            -51.94821354669951,
            -23.313419863081435
          ],
          [
            -51.94806605530725,
            -23.31308526954964
          ],
          [
            -51.94786778400384,
            -23.3125752897302
          ],
          [
            -51.947809006690434,
            -23.31240301469491
          ],
          [
            -51.94772346004823,
            -23.312050651208224
          ],
          [
            -51.94728941511408,
            -23.30864519165263
          ]
        ],
        "type": "LineString"
      }
    },
    {
      "type": "Feature",
      "properties": {
        "name": "Linhas de Projeto veia 104",
        "layer": "Linhas de Projeto veia",
        "classification": "Linhas de Projeto veia",
        "color": "#8c5037",
        "geometry_type": "line",
        "is_selected_area": false
      },
      "geometry": {
        "coordinates": [
          [
            -51.95065568830034,
            -23.315778250548412
          ],
          [
            -51.94972316525839,
            -23.315236170053264
          ],
          [
            -51.94940668991399,
            -23.31502399680744
          ],
          [
            -51.94918227739324,
            -23.31483594424102
          ],
          [
            -51.94904660354582,
            -23.314687884623975
          ],
          [
            -51.94889076100546,
            -23.314485385847142
          ],
          [
            -51.94868740320839,
            -23.314176864583466
          ],
          [
            -51.94850466038823,
            -23.31385748736845
          ],
          [
            -51.94826013711977,
            -23.31336497059687
          ],
          [
            -51.94811382516969,
            -23.313029939740876
          ],
          [
            -51.94791730848195,
            -23.312519383419303
          ],
          [
            -51.94786084481473,
            -23.312346468068235
          ],
          [
            -51.947780294412965,
            -23.31199311834976
          ],
          [
            -51.94734953906318,
            -23.30859504422562
          ]
        ],
        "type": "LineString"
      }
    },
    {
      "type": "Feature",
      "properties": {
        "name": "Linhas de Projeto veia 105",
        "layer": "Linhas de Projeto veia",
        "classification": "Linhas de Projeto veia",
        "color": "#8c5037",
        "geometry_type": "line",
        "is_selected_area": false
      },
      "geometry": {
        "coordinates": [
          [
            -51.95070672854839,
            -23.315735977699457
          ],
          [
            -51.949761332482645,
            -23.31518641706539
          ],
          [
            -51.94944497602577,
            -23.314974104954725
          ],
          [
            -51.94923020920777,
            -23.314793993400954
          ],
          [
            -51.94909883394924,
            -23.314650579102143
          ],
          [
            -51.94893220981693,
            -23.314433018056526
          ],
          [
            -51.94873079849639,
            -23.314123399168185
          ],
          [
            -51.948549385011894,
            -23.313803380452228
          ],
          [
            -51.94830672750209,
            -23.313310078099313
          ],
          [
            -51.94802869810604,
            -23.312634840134347
          ],
          [
            -51.947912685687676,
            -23.312289920769693
          ],
          [
            -51.9478702123648,
            -23.31211361212898
          ],
          [
            -51.94781111956688,
            -23.31175655428418
          ],
          [
            -51.94770797784863,
            -23.310858409765984
          ],
          [
            -51.9474097038336,
            -23.3085454743932
          ]
        ],
        "type": "LineString"
      }
    },
    {
      "type": "Feature",
      "properties": {
        "name": "Linhas de Projeto veia 106",
        "layer": "Linhas de Projeto veia",
        "classification": "Linhas de Projeto veia",
        "color": "#8c5037",
        "geometry_type": "line",
        "is_selected_area": false
      },
      "geometry": {
        "coordinates": [
          [
            -51.95075776382042,
            -23.315693708929164
          ],
          [
            -51.94979949967883,
            -23.315136664068852
          ],
          [
            -51.94948326210932,
            -23.314924213093295
          ],
          [
            -51.94927814099221,
            -23.314752042547056
          ],
          [
            -51.94908414792916,
            -23.31452968511907
          ],
          [
            -51.948774193750054,
            -23.31406993374165
          ],
          [
            -51.94859410959971,
            -23.313749273524056
          ],
          [
            -51.9483533178465,
            -23.313255185588783
          ],
          [
            -51.94807770139882,
            -23.312579096783068
          ],
          [
            -51.94796586271019,
            -23.31223305966208
          ],
          [
            -51.947925918609194,
            -23.312056258749454
          ],
          [
            -51.947870161179445,
            -23.31169873768066
          ],
          [
            -51.94778970871689,
            -23.310980012782192
          ],
          [
            -51.947469877013916,
            -23.308495897573007
          ]
        ],
        "type": "LineString"
      }
    },
    {
      "type": "Feature",
      "properties": {
        "name": "Linhas de Projeto veia 107",
        "layer": "Linhas de Projeto veia",
        "classification": "Linhas de Projeto veia",
        "color": "#8c5037",
        "geometry_type": "line",
        "is_selected_area": false
      },
      "geometry": {
        "coordinates": [
          [
            -51.95080713124534,
            -23.31565046788306
          ],
          [
            -51.94983766684695,
            -23.315086911063634
          ],
          [
            -51.94952154816465,
            -23.314874321223115
          ],
          [
            -51.94932607274645,
            -23.314710091679196
          ],
          [
            -51.949124838033114,
            -23.31447780767936
          ],
          [
            -51.94881758896936,
            -23.314016468303883
          ],
          [
            -51.94863883415166,
            -23.313695166583948
          ],
          [
            -51.948399908152965,
            -23.313200293065282
          ],
          [
            -51.948127225787935,
            -23.31252319040869
          ],
          [
            -51.948019135558205,
            -23.312176178698742
          ],
          [
            -51.94798187604095,
            -23.311998865367922
          ],
          [
            -51.94753010662813,
            -23.30844670171566
          ]
        ],
        "type": "LineString"
      }
    },
    {
      "type": "Feature",
      "properties": {
        "name": "Linhas de Projeto veia 108",
        "layer": "Linhas de Projeto veia",
        "classification": "Linhas de Projeto veia",
        "color": "#8c5037",
        "geometry_type": "line",
        "is_selected_area": false
      },
      "geometry": {
        "coordinates": [
          [
            -51.950852433390246,
            -23.31560484489752
          ],
          [
            -51.95003966028497,
            -23.315135831517452
          ],
          [
            -51.94971535949233,
            -23.314933908298766
          ],
          [
            -51.94949720064705,
            -23.31477625672634
          ],
          [
            -51.94932262419014,
            -23.314615308722892
          ],
          [
            -51.94905822946341,
            -23.31427489931904
          ],
          [
            -51.94886098415431,
            -23.31396300285489
          ],
          [
            -51.94868370383312,
            -23.313640995328793
          ],
          [
            -51.948446973778026,
            -23.313145220005982
          ],
          [
            -51.94817675013593,
            -23.31246728401963
          ],
          [
            -51.94811920226287,
            -23.31229467168297
          ],
          [
            -51.94803871026971,
            -23.31194133241975
          ],
          [
            -51.94759033347834,
            -23.308397601209727
          ]
        ],
        "type": "LineString"
      }
    },
    {
      "type": "Feature",
      "properties": {
        "name": "Linhas de Projeto veia 109",
        "layer": "Linhas de Projeto veia",
        "classification": "Linhas de Projeto veia",
        "color": "#8c5037",
        "geometry_type": "line",
        "is_selected_area": false
      },
      "geometry": {
        "coordinates": [
          [
            -51.95091079730439,
            -23.31556696275889
          ],
          [
            -51.949914001099046,
            -23.314987405027175
          ],
          [
            -51.949598120190636,
            -23.314774537456575
          ],
          [
            -51.9494523233153,
            -23.314654262886535
          ],
          [
            -51.949323086538826,
            -23.31451886950122
          ],
          [
            -51.94920744413803,
            -23.314373248706676
          ],
          [
            -51.94899950910883,
            -23.314067366830432
          ],
          [
            -51.948814725668,
            -23.313748993751105
          ],
          [
            -51.948569026639255,
            -23.313256977936565
          ],
          [
            -51.94828856474245,
            -23.312582607666293
          ],
          [
            -51.948171040211776,
            -23.312238124958583
          ],
          [
            -51.94812838040826,
            -23.31206186551436
          ],
          [
            -51.948070185281935,
            -23.31170468298841
          ],
          [
            -51.94796724437676,
            -23.310806515989054
          ],
          [
            -51.94765057899778,
            -23.308348648067255
          ]
        ],
        "type": "LineString"
      }
    },
    {
      "type": "Feature",
      "properties": {
        "name": "Linhas de Projeto veia 110",
        "layer": "Linhas de Projeto veia",
        "classification": "Linhas de Projeto veia",
        "color": "#8c5037",
        "geometry_type": "line",
        "is_selected_area": false
      },
      "geometry": {
        "coordinates": [
          [
            -51.95096565685255,
            -23.315527246172028
          ],
          [
            -51.949952168182996,
            -23.314937651995933
          ],
          [
            -51.949636406161304,
            -23.31472464556022
          ],
          [
            -51.949491112785395,
            -23.314603866012458
          ],
          [
            -51.94936302543915,
            -23.31446752368537
          ],
          [
            -51.94924874714258,
            -23.314320969205088
          ],
          [
            -51.94904254994299,
            -23.314014088548323
          ],
          [
            -51.94885945012816,
            -23.313694886750955
          ],
          [
            -51.948615616855285,
            -23.31320208535182
          ],
          [
            -51.948337498078565,
            -23.31252688607913
          ],
          [
            -51.94822395203756,
            -23.312181326015523
          ],
          [
            -51.94818408651767,
            -23.31200451204703
          ],
          [
            -51.948129528033526,
            -23.311646833080996
          ],
          [
            -51.94804911128893,
            -23.310928104796016
          ],
          [
            -51.947710854160086,
            -23.30829992871307
          ]
        ],
        "type": "LineString"
      }
    },
    {
      "type": "Feature",
      "properties": {
        "name": "Linhas de Projeto veia 111",
        "layer": "Linhas de Projeto veia",
        "classification": "Linhas de Projeto veia",
        "color": "#8c5037",
        "geometry_type": "line",
        "is_selected_area": false
      },
      "geometry": {
        "coordinates": [
          [
            -51.95101553059327,
            -23.31548452330452
          ],
          [
            -51.949990335238915,
            -23.314887898956023
          ],
          [
            -51.94967469210374,
            -23.314674753655126
          ],
          [
            -51.949529902226594,
            -23.31455346912941
          ],
          [
            -51.949290050115195,
            -23.314268689693332
          ],
          [
            -51.94908594503483,
            -23.31396062303999
          ],
          [
            -51.948904174552446,
            -23.313640779738858
          ],
          [
            -51.94866220703339,
            -23.31314719275411
          ],
          [
            -51.948386667354114,
            -23.312471090663966
          ],
          [
            -51.94827717731116,
            -23.312124454785632
          ],
          [
            -51.94824029181787,
            -23.311947079107757
          ],
          [
            -51.94777112927826,
            -23.30825120933684
          ]
        ],
        "type": "LineString"
      }
    },
    {
      "type": "Feature",
      "properties": {
        "name": "Linhas de Projeto veia 112",
        "layer": "Linhas de Projeto veia",
        "classification": "Linhas de Projeto veia",
        "color": "#8c5037",
        "geometry_type": "line",
        "is_selected_area": false
      },
      "geometry": {
        "coordinates": [
          [
            -51.95106462344877,
            -23.315441334293922
          ],
          [
            -51.950028502266754,
            -23.31483814590742
          ],
          [
            -51.94971297801794,
            -23.3146248617413
          ],
          [
            -51.94956869163891,
            -23.314503072237404
          ],
          [
            -51.949331353055854,
            -23.31421641017139
          ],
          [
            -51.94912934009233,
            -23.31390715752041
          ],
          [
            -51.948948898940884,
            -23.31358667271482
          ],
          [
            -51.94870879717355,
            -23.31309230014341
          ],
          [
            -51.948436191571986,
            -23.312415184196745
          ],
          [
            -51.94837755949522,
            -23.312242874878024
          ],
          [
            -51.94829712591066,
            -23.311889546069864
          ],
          [
            -51.94783148352339,
            -23.308203113470352
          ]
        ],
        "type": "LineString"
      }
    },
    {
      "type": "Feature",
      "properties": {
        "name": "Linhas de Projeto veia 113",
        "layer": "Linhas de Projeto veia",
        "classification": "Linhas de Projeto veia",
        "color": "#8c5037",
        "geometry_type": "line",
        "is_selected_area": false
      },
      "geometry": {
        "coordinates": [
          [
            -51.95111455103825,
            -23.315398656473246
          ],
          [
            -51.95006666926655,
            -23.31478839285016
          ],
          [
            -51.94975126390394,
            -23.314574969818747
          ],
          [
            -51.94960782009927,
            -23.314452378567424
          ],
          [
            -51.949372844390695,
            -23.314164016314958
          ],
          [
            -51.94917273511546,
            -23.3138536919896
          ],
          [
            -51.94899362329347,
            -23.313532565678845
          ],
          [
            -51.94875571391706,
            -23.31303728347264
          ],
          [
            -51.94848571574875,
            -23.31235927771483
          ],
          [
            -51.94842939731231,
            -23.31218632807206
          ],
          [
            -51.9483546070748,
            -23.31183192263919
          ],
          [
            -51.94789184233684,
            -23.30815505390433
          ]
        ],
        "type": "LineString"
      }
    },
    {
      "type": "Feature",
      "properties": {
        "name": "Linhas de Projeto veia 114",
        "layer": "Linhas de Projeto veia",
        "classification": "Linhas de Projeto veia",
        "color": "#8c5037",
        "geometry_type": "line",
        "is_selected_area": false
      },
      "geometry": {
        "coordinates": [
          [
            -51.95116447424079,
            -23.315355982360106
          ],
          [
            -51.95010485353365,
            -23.314738615911796
          ],
          [
            -51.9497895497617,
            -23.314525077887474
          ],
          [
            -51.94964711092494,
            -23.31440154275614
          ],
          [
            -51.94941485071355,
            -23.314111309968226
          ],
          [
            -51.94921613010425,
            -23.31380022644755
          ],
          [
            -51.94903859403263,
            -23.31347834947373
          ],
          [
            -51.948802898064166,
            -23.312982165223346
          ],
          [
            -51.94853523988439,
            -23.312303371218228
          ],
          [
            -51.948442254210725,
            -23.311952764925536
          ],
          [
            -51.94795208331003,
            -23.308106066585005
          ]
        ],
        "type": "LineString"
      }
    },
    {
      "type": "Feature",
      "properties": {
        "name": "Linhas de Projeto veia 115",
        "layer": "Linhas de Projeto veia",
        "classification": "Linhas de Projeto veia",
        "color": "#8c5037",
        "geometry_type": "line",
        "is_selected_area": false
      },
      "geometry": {
        "coordinates": [
          [
            -51.95121418160713,
            -23.315313183844886
          ],
          [
            -51.95014304029149,
            -23.314688835488113
          ],
          [
            -51.949827835591236,
            -23.314475185947458
          ],
          [
            -51.94968640172111,
            -23.314350706935663
          ],
          [
            -51.94945685700363,
            -23.314058603610974
          ],
          [
            -51.949259525058686,
            -23.313746760894254
          ],
          [
            -51.949083956494036,
            -23.313423959720023
          ],
          [
            -51.94885008217268,
            -23.312927046960738
          ],
          [
            -51.94858554984225,
            -23.312247234478516
          ],
          [
            -51.948498707378995,
            -23.31189529242772
          ],
          [
            -51.94801220199161,
            -23.308056116463653
          ]
        ],
        "type": "LineString"
      }
    },
    {
      "type": "Feature",
      "properties": {
        "name": "Linhas de Projeto veia 116",
        "layer": "Linhas de Projeto veia",
        "classification": "Linhas de Projeto veia",
        "color": "#8c5037",
        "geometry_type": "line",
        "is_selected_area": false
      },
      "geometry": {
        "coordinates": [
          [
            -51.95126336369377,
            -23.315270073191645
          ],
          [
            -51.950181227021254,
            -23.314639055055743
          ],
          [
            -51.94986612139256,
            -23.314425293998724
          ],
          [
            -51.94972569248775,
            -23.314299871105998
          ],
          [
            -51.949498863260956,
            -23.3140058972432
          ],
          [
            -51.94930352802291,
            -23.313692993403706
          ],
          [
            -51.94912931891888,
            -23.313369569954034
          ],
          [
            -51.94889726624261,
            -23.312871928684814
          ],
          [
            -51.94863604030887,
            -23.312191044828978
          ],
          [
            -51.94855554133582,
            -23.311837759300097
          ],
          [
            -51.9480723306256,
            -23.30800624505728
          ]
        ],
        "type": "LineString"
      }
    },
    {
      "type": "Feature",
      "properties": {
        "name": "Linhas de Projeto veia 117",
        "layer": "Linhas de Projeto veia",
        "classification": "Linhas de Projeto veia",
        "color": "#8c5037",
        "geometry_type": "line",
        "is_selected_area": false
      },
      "geometry": {
        "coordinates": [
          [
            -51.95131254172728,
            -23.31522696604869
          ],
          [
            -51.9502194137229,
            -23.314589274614693
          ],
          [
            -51.949840326445475,
            -23.31432285923971
          ],
          [
            -51.94964803515607,
            -23.314104272169804
          ],
          [
            -51.94944109068503,
            -23.313797846131973
          ],
          [
            -51.94925896320662,
            -23.31347817824725
          ],
          [
            -51.94901768567504,
            -23.31298430662763
          ],
          [
            -51.948745156836765,
            -23.312307177390576
          ],
          [
            -51.94864471584893,
            -23.311958371027917
          ],
          [
            -51.94858891861513,
            -23.31160087270848
          ],
          [
            -51.94850851112919,
            -23.310882143505914
          ],
          [
            -51.9481325871633,
            -23.307957381305563
          ]
        ],
        "type": "LineString"
      }
    },
    {
      "type": "Feature",
      "properties": {
        "name": "Linhas de Projeto veia 118",
        "layer": "Linhas de Projeto veia",
        "classification": "Linhas de Projeto veia",
        "color": "#8c5037",
        "geometry_type": "line",
        "is_selected_area": false
      },
      "geometry": {
        "coordinates": [
          [
            -51.95136069913471,
            -23.31518324568826
          ],
          [
            -51.95025760039649,
            -23.314539494164958
          ],
          [
            -51.94998856016127,
            -23.314360787340842
          ],
          [
            -51.94985332005398,
            -23.314248631216014
          ],
          [
            -51.94968933790477,
            -23.314051992558703
          ],
          [
            -51.94948448554635,
            -23.313744380519356
          ],
          [
            -51.949303687395684,
            -23.31342407112735
          ],
          [
            -51.949064453537524,
            -23.31292934634595
          ],
          [
            -51.94879468084228,
            -23.312251270815814
          ],
          [
            -51.94870042168835,
            -23.311901017384987
          ],
          [
            -51.948192843656756,
            -23.307908517531843
          ]
        ],
        "type": "LineString"
      }
    },
    {
      "type": "Feature",
      "properties": {
        "name": "Linhas de Projeto veia 119",
        "layer": "Linhas de Projeto veia",
        "classification": "Linhas de Projeto veia",
        "color": "#8c5037",
        "geometry_type": "line",
        "is_selected_area": false
      },
      "geometry": {
        "coordinates": [
          [
            -51.951407354775164,
            -23.31513861925755
          ],
          [
            -51.95029578704197,
            -23.314489713706536
          ],
          [
            -51.9500298586995,
            -23.314313212571033
          ],
          [
            -51.949901251446576,
            -23.314206680181478
          ],
          [
            -51.94973064062154,
            -23.313999712937427
          ],
          [
            -51.94952788037332,
            -23.313690914895492
          ],
          [
            -51.94934841154891,
            -23.3133699639955
          ],
          [
            -51.949111637517376,
            -23.312874228008372
          ],
          [
            -51.948844432590626,
            -23.3121952974938
          ],
          [
            -51.948757122724324,
            -23.311843505327815
          ],
          [
            -51.94825302102205,
            -23.307859030904414
          ]
        ],
        "type": "LineString"
      }
    },
    {
      "type": "Feature",
      "properties": {
        "name": "Linhas de Projeto veia 120",
        "layer": "Linhas de Projeto veia",
        "classification": "Linhas de Projeto veia",
        "color": "#8c5037",
        "geometry_type": "line",
        "is_selected_area": false
      },
      "geometry": {
        "coordinates": [
          [
            -51.95118724529197,
            -23.3149343263576
          ],
          [
            -51.95033397365938,
            -23.31443993323943
          ],
          [
            -51.95007115720841,
            -23.31426563779092
          ],
          [
            -51.94994918280896,
            -23.314164729132983
          ],
          [
            -51.94977194330636,
            -23.31394743330598
          ],
          [
            -51.949479800924095,
            -23.313477793529053
          ],
          [
            -51.94931153220483,
            -23.31315168986709
          ],
          [
            -51.94908764062889,
            -23.312650862747525
          ],
          [
            -51.94889492292645,
            -23.312139107764704
          ],
          [
            -51.94881423733243,
            -23.311785932896374
          ],
          [
            -51.94831315264172,
            -23.307809184335248
          ]
        ],
        "type": "LineString"
      }
    },
    {
      "type": "Feature",
      "properties": {
        "name": "Linhas de Projeto veia 121",
        "layer": "Linhas de Projeto veia",
        "classification": "Linhas de Projeto veia",
        "color": "#8c5037",
        "geometry_type": "line",
        "is_selected_area": false
      },
      "geometry": {
        "coordinates": [
          [
            -51.95114827700208,
            -23.314839563369187
          ],
          [
            -51.950536387765794,
            -23.314488255262816
          ],
          [
            -51.95021148327165,
            -23.31428718045889
          ],
          [
            -51.9500576574063,
            -23.314175720040815
          ],
          [
            -51.94992582514689,
            -23.3140428319123
          ],
          [
            -51.94971092324477,
            -23.313741219212666
          ],
          [
            -51.949524302887426,
            -23.31342379037312
          ],
          [
            -51.94927998384984,
            -23.312931205302984
          ],
          [
            -51.94906816333871,
            -23.312425907714623
          ],
          [
            -51.94894611086603,
            -23.312082733039986
          ],
          [
            -51.94887206935238,
            -23.311728260246063
          ],
          [
            -51.948767777341416,
            -23.31083024841356
          ],
          [
            -51.948373281479114,
            -23.307759316186658
          ]
        ],
        "type": "LineString"
      }
    },
    {
      "type": "Feature",
      "properties": {
        "name": "Linhas de Projeto veia 122",
        "layer": "Linhas de Projeto veia",
        "classification": "Linhas de Projeto veia",
        "color": "#8c5037",
        "geometry_type": "line",
        "is_selected_area": false
      },
      "geometry": {
        "coordinates": [
          [
            -51.95113829952802,
            -23.31476185359473
          ],
          [
            -51.95024964644291,
            -23.314237432102814
          ],
          [
            -51.9500961275754,
            -23.314125632074614
          ],
          [
            -51.94996643264806,
            -23.31399100812991
          ],
          [
            -51.94975362918025,
            -23.31368811750884
          ],
          [
            -51.94956902694884,
            -23.313369683181246
          ],
          [
            -51.94932657365741,
            -23.312876312517933
          ],
          [
            -51.94911709628567,
            -23.312370185895464
          ],
          [
            -51.94899821872783,
            -23.312026122563026
          ],
          [
            -51.94893041120883,
            -23.311670524701242
          ],
          [
            -51.948826910162545,
            -23.31077242050553
          ],
          [
            -51.94843340018332,
            -23.307709368566627
          ]
        ],
        "type": "LineString"
      }
    },
    {
      "type": "Feature",
      "properties": {
        "name": "Linhas de Projeto veia 123",
        "layer": "Linhas de Projeto veia",
        "classification": "Linhas de Projeto veia",
        "color": "#8c5037",
        "geometry_type": "line",
        "is_selected_area": false
      },
      "geometry": {
        "coordinates": [
          [
            -51.95116059608575,
            -23.314702799863287
          ],
          [
            -51.95028780958616,
            -23.31418768373805
          ],
          [
            -51.95013459771603,
            -23.314075544099598
          ],
          [
            -51.950007040118116,
            -23.31393918433768
          ],
          [
            -51.94979633508217,
            -23.313635015794134
          ],
          [
            -51.94961375097439,
            -23.31331557597742
          ],
          [
            -51.949373192639385,
            -23.312821408625915
          ],
          [
            -51.94916602919213,
            -23.31231446406199
          ],
          [
            -51.94905139517386,
            -23.31196926110376
          ],
          [
            -51.94898908633554,
            -23.311612748033852
          ],
          [
            -51.94888604293262,
            -23.310714592576435
          ],
          [
            -51.948493518842426,
            -23.307659420924708
          ]
        ],
        "type": "LineString"
      }
    },
    {
      "type": "Feature",
      "properties": {
        "name": "Linhas de Projeto veia 124",
        "layer": "Linhas de Projeto veia",
        "classification": "Linhas de Projeto veia",
        "color": "#8c5037",
        "geometry_type": "line",
        "is_selected_area": false
      },
      "geometry": {
        "coordinates": [
          [
            -51.95119297516113,
            -23.314649575900827
          ],
          [
            -51.95032597270133,
            -23.314137935364613
          ],
          [
            -51.95017306782818,
            -23.31402545611578
          ],
          [
            -51.950047647557035,
            -23.313887360535624
          ],
          [
            -51.94983963011215,
            -23.313581602738513
          ],
          [
            -51.94957493216753,
            -23.313098143362247
          ],
          [
            -51.949420376451975,
            -23.312766290200063
          ],
          [
            -51.949214962058115,
            -23.31225874221418
          ],
          [
            -51.94912836390704,
            -23.312004517427916
          ],
          [
            -51.94907296828369,
            -23.311734101159924
          ],
          [
            -51.94855373475362,
            -23.30761023952045
          ]
        ],
        "type": "LineString"
      }
    },
    {
      "type": "Feature",
      "properties": {
        "name": "Linhas de Projeto veia 125",
        "layer": "Linhas de Projeto veia",
        "classification": "Linhas de Projeto veia",
        "color": "#8c5037",
        "geometry_type": "line",
        "is_selected_area": false
      },
      "geometry": {
        "coordinates": [
          [
            -51.9512349523765,
            -23.31460190688106
          ],
          [
            -51.950364135788455,
            -23.314088186982506
          ],
          [
            -51.95021153791187,
            -23.31397536812313
          ],
          [
            -51.95008862437417,
            -23.31383529444331
          ],
          [
            -51.94988302474295,
            -23.313528137021624
          ],
          [
            -51.94970319891795,
            -23.313207361533948
          ],
          [
            -51.949467560225976,
            -23.312711171760903
          ],
          [
            -51.94926403835895,
            -23.312202975472495
          ],
          [
            -51.94917942208933,
            -23.311939454820973
          ],
          [
            -51.9491308001668,
            -23.311676428418156
          ],
          [
            -51.949027043336656,
            -23.310778352898584
          ],
          [
            -51.94861397571188,
            -23.30756125570113
          ]
        ],
        "type": "LineString"
      }
    },
    {
      "type": "Feature",
      "properties": {
        "name": "Linhas de Projeto veia 126",
        "layer": "Linhas de Projeto veia",
        "classification": "Linhas de Projeto veia",
        "color": "#8c5037",
        "geometry_type": "line",
        "is_selected_area": false
      },
      "geometry": {
        "coordinates": [
          [
            -51.951270972172644,
            -23.314550788943738
          ],
          [
            -51.95056309277398,
            -23.314141250254472
          ],
          [
            -51.950318947650025,
            -23.313980188896345
          ],
          [
            -51.95019566562337,
            -23.31386715930095
          ],
          [
            -51.95002392320142,
            -23.31363124601504
          ],
          [
            -51.94974837177104,
            -23.3131530554276
          ],
          [
            -51.94951474396141,
            -23.31265605330842
          ],
          [
            -51.94931356210425,
            -23.31214706874142
          ],
          [
            -51.94923170169823,
            -23.311872648230757
          ],
          [
            -51.949189474345516,
            -23.311618651784713
          ],
          [
            -51.9490861760198,
            -23.310720524896773
          ],
          [
            -51.94867425295651,
            -23.307512557978953
          ]
        ],
        "type": "LineString"
      }
    },
    {
      "type": "Feature",
      "properties": {
        "name": "Linhas de Projeto veia 127",
        "layer": "Linhas de Projeto veia",
        "classification": "Linhas de Projeto veia",
        "color": "#8c5037",
        "geometry_type": "line",
        "is_selected_area": false
      },
      "geometry": {
        "coordinates": [
          [
            -51.95127509176982,
            -23.314481188838954
          ],
          [
            -51.95074369685838,
            -23.314176300133813
          ]
        ],
        "type": "LineString"
      }
    },
    {
      "type": "Feature",
      "properties": {
        "name": "Linhas de Projeto veia 128",
        "layer": "Linhas de Projeto veia",
        "classification": "Linhas de Projeto veia",
        "color": "#8c5037",
        "geometry_type": "line",
        "is_selected_area": false
      },
      "geometry": {
        "coordinates": [
          [
            -51.950497016540716,
            -23.314024834732155
          ],
          [
            -51.950360245954926,
            -23.31393261404491
          ],
          [
            -51.95024789537945,
            -23.31382985341324
          ],
          [
            -51.950066628975854,
            -23.313578144230416
          ],
          [
            -51.94987909016756,
            -23.3132611875168
          ],
          [
            -51.94971264234289,
            -23.312934291477767
          ],
          [
            -51.94956192765824,
            -23.312600934842635
          ],
          [
            -51.94942589469377,
            -23.312262229740963
          ],
          [
            -51.949309483507115,
            -23.311917525698323
          ],
          [
            -51.94924833271146,
            -23.311560854809066
          ],
          [
            -51.949167857916834,
            -23.310842132347595
          ],
          [
            -51.94873459508605,
            -23.307464371575637
          ]
        ],
        "type": "LineString"
      }
    },
    {
      "type": "Feature",
      "properties": {
        "name": "Linhas de Projeto veia 129",
        "layer": "Linhas de Projeto veia",
        "classification": "Linhas de Projeto veia",
        "color": "#8c5037",
        "geometry_type": "line",
        "is_selected_area": false
      },
      "geometry": {
        "coordinates": [
          [
            -51.9512746326695,
            -23.31440915602878
          ],
          [
            -51.95085006717705,
            -23.31416622119637
          ]
        ],
        "type": "LineString"
      }
    },
    {
      "type": "Feature",
      "properties": {
        "name": "Linhas de Projeto veia 130",
        "layer": "Linhas de Projeto veia",
        "classification": "Linhas de Projeto veia",
        "color": "#8c5037",
        "geometry_type": "line",
        "is_selected_area": false
      },
      "geometry": {
        "coordinates": [
          [
            -51.95046602390179,
            -23.313930129908105
          ],
          [
            -51.95032787673763,
            -23.31382423001224
          ],
          [
            -51.950256775631615,
            -23.31373839817465
          ],
          [
            -51.95010933471668,
            -23.313525042434897
          ],
          [
            -51.949923814029596,
            -23.31320708022907
          ],
          [
            -51.94975862564843,
            -23.31287964055822
          ],
          [
            -51.949609463790836,
            -23.312545688859693
          ],
          [
            -51.94938429071536,
            -23.31194441296607
          ],
          [
            -51.949307674874646,
            -23.31150300447333
          ],
          [
            -51.949227176518704,
            -23.310784285035496
          ],
          [
            -51.94879493717187,
            -23.307416185150235
          ]
        ],
        "type": "LineString"
      }
    },
    {
      "type": "Feature",
      "properties": {
        "name": "Linhas de Projeto veia 131",
        "layer": "Linhas de Projeto veia",
        "classification": "Linhas de Projeto veia",
        "color": "#8c5037",
        "geometry_type": "line",
        "is_selected_area": false
      },
      "geometry": {
        "coordinates": [
          [
            -51.95127036093345,
            -23.314335030058846
          ],
          [
            -51.950923292493975,
            -23.314136591201727
          ]
        ],
        "type": "LineString"
      }
    },
    {
      "type": "Feature",
      "properties": {
        "name": "Linhas de Projeto veia 132",
        "layer": "Linhas de Projeto veia",
        "classification": "Linhas de Projeto veia",
        "color": "#8c5037",
        "geometry_type": "line",
        "is_selected_area": false
      },
      "geometry": {
        "coordinates": [
          [
            -51.9504677718743,
            -23.313853793345967
          ],
          [
            -51.950367805999015,
            -23.31377289107648
          ],
          [
            -51.95025410813743,
            -23.31362600926221
          ],
          [
            -51.949968537855796,
            -23.313152972929377
          ],
          [
            -51.94980460891671,
            -23.31282498962604
          ],
          [
            -51.949657232812164,
            -23.31249035860399
          ],
          [
            -51.94952376012581,
            -23.31215078587636
          ],
          [
            -51.94943709997735,
            -23.31188613052834
          ],
          [
            -51.949389862363354,
            -23.311624555278783
          ],
          [
            -51.94928630911491,
            -23.310726456960982
          ],
          [
            -51.948855228985515,
            -23.307367603136935
          ]
        ],
        "type": "LineString"
      }
    },
    {
      "type": "Feature",
      "properties": {
        "name": "Linhas de Projeto veia 133",
        "layer": "Linhas de Projeto veia",
        "classification": "Linhas de Projeto veia",
        "color": "#8c5037",
        "geometry_type": "line",
        "is_selected_area": false
      },
      "geometry": {
        "coordinates": [
          [
            -51.951250112512696,
            -23.314251772799743
          ],
          [
            -51.95097875439681,
            -23.314096705365774
          ]
        ],
        "type": "LineString"
      }
    },
    {
      "type": "Feature",
      "properties": {
        "name": "Linhas de Projeto veia 134",
        "layer": "Linhas de Projeto veia",
        "classification": "Linhas de Projeto veia",
        "color": "#8c5037",
        "geometry_type": "line",
        "is_selected_area": false
      },
      "geometry": {
        "coordinates": [
          [
            -51.950487108112924,
            -23.313790450899184
          ],
          [
            -51.95042849477529,
            -23.31374521788422
          ],
          [
            -51.95036443757698,
            -23.31366778681757
          ],
          [
            -51.95019477378968,
            -23.313418824177898
          ],
          [
            -51.94992981978933,
            -23.312935495560716
          ],
          [
            -51.949637150789925,
            -23.31226561072488
          ],
          [
            -51.94949080073719,
            -23.31182558457162
          ],
          [
            -51.94944853726548,
            -23.311566778446217
          ],
          [
            -51.94934544166005,
            -23.310668628865415
          ],
          [
            -51.94891551560156,
            -23.30731898051543
          ]
        ],
        "type": "LineString"
      }
    },
    {
      "type": "Feature",
      "properties": {
        "name": "Linhas de Projeto veia 135",
        "layer": "Linhas de Projeto veia",
        "classification": "Linhas de Projeto veia",
        "color": "#8c5037",
        "geometry_type": "line",
        "is_selected_area": false
      },
      "geometry": {
        "coordinates": [
          [
            -51.95121969092691,
            -23.3141627591683
          ],
          [
            -51.95102072848437,
            -23.31404903936491
          ]
        ],
        "type": "LineString"
      }
    },
    {
      "type": "Feature",
      "properties": {
        "name": "Linhas de Projeto veia 136",
        "layer": "Linhas de Projeto veia",
        "classification": "Linhas de Projeto veia",
        "color": "#8c5037",
        "geometry_type": "line",
        "is_selected_area": false
      },
      "geometry": {
        "coordinates": [
          [
            -51.950519474454055,
            -23.31373651981145
          ],
          [
            -51.950448176971285,
            -23.31366984076596
          ],
          [
            -51.95033811742541,
            -23.313520592770093
          ],
          [
            -51.950057983507804,
            -23.31304475474606
          ],
          [
            -51.94975276920799,
            -23.312379694356963
          ],
          [
            -51.94956757063131,
            -23.311865786026633
          ],
          [
            -51.94950769819571,
            -23.311508944023757
          ],
          [
            -51.94942730921088,
            -23.310790212987673
          ],
          [
            -51.94897585648949,
            -23.307270785625438
          ]
        ],
        "type": "LineString"
      }
    },
    {
      "type": "Feature",
      "properties": {
        "name": "Linhas de Projeto veia 137",
        "layer": "Linhas de Projeto veia",
        "classification": "Linhas de Projeto veia",
        "color": "#8c5037",
        "geometry_type": "line",
        "is_selected_area": false
      },
      "geometry": {
        "coordinates": [
          [
            -51.9511903555296,
            -23.31407444652187
          ],
          [
            -51.95105024402742,
            -23.313994195055553
          ]
        ],
        "type": "LineString"
      }
    },
    {
      "type": "Feature",
      "properties": {
        "name": "Linhas de Projeto veia 138",
        "layer": "Linhas de Projeto veia",
        "classification": "Linhas de Projeto veia",
        "color": "#8c5037",
        "geometry_type": "line",
        "is_selected_area": false
      },
      "geometry": {
        "coordinates": [
          [
            -51.9505637365798,
            -23.313690336020116
          ],
          [
            -51.950488774924985,
            -23.313618005324155
          ],
          [
            -51.950380114861964,
            -23.313467874060176
          ],
          [
            -51.950103250931576,
            -23.31299039065614
          ],
          [
            -51.94980079595879,
            -23.312324259863264
          ],
          [
            -51.94967204330155,
            -23.31198313603301
          ],
          [
            -51.94962185482647,
            -23.311808680380814
          ],
          [
            -51.94956703847423,
            -23.31145107934308
          ],
          [
            -51.949486439915056,
            -23.310732370595876
          ],
          [
            -51.949036260223956,
            -23.307223085990476
          ]
        ],
        "type": "LineString"
      }
    },
    {
      "type": "Feature",
      "properties": {
        "name": "Linhas de Projeto veia 139",
        "layer": "Linhas de Projeto veia",
        "classification": "Linhas de Projeto veia",
        "color": "#8c5037",
        "geometry_type": "line",
        "is_selected_area": false
      },
      "geometry": {
        "coordinates": [
          [
            -51.951179840429305,
            -23.313996858095084
          ],
          [
            -51.9510667281671,
            -23.313931850833097
          ]
        ],
        "type": "LineString"
      }
    },
    {
      "type": "Feature",
      "properties": {
        "name": "Linhas de Projeto veia 140",
        "layer": "Linhas de Projeto veia",
        "classification": "Linhas de Projeto veia",
        "color": "#8c5037",
        "geometry_type": "line",
        "is_selected_area": false
      },
      "geometry": {
        "coordinates": [
          [
            -51.95061938078224,
            -23.313653659915268
          ],
          [
            -51.950573950721896,
            -23.31362049879617
          ],
          [
            -51.95042231470637,
            -23.31341503858623
          ],
          [
            -51.95014860527789,
            -23.312935985744343
          ],
          [
            -51.94991813051634,
            -23.31243773852715
          ],
          [
            -51.949783612828284,
            -23.312098518192137
          ],
          [
            -51.949694777644346,
            -23.31183280581847
          ],
          [
            -51.949648920523714,
            -23.31157264717884
          ],
          [
            -51.94954557030844,
            -23.310674526133305
          ],
          [
            -51.949096663578636,
            -23.307175383683784
          ]
        ],
        "type": "LineString"
      }
    },
    {
      "type": "Feature",
      "properties": {
        "name": "Linhas de Projeto veia 141",
        "layer": "Linhas de Projeto veia",
        "classification": "Linhas de Projeto veia",
        "color": "#8c5037",
        "geometry_type": "line",
        "is_selected_area": false
      },
      "geometry": {
        "coordinates": [
          [
            -51.95117234693954,
            -23.3139208221851
          ],
          [
            -51.95106618477759,
            -23.313859715152145
          ]
        ],
        "type": "LineString"
      }
    },
    {
      "type": "Feature",
      "properties": {
        "name": "Linhas de Projeto veia 142",
        "layer": "Linhas de Projeto veia",
        "classification": "Linhas de Projeto veia",
        "color": "#8c5037",
        "geometry_type": "line",
        "is_selected_area": false
      },
      "geometry": {
        "coordinates": [
          [
            -51.95068972948908,
            -23.313627506964668
          ],
          [
            -51.95062208808539,
            -23.313578518400686
          ],
          [
            -51.95046501121877,
            -23.313361922573606
          ],
          [
            -51.95019395958762,
            -23.31288158082028
          ],
          [
            -51.95003783216252,
            -23.31255036536962
          ],
          [
            -51.94989748386061,
            -23.312213167686835
          ],
          [
            -51.94974989957791,
            -23.311778520489852
          ],
          [
            -51.94970771626429,
            -23.31151484039501
          ],
          [
            -51.94962723434899,
            -23.310796118713107
          ],
          [
            -51.949156949856715,
            -23.30712675969324
          ]
        ],
        "type": "LineString"
      }
    },
    {
      "type": "Feature",
      "properties": {
        "name": "Linhas de Projeto veia 143",
        "layer": "Linhas de Projeto veia",
        "classification": "Linhas de Projeto veia",
        "color": "#8c5037",
        "geometry_type": "line",
        "is_selected_area": false
      },
      "geometry": {
        "coordinates": [
          [
            -51.95116357996314,
            -23.31384394109039
          ],
          [
            -51.951035069601524,
            -23.313769354207928
          ]
        ],
        "type": "LineString"
      }
    },
    {
      "type": "Feature",
      "properties": {
        "name": "Linhas de Projeto veia 144",
        "layer": "Linhas de Projeto veia",
        "classification": "Linhas de Projeto veia",
        "color": "#8c5037",
        "geometry_type": "line",
        "is_selected_area": false
      },
      "geometry": {
        "coordinates": [
          [
            -51.95079070941992,
            -23.313619321821573
          ],
          [
            -51.950669642267236,
            -23.31353587187461
          ],
          [
            -51.950611767194,
            -23.313461689415547
          ],
          [
            -51.9505077005959,
            -23.31330879544571
          ],
          [
            -51.95032328537111,
            -23.312990296972476
          ],
          [
            -51.95016002203069,
            -23.312662038603452
          ],
          [
            -51.9500136505127,
            -23.312327035128455
          ],
          [
            -51.94982563932553,
            -23.311813975415212
          ],
          [
            -51.94976705463398,
            -23.311456960775796
          ],
          [
            -51.949686565208296,
            -23.310738240455557
          ],
          [
            -51.94921723609074,
            -23.30707813568065
          ]
        ],
        "type": "LineString"
      }
    },
    {
      "type": "Feature",
      "properties": {
        "name": "Linhas de Projeto veia 145",
        "layer": "Linhas de Projeto veia",
        "classification": "Linhas de Projeto veia",
        "color": "#8c5037",
        "geometry_type": "line",
        "is_selected_area": false
      },
      "geometry": {
        "coordinates": [
          [
            -51.95113465086375,
            -23.313755494687832
          ],
          [
            -51.95071712361828,
            -23.313493052603008
          ],
          [
            -51.950550382402334,
            -23.31325565652173
          ],
          [
            -51.9503679883897,
            -23.312936151001825
          ],
          [
            -51.95020659330474,
            -23.31260710595265
          ],
          [
            -51.95006140266749,
            -23.31227166460001
          ],
          [
            -51.94990395849707,
            -23.31185092115496
          ],
          [
            -51.949849296507146,
            -23.31157846208029
          ],
          [
            -51.94974569216868,
            -23.31068036951617
          ],
          [
            -51.949277481403094,
            -23.3070291897282
          ]
        ],
        "type": "LineString"
      }
    },
    {
      "type": "Feature",
      "properties": {
        "name": "Linhas de Projeto veia 146",
        "layer": "Linhas de Projeto veia",
        "classification": "Linhas de Projeto veia",
        "color": "#8c5037",
        "geometry_type": "line",
        "is_selected_area": false
      },
      "geometry": {
        "coordinates": [
          [
            -51.95108637561452,
            -23.313654860772054
          ],
          [
            -51.950765475347566,
            -23.313450902760966
          ],
          [
            -51.950593210640136,
            -23.313202411915043
          ],
          [
            -51.95050020773888,
            -23.31304351544343
          ],
          [
            -51.95025315422294,
            -23.312552150670786
          ],
          [
            -51.95010943394711,
            -23.312216171622453
          ],
          [
            -51.949960125137764,
            -23.31180917642494
          ],
          [
            -51.949907962076075,
            -23.311520618075125
          ],
          [
            -51.94983446163737,
            -23.310866933487482
          ]
        ],
        "type": "LineString"
      }
    },
    {
      "type": "Feature",
      "properties": {
        "name": "Linhas de Projeto veia 147",
        "layer": "Linhas de Projeto veia",
        "classification": "Linhas de Projeto veia",
        "color": "#8c5037",
        "geometry_type": "line",
        "is_selected_area": false
      },
      "geometry": {
        "coordinates": [
          [
            -51.94980987939313,
            -23.310663297329505
          ],
          [
            -51.94933769447484,
            -23.306979990203445
          ]
        ],
        "type": "LineString"
      }
    },
    {
      "type": "Feature",
      "properties": {
        "name": "Linhas de Projeto veia 148",
        "layer": "Linhas de Projeto veia",
        "classification": "Linhas de Projeto veia",
        "color": "#8c5037",
        "geometry_type": "line",
        "is_selected_area": false
      },
      "geometry": {
        "coordinates": [
          [
            -51.95105197030713,
            -23.31356203937654
          ],
          [
            -51.950813827046254,
            -23.313408752904724
          ],
          [
            -51.95073659321482,
            -23.313304078856646
          ],
          [
            -51.95045802760865,
            -23.312827524051247
          ],
          [
            -51.95022672363185,
            -23.312329611002216
          ],
          [
            -51.95009233058271,
            -23.311990349366596
          ],
          [
            -51.95000899822034,
            -23.311731455985463
          ],
          [
            -51.94990184467821,
            -23.31087485500101
          ]
        ],
        "type": "LineString"
      }
    },
    {
      "type": "Feature",
      "properties": {
        "name": "Linhas de Projeto veia 149",
        "layer": "Linhas de Projeto veia",
        "classification": "Linhas de Projeto veia",
        "color": "#8c5037",
        "geometry_type": "line",
        "is_selected_area": false
      },
      "geometry": {
        "coordinates": [
          [
            -51.94987363788738,
            -23.310641841389838
          ],
          [
            -51.949397878739525,
            -23.30693056414826
          ]
        ],
        "type": "LineString"
      }
    },
    {
      "type": "Feature",
      "properties": {
        "name": "Linhas de Projeto veia 150",
        "layer": "Linhas de Projeto veia",
        "classification": "Linhas de Projeto veia",
        "color": "#8c5037",
        "geometry_type": "line",
        "is_selected_area": false
      },
      "geometry": {
        "coordinates": [
          [
            -51.95102687561615,
            -23.313473357728363
          ],
          [
            -51.95086150951773,
            -23.31336576712189
          ],
          [
            -51.95067991013918,
            -23.313095331899873
          ],
          [
            -51.9505033426247,
            -23.312773041607326
          ],
          [
            -51.95027445293816,
            -23.312274185423707
          ],
          [
            -51.950083656687056,
            -23.311761966478322
          ],
          [
            -51.95002638607758,
            -23.311404774935955
          ],
          [
            -51.949965211630236,
            -23.31084858476413
          ]
        ],
        "type": "LineString"
      }
    },
    {
      "type": "Feature",
      "properties": {
        "name": "Linhas de Projeto veia 151",
        "layer": "Linhas de Projeto veia",
        "classification": "Linhas de Projeto veia",
        "color": "#8c5037",
        "geometry_type": "line",
        "is_selected_area": false
      },
      "geometry": {
        "coordinates": [
          [
            -51.949941638983795,
            -23.310654495630803
          ],
          [
            -51.94945786462624,
            -23.306879576178815
          ]
        ],
        "type": "LineString"
      }
    },
    {
      "type": "Feature",
      "properties": {
        "name": "Linhas de Projeto veia 152",
        "layer": "Linhas de Projeto veia",
        "classification": "Linhas de Projeto veia",
        "color": "#8c5037",
        "geometry_type": "line",
        "is_selected_area": false
      },
      "geometry": {
        "coordinates": [
          [
            -51.950993052474345,
            -23.31337783852665
          ],
          [
            -51.95090911842629,
            -23.31332268947414
          ],
          [
            -51.9506183609667,
            -23.31286827341538
          ]
        ],
        "type": "LineString"
      }
    },
    {
      "type": "Feature",
      "properties": {
        "name": "Linhas de Projeto veia 153",
        "layer": "Linhas de Projeto veia",
        "classification": "Linhas de Projeto veia",
        "color": "#8c5037",
        "geometry_type": "line",
        "is_selected_area": false
      },
      "geometry": {
        "coordinates": [
          [
            -51.9506183609667,
            -23.31286827341538
          ],
          [
            -51.950583580139735,
            -23.312859547289456
          ],
          [
            -51.950565382533775,
            -23.312836816069826
          ],
          [
            -51.95056883125891,
            -23.31280872630329
          ],
          [
            -51.95059535684867,
            -23.31278921336167
          ],
          [
            -51.95062950622382,
            -23.31279354185084
          ],
          [
            -51.95064918888294,
            -23.312817064777786
          ],
          [
            -51.95064591735507,
            -23.312847611197583
          ],
          [
            -51.9506183609667,
            -23.31286827341538
          ]
        ],
        "type": "LineString"
      }
    },
    {
      "type": "Feature",
      "properties": {
        "name": "Linhas de Projeto veia 154",
        "layer": "Linhas de Projeto veia",
        "classification": "Linhas de Projeto veia",
        "color": "#8c5037",
        "geometry_type": "line",
        "is_selected_area": false
      },
      "geometry": {
        "coordinates": [
          [
            -51.9506183609667,
            -23.31286827341538
          ],
          [
            -51.95058590197375,
            -23.31286585181123
          ],
          [
            -51.95056243117826,
            -23.312842891874418
          ],
          [
            -51.95057612379988,
            -23.31277241413303
          ],
          [
            -51.95032218074709,
            -23.312218756308543
          ],
          [
            -51.950190770708254,
            -23.311878506038497
          ],
          [
            -51.9501379207499,
            -23.311704773378683
          ],
          [
            -51.949517850467075,
            -23.306828588187585
          ]
        ],
        "type": "LineString"
      }
    },
    {
      "type": "Feature",
      "properties": {
        "name": "Linhas de Projeto veia 155",
        "layer": "Linhas de Projeto veia",
        "classification": "Linhas de Projeto veia",
        "color": "#8c5037",
        "geometry_type": "line",
        "is_selected_area": false
      },
      "geometry": {
        "coordinates": [
          [
            -51.95096258833714,
            -23.313283655731
          ],
          [
            -51.95076673736069,
            -23.312988140816454
          ],
          [
            -51.95059396909289,
            -23.31266406984713
          ],
          [
            -51.950440726229886,
            -23.312331705302444
          ],
          [
            -51.95021887188473,
            -23.311783685465688
          ],
          [
            -51.950167042289664,
            -23.311468358253684
          ],
          [
            -51.950086556222836,
            -23.31074963704917
          ],
          [
            -51.94998147755411,
            -23.309984442190363
          ],
          [
            -51.95000396994451,
            -23.309908624698416
          ],
          [
            -51.94996738445719,
            -23.309859560730057
          ],
          [
            -51.94996076002561,
            -23.30982981453454
          ],
          [
            -51.94957812402733,
            -23.306779866337973
          ]
        ],
        "type": "LineString"
      }
    },
    {
      "type": "Feature",
      "properties": {
        "name": "Linhas de Projeto veia 156",
        "layer": "Linhas de Projeto veia",
        "classification": "Linhas de Projeto veia",
        "color": "#8c5037",
        "geometry_type": "line",
        "is_selected_area": false
      },
      "geometry": {
        "coordinates": [
          [
            -51.9509504118775,
            -23.313159041801857
          ],
          [
            -51.950722484097625,
            -23.312773004193332
          ],
          [
            -51.950561814459945,
            -23.31244365949538
          ],
          [
            -51.95035202842653,
            -23.31193767021627
          ],
          [
            -51.9502680966645,
            -23.311684391058417
          ],
          [
            -51.949638505201676,
            -23.306731992276568
          ]
        ],
        "type": "LineString"
      }
    },
    {
      "type": "Feature",
      "properties": {
        "name": "Linhas de Projeto veia 157",
        "layer": "Linhas de Projeto veia",
        "classification": "Linhas de Projeto veia",
        "color": "#8c5037",
        "geometry_type": "line",
        "is_selected_area": false
      },
      "geometry": {
        "coordinates": [
          [
            -51.950582586185874,
            -23.312329672637237
          ],
          [
            -51.95034160426709,
            -23.311709687794004
          ],
          [
            -51.950308649410886,
            -23.31153170126373
          ],
          [
            -51.95020499048302,
            -23.310633614953385
          ],
          [
            -51.94969892201964,
            -23.306684399228438
          ]
        ],
        "type": "LineString"
      }
    },
    {
      "type": "Feature",
      "properties": {
        "name": "Linhas de Projeto veia 158",
        "layer": "Linhas de Projeto veia",
        "classification": "Linhas de Projeto veia",
        "color": "#8c5037",
        "geometry_type": "line",
        "is_selected_area": false
      },
      "geometry": {
        "coordinates": [
          [
            -51.95055780845599,
            -23.312103576817133
          ],
          [
            -51.95055780845599,
            -23.312103576817123
          ]
        ],
        "type": "LineString"
      }
    },
    {
      "type": "Feature",
      "properties": {
        "name": "Linhas de Projeto veia 159",
        "layer": "Linhas de Projeto veia",
        "classification": "Linhas de Projeto veia",
        "color": "#8c5037",
        "geometry_type": "line",
        "is_selected_area": false
      },
      "geometry": {
        "coordinates": [
          [
            -51.95055780845599,
            -23.312103576817123
          ],
          [
            -51.950517219404915,
            -23.312003067805723
          ]
        ],
        "type": "LineString"
      }
    },
    {
      "type": "Feature",
      "properties": {
        "name": "Linhas de Projeto veia 160",
        "layer": "Linhas de Projeto veia",
        "classification": "Linhas de Projeto veia",
        "color": "#8c5037",
        "geometry_type": "line",
        "is_selected_area": false
      },
      "geometry": {
        "coordinates": [
          [
            -51.950429468017695,
            -23.311767267155442
          ],
          [
            -51.95041098602532,
            -23.311713804254158
          ]
        ],
        "type": "LineString"
      }
    },
    {
      "type": "Feature",
      "properties": {
        "name": "Linhas de Projeto veia 161",
        "layer": "Linhas de Projeto veia",
        "classification": "Linhas de Projeto veia",
        "color": "#8c5037",
        "geometry_type": "line",
        "is_selected_area": false
      },
      "geometry": {
        "coordinates": [
          [
            -51.95041098602532,
            -23.311713804254158
          ],
          [
            -51.95041098602532,
            -23.311713804254158
          ]
        ],
        "type": "LineString"
      }
    },
    {
      "type": "Feature",
      "properties": {
        "name": "Linhas de Projeto veia 162",
        "layer": "Linhas de Projeto veia",
        "classification": "Linhas de Projeto veia",
        "color": "#8c5037",
        "geometry_type": "line",
        "is_selected_area": false
      },
      "geometry": {
        "coordinates": [
          [
            -51.950374922093964,
            -23.31152129823736
          ],
          [
            -51.95033519396669,
            -23.31119758674436
          ]
        ],
        "type": "LineString"
      }
    },
    {
      "type": "Feature",
      "properties": {
        "name": "Linhas de Projeto veia 163",
        "layer": "Linhas de Projeto veia",
        "classification": "Linhas de Projeto veia",
        "color": "#8c5037",
        "geometry_type": "line",
        "is_selected_area": false
      },
      "geometry": {
        "coordinates": [
          [
            -51.95030150507606,
            -23.310888284325152
          ],
          [
            -51.95004625430908,
            -23.308914687677095
          ],
          [
            -51.95006204269232,
            -23.3088314198536
          ],
          [
            -51.95002733696547,
            -23.308758871449072
          ],
          [
            -51.949759435106834,
            -23.306637564615603
          ]
        ],
        "type": "LineString"
      }
    },
    {
      "type": "Feature",
      "properties": {
        "name": "Linhas de Projeto veia 164",
        "layer": "Linhas de Projeto veia",
        "classification": "Linhas de Projeto veia",
        "color": "#8c5037",
        "geometry_type": "line",
        "is_selected_area": false
      },
      "geometry": {
        "coordinates": [
          [
            -51.95034575963853,
            -23.310695550727292
          ],
          [
            -51.949819948151365,
            -23.306590729980527
          ]
        ],
        "type": "LineString"
      }
    },
    {
      "type": "Feature",
      "properties": {
        "name": "Linhas de Projeto veia 165",
        "layer": "Linhas de Projeto veia",
        "classification": "Linhas de Projeto veia",
        "color": "#8c5037",
        "geometry_type": "line",
        "is_selected_area": false
      },
      "geometry": {
        "coordinates": [
          [
            -51.95036079978211,
            -23.310314907716407
          ],
          [
            -51.94988046115324,
            -23.30654389532321
          ]
        ],
        "type": "LineString"
      }
    },
    {
      "type": "Feature",
      "properties": {
        "name": "Linhas de Projeto veia 166",
        "layer": "Linhas de Projeto veia",
        "classification": "Linhas de Projeto veia",
        "color": "#8c5037",
        "geometry_type": "line",
        "is_selected_area": false
      },
      "geometry": {
        "coordinates": [
          [
            -51.95039466040008,
            -23.31008627458441
          ],
          [
            -51.950102292552266,
            -23.30776741176406
          ],
          [
            -51.95011833988139,
            -23.307702828910138
          ],
          [
            -51.95008626276336,
            -23.307641181578216
          ],
          [
            -51.94994041795369,
            -23.306492680953475
          ]
        ],
        "type": "LineString"
      }
    },
    {
      "type": "Feature",
      "properties": {
        "name": "Linhas de Projeto veia 167",
        "layer": "Linhas de Projeto veia",
        "classification": "Linhas de Projeto veia",
        "color": "#8c5037",
        "geometry_type": "line",
        "is_selected_area": false
      },
      "geometry": {
        "coordinates": [
          [
            -51.95044329417046,
            -23.309956778439098
          ],
          [
            -51.950000165047314,
            -23.306439815511013
          ]
        ],
        "type": "LineString"
      }
    },
    {
      "type": "Feature",
      "properties": {
        "name": "Linhas de Projeto veia 168",
        "layer": "Linhas de Projeto veia",
        "classification": "Linhas de Projeto veia",
        "color": "#8c5037",
        "geometry_type": "line",
        "is_selected_area": false
      },
      "geometry": {
        "coordinates": [
          [
            -51.950467776076025,
            -23.3096378740879
          ],
          [
            -51.95005967892616,
            -23.306385113889476
          ]
        ],
        "type": "LineString"
      }
    },
    {
      "type": "Feature",
      "properties": {
        "name": "Linhas de Projeto veia 169",
        "layer": "Linhas de Projeto veia",
        "classification": "Linhas de Projeto veia",
        "color": "#8c5037",
        "geometry_type": "line",
        "is_selected_area": false
      },
      "geometry": {
        "coordinates": [
          [
            -51.95043974099617,
            -23.308873108602455
          ],
          [
            -51.95016313849137,
            -23.306676475988866
          ],
          [
            -51.950171353160435,
            -23.306624389265338
          ],
          [
            -51.95015076782528,
            -23.30657844682876
          ],
          [
            -51.95011919447095,
            -23.306330425749145
          ]
        ],
        "type": "LineString"
      }
    },
    {
      "type": "Feature",
      "properties": {
        "name": "Linhas de Projeto veia 170",
        "layer": "Linhas de Projeto veia",
        "classification": "Linhas de Projeto veia",
        "color": "#8c5037",
        "geometry_type": "line",
        "is_selected_area": false
      },
      "geometry": {
        "coordinates": [
          [
            -51.9504650783548,
            -23.308536354120964
          ],
          [
            -51.95017895835383,
            -23.306277693582683
          ]
        ],
        "type": "LineString"
      }
    },
    {
      "type": "Feature",
      "properties": {
        "name": "Linhas de Projeto veia 171",
        "layer": "Linhas de Projeto veia",
        "classification": "Linhas de Projeto veia",
        "color": "#8c5037",
        "geometry_type": "line",
        "is_selected_area": false
      },
      "geometry": {
        "coordinates": [
          [
            -51.950455208109005,
            -23.30792971342956
          ],
          [
            -51.9502392239715,
            -23.306228912814003
          ]
        ],
        "type": "LineString"
      }
    },
    {
      "type": "Feature",
      "properties": {
        "name": "Linhas de Projeto veia 172",
        "layer": "Linhas de Projeto veia",
        "classification": "Linhas de Projeto veia",
        "color": "#8c5037",
        "geometry_type": "line",
        "is_selected_area": false
      },
      "geometry": {
        "coordinates": [
          [
            -51.95045664440006,
            -23.307417673479844
          ],
          [
            -51.950298807062204,
            -23.306174757643017
          ]
        ],
        "type": "LineString"
      }
    },
    {
      "type": "Feature",
      "properties": {
        "name": "Linhas de Projeto veia 173",
        "layer": "Linhas de Projeto veia",
        "classification": "Linhas de Projeto veia",
        "color": "#8c5037",
        "geometry_type": "line",
        "is_selected_area": false
      },
      "geometry": {
        "coordinates": [
          [
            -51.9504829921807,
            -23.307101801083736
          ],
          [
            -51.950366445653515,
            -23.306184037645608
          ]
        ],
        "type": "LineString"
      }
    },
    {
      "type": "Feature",
      "properties": {
        "name": "Linhas de Projeto veia 174",
        "layer": "Linhas de Projeto veia",
        "classification": "Linhas de Projeto veia",
        "color": "#8c5037",
        "geometry_type": "line",
        "is_selected_area": false
      },
      "geometry": {
        "coordinates": [
          [
            -51.950520305953496,
            -23.306872282187395
          ],
          [
            -51.95044176652932,
            -23.30625381307999
          ]
        ],
        "type": "LineString"
      }
    },
    {
      "type": "Feature",
      "properties": {
        "name": "Linhas de Projeto veia 175",
        "layer": "Linhas de Projeto veia",
        "classification": "Linhas de Projeto veia",
        "color": "#8c5037",
        "geometry_type": "line",
        "is_selected_area": false
      },
      "geometry": {
        "coordinates": [
          [
            -51.95056038376363,
            -23.306664529829284
          ],
          [
            -51.95051724537464,
            -23.306324831808165
          ]
        ],
        "type": "LineString"
      }
    },
    {
      "type": "Feature",
      "properties": {
        "name": "linha_bordadura veia 1",
        "layer": "linha_bordadura veia",
        "classification": "linha_bordadura veia",
        "color": "#000000",
        "geometry_type": "line",
        "is_selected_area": false
      },
      "geometry": {
        "coordinates": [
          [
            -51.9473054905742,
            -23.318706014146848
          ],
          [
            -51.94733109221376,
            -23.318683445845718
          ]
        ],
        "type": "LineString"
      }
    },
    {
      "type": "Feature",
      "properties": {
        "name": "linha_bordadura veia 2",
        "layer": "linha_bordadura veia",
        "classification": "linha_bordadura veia",
        "color": "#000000",
        "geometry_type": "line",
        "is_selected_area": false
      },
      "geometry": {
        "coordinates": [
          [
            -51.94733109221376,
            -23.318683445845718
          ],
          [
            -51.94915906872384,
            -23.317185223095397
          ],
          [
            -51.94949083397926,
            -23.31691015606869
          ],
          [
            -51.94960974228074,
            -23.316796416618065
          ],
          [
            -51.94973975861166,
            -23.316702685933702
          ],
          [
            -51.95094435779887,
            -23.31569267398016
          ],
          [
            -51.95105094894803,
            -23.31562033839538
          ],
          [
            -51.95147759837154,
            -23.315248426862972
          ],
          [
            -51.95156235456069,
            -23.315157310295334
          ],
          [
            -51.95155582819071,
            -23.315099333688416
          ],
          [
            -51.95131834482183,
            -23.31489024648354
          ]
        ],
        "type": "LineString"
      }
    },
    {
      "type": "Feature",
      "properties": {
        "name": "linha_bordadura veia 3",
        "layer": "linha_bordadura veia",
        "classification": "linha_bordadura veia",
        "color": "#000000",
        "geometry_type": "line",
        "is_selected_area": false
      },
      "geometry": {
        "coordinates": [
          [
            -51.95127818214617,
            -23.314817573238795
          ],
          [
            -51.95127023924833,
            -23.314782725679535
          ],
          [
            -51.95128835993892,
            -23.314734731845444
          ],
          [
            -51.9513688573207,
            -23.3146440549541
          ],
          [
            -51.95139860442891,
            -23.314589139576672
          ],
          [
            -51.951409162891856,
            -23.314442352867093
          ],
          [
            -51.95139601731615,
            -23.314291545714376
          ],
          [
            -51.95132311736276,
            -23.314071352046568
          ],
          [
            -51.95129258085617,
            -23.313810484152555
          ],
          [
            -51.951197366677434,
            -23.313585623997778
          ],
          [
            -51.95110246620402,
            -23.313299323380978
          ],
          [
            -51.95107701786786,
            -23.313120789418164
          ],
          [
            -51.95102164007719,
            -23.312947732211022
          ],
          [
            -51.950888986028275,
            -23.31268515452084
          ],
          [
            -51.95072994953889,
            -23.31241556503542
          ],
          [
            -51.950716785907254,
            -23.312372184031208
          ],
          [
            -51.95071539265717,
            -23.312179175586856
          ],
          [
            -51.95069862507203,
            -23.312114064067465
          ],
          [
            -51.95067718556895,
            -23.312036190950092
          ],
          [
            -51.95059174458401,
            -23.31186581671743
          ],
          [
            -51.950514887600576,
            -23.31160192393146
          ],
          [
            -51.950475400263805,
            -23.311242708518837
          ],
          [
            -51.9504231455286,
            -23.31098211356565
          ],
          [
            -51.950477966416926,
            -23.3107110686629
          ],
          [
            -51.95049425814026,
            -23.310531100945845
          ],
          [
            -51.950492470595044,
            -23.31032383552437
          ],
          [
            -51.95051024217127,
            -23.310170840729164
          ],
          [
            -51.950565650097616,
            -23.31001415573618
          ],
          [
            -51.950585996977466,
            -23.30990041079744
          ],
          [
            -51.95061285668118,
            -23.309409836043102
          ],
          [
            -51.95056682135093,
            -23.30903909010157
          ],
          [
            -51.95060227282955,
            -23.308380023122997
          ],
          [
            -51.950587696764394,
            -23.30743686994058
          ],
          [
            -51.95062207164154,
            -23.30703482667704
          ],
          [
            -51.95069369100897,
            -23.306668895948974
          ],
          [
            -51.950713829758364,
            -23.306402084602336
          ],
          [
            -51.95069466848329,
            -23.30633676478118
          ],
          [
            -51.95065666596714,
            -23.3062813568487
          ],
          [
            -51.95042312573609,
            -23.306060689984626
          ],
          [
            -51.95038285017037,
            -23.30599943186575
          ],
          [
            -51.95033778202034,
            -23.305982836327182
          ],
          [
            -51.94983374436847,
            -23.306419048557334
          ],
          [
            -51.948600733963815,
            -23.30741007927166
          ],
          [
            -51.94567336610652,
            -23.30980587242043
          ],
          [
            -51.94507267634721,
            -23.310268731759503
          ],
          [
            -51.944348020841296,
            -23.31087508948475
          ],
          [
            -51.94185397728726,
            -23.312905590183064
          ],
          [
            -51.94175224381001,
            -23.313019764935362
          ],
          [
            -51.94175069580764,
            -23.313046220661217
          ],
          [
            -51.941787192708894,
            -23.31309500600231
          ],
          [
            -51.942155517845116,
            -23.313444385575238
          ],
          [
            -51.94294878744497,
            -23.31424296084599
          ],
          [
            -51.94733109221376,
            -23.318683445845718
          ]
        ],
        "type": "LineString"
      }
    },
    {
      "type": "Feature",
      "properties": {
        "name": "linha_bordadura veia 4",
        "layer": "linha_bordadura veia",
        "classification": "linha_bordadura veia",
        "color": "#000000",
        "geometry_type": "line",
        "is_selected_area": false
      },
      "geometry": {
        "coordinates": [
          [
            -51.94733109221376,
            -23.318683445845718
          ],
          [
            -51.94736312163653,
            -23.318697351693764
          ]
        ],
        "type": "LineString"
      }
    },
    {
      "type": "Feature",
      "properties": {
        "name": "linha_bordadura veia 5",
        "layer": "linha_bordadura veia",
        "classification": "linha_bordadura veia",
        "color": "#000000",
        "geometry_type": "line",
        "is_selected_area": false
      },
      "geometry": {
        "coordinates": [
          [
            -51.950413276470016,
            -23.30599209713826
          ],
          [
            -51.94984692798191,
            -23.306490132387726
          ],
          [
            -51.94837280669534,
            -23.307676850653987
          ],
          [
            -51.94573914344609,
            -23.3098341293974
          ],
          [
            -51.944991030714576,
            -23.310415657103093
          ],
          [
            -51.944413602552196,
            -23.310903138499697
          ],
          [
            -51.94191937725899,
            -23.312933449071817
          ],
          [
            -51.94182312237705,
            -23.313027642885924
          ],
          [
            -51.94177084119083,
            -23.31311387840898
          ]
        ],
        "type": "LineString"
      }
    },
    {
      "type": "Feature",
      "properties": {
        "name": "linha_bordadura veia 6",
        "layer": "linha_bordadura veia",
        "classification": "linha_bordadura veia",
        "color": "#000000",
        "geometry_type": "line",
        "is_selected_area": false
      },
      "geometry": {
        "coordinates": [
          [
            -51.94177426591107,
            -23.312954573676446
          ],
          [
            -51.941819342185106,
            -23.313036383011323
          ],
          [
            -51.941901989392754,
            -23.31311294113646
          ],
          [
            -51.941978562802255,
            -23.313137120538972
          ],
          [
            -51.94200398344016,
            -23.313211903031963
          ],
          [
            -51.94236936809914,
            -23.31357004761325
          ],
          [
            -51.94244429273333,
            -23.31360389696225
          ],
          [
            -51.94247055228326,
            -23.313671730349544
          ],
          [
            -51.942825082337016,
            -23.3140292041375
          ],
          [
            -51.942903631221434,
            -23.314063134153972
          ],
          [
            -51.94292970134282,
            -23.314134415186214
          ],
          [
            -51.943281845542316,
            -23.314496012939664
          ],
          [
            -51.94336600083711,
            -23.314529286114436
          ],
          [
            -51.943392473304144,
            -23.31460738958339
          ],
          [
            -51.94375252702565,
            -23.31497236041624
          ],
          [
            -51.94383106022612,
            -23.31499959440889
          ],
          [
            -51.94385012510379,
            -23.31506829049066
          ],
          [
            -51.94413837688102,
            -23.31535851573651
          ],
          [
            -51.94422261370296,
            -23.315440766799156
          ],
          [
            -51.944289998116034,
            -23.315465758353735
          ],
          [
            -51.94431684901137,
            -23.315536877501962
          ],
          [
            -51.944602882292195,
            -23.315830250831574
          ],
          [
            -51.944684966152174,
            -23.315863562729852
          ],
          [
            -51.94470981167871,
            -23.315937512134344
          ],
          [
            -51.94497880630611,
            -23.316213760200494
          ],
          [
            -51.94506656884829,
            -23.31624834268342
          ],
          [
            -51.94508969427991,
            -23.316326382731827
          ],
          [
            -51.94537732211415,
            -23.31661899870433
          ],
          [
            -51.94539379966929,
            -23.31669064114911
          ],
          [
            -51.94546498709428,
            -23.316709216021888
          ],
          [
            -51.94551855683344,
            -23.316758858426613
          ],
          [
            -51.94739453367228,
            -23.31866283421441
          ]
        ],
        "type": "LineString"
      }
    },
    {
      "type": "Feature",
      "properties": {
        "name": "linha_bordadura veia 7",
        "layer": "linha_bordadura veia",
        "classification": "linha_bordadura veia",
        "color": "#000000",
        "geometry_type": "line",
        "is_selected_area": false
      },
      "geometry": {
        "coordinates": [
          [
            -51.947249642611304,
            -23.318648056871215
          ],
          [
            -51.94740801497792,
            -23.31854214514814
          ],
          [
            -51.948141633207904,
            -23.3179448961594
          ],
          [
            -51.94945221472909,
            -23.31685964518482
          ],
          [
            -51.94956528686518,
            -23.316750669843813
          ],
          [
            -51.94963857641284,
            -23.316704020156934
          ],
          [
            -51.951338476838075,
            -23.31528936592393
          ],
          [
            -51.95149918369678,
            -23.315135670866336
          ],
          [
            -51.95147481551937,
            -23.31510255025153
          ],
          [
            -51.95127379406676,
            -23.31493626886394
          ]
        ],
        "type": "LineString"
      }
    },
    {
      "type": "Feature",
      "properties": {
        "name": "linha_bordadura veia 8",
        "layer": "linha_bordadura veia",
        "classification": "linha_bordadura veia",
        "color": "#000000",
        "geometry_type": "line",
        "is_selected_area": false
      },
      "geometry": {
        "coordinates": [
          [
            -51.95121065847663,
            -23.314817288196245
          ],
          [
            -51.95120185774724,
            -23.314778677016122
          ],
          [
            -51.951229699835885,
            -23.31470493551914
          ],
          [
            -51.95133459329743,
            -23.31457325871002
          ],
          [
            -51.95134189219757,
            -23.314411438030987
          ],
          [
            -51.95131279971637,
            -23.3142335214929
          ],
          [
            -51.95125909207602,
            -23.314087436120424
          ],
          [
            -51.951226002070285,
            -23.313811938094474
          ],
          [
            -51.951135440016934,
            -23.313606891975486
          ],
          [
            -51.951037713916726,
            -23.31331333478098
          ],
          [
            -51.95100912554364,
            -23.313117548370712
          ],
          [
            -51.95095075506127,
            -23.31294461544618
          ],
          [
            -51.95084841606348,
            -23.312743058502896
          ],
          [
            -51.950668808599325,
            -23.31243999508885
          ],
          [
            -51.950651177713816,
            -23.312381892073226
          ],
          [
            -51.95064906956967,
            -23.312184621501768
          ],
          [
            -51.95061409669327,
            -23.312054432831623
          ],
          [
            -51.950529273737274,
            -23.311885930134014
          ],
          [
            -51.95045103950369,
            -23.311620114739107
          ],
          [
            -51.95040333438427,
            -23.311196316412257
          ],
          [
            -51.95035701658341,
            -23.310984240676046
          ],
          [
            -51.95041277749071,
            -23.310701471318076
          ],
          [
            -51.950429937581035,
            -23.310505392507032
          ],
          [
            -51.950426391785605,
            -23.310322086552144
          ],
          [
            -51.95044605324282,
            -23.310155010369883
          ],
          [
            -51.95050199030413,
            -23.30999738718875
          ],
          [
            -51.95052054230319,
            -23.30989221293375
          ],
          [
            -51.950546830041,
            -23.309412228108503
          ],
          [
            -51.95050082404998,
            -23.30904179028392
          ],
          [
            -51.9505362408636,
            -23.308378232951103
          ],
          [
            -51.95052033500128,
            -23.307910701675457
          ],
          [
            -51.95052165029301,
            -23.307436009800856
          ],
          [
            -51.950559470849534,
            -23.307009503281158
          ],
          [
            -51.95061894162673,
            -23.30673118041241
          ],
          [
            -51.95064843744843,
            -23.30641077400027
          ],
          [
            -51.9506234408051,
            -23.306341254485464
          ],
          [
            -51.950369577186265,
            -23.30609684994074
          ],
          [
            -51.950289918412686,
            -23.305977624984738
          ]
        ],
        "type": "LineString"
      }
    },
    {
      "type": "Feature",
      "properties": {
        "name": "linha_bordadura veia 9",
        "layer": "linha_bordadura veia",
        "classification": "linha_bordadura veia",
        "color": "#000000",
        "geometry_type": "line",
        "is_selected_area": false
      },
      "geometry": {
        "coordinates": [
          [
            -51.95148985581644,
            -23.315190533874883
          ],
          [
            -51.951335883048124,
            -23.31507925361255
          ],
          [
            -51.95123275183903,
            -23.314986269955885
          ],
          [
            -51.95118762061579,
            -23.314935090882088
          ],
          [
            -51.95115482321815,
            -23.314868283429085
          ],
          [
            -51.95113347624915,
            -23.31477462832273
          ],
          [
            -51.95117103975843,
            -23.31467513916991
          ],
          [
            -51.95127058218023,
            -23.314557377816698
          ],
          [
            -51.95127643929626,
            -23.314458422529388
          ],
          [
            -51.951272193080655,
            -23.314342628637306
          ],
          [
            -51.951184417714266,
            -23.314044200343805
          ],
          [
            -51.95116145009983,
            -23.313825263458067
          ],
          [
            -51.95107351333593,
            -23.31362815992931
          ],
          [
            -51.950974316506105,
            -23.31333075127022
          ],
          [
            -51.95095096972411,
            -23.31316111580668
          ],
          [
            -51.95088887174313,
            -23.312965905713842
          ],
          [
            -51.950789273408176,
            -23.312770290811073
          ],
          [
            -51.95060766763668,
            -23.312464425119092
          ],
          [
            -51.950585569509826,
            -23.31239160008809
          ],
          [
            -51.9505844832612,
            -23.312197237866677
          ],
          [
            -51.95054426163266,
            -23.312056010914517
          ],
          [
            -51.95046269238859,
            -23.31189225408703
          ],
          [
            -51.95038619915721,
            -23.31163197119877
          ],
          [
            -51.950333302194984,
            -23.311182289772415
          ],
          [
            -51.95029783413675,
            -23.311047744222808
          ],
          [
            -51.95029316722914,
            -23.31092541404968
          ],
          [
            -51.95035171166707,
            -23.310650277783516
          ],
          [
            -51.95037425650452,
            -23.310186527451954
          ],
          [
            -51.950393402705394,
            -23.310089609521608
          ],
          [
            -51.95043833052571,
            -23.309980618614876
          ],
          [
            -51.950457866338475,
            -23.3098579579185
          ],
          [
            -51.950480393034525,
            -23.309475539653487
          ],
          [
            -51.950470420234105,
            -23.30927198552972
          ],
          [
            -51.950434806549204,
            -23.30904007694154
          ],
          [
            -51.9504701347723,
            -23.308377434883614
          ],
          [
            -51.950452706014815,
            -23.307777312860786
          ],
          [
            -51.95045663275547,
            -23.307416500924447
          ],
          [
            -51.95048752341934,
            -23.307056415912342
          ],
          [
            -51.95055643149007,
            -23.30670105642842
          ],
          [
            -51.95058257573822,
            -23.306417143299463
          ],
          [
            -51.950567214640394,
            -23.306373777451547
          ],
          [
            -51.95026459011365,
            -23.30607997614204
          ]
        ],
        "type": "LineString"
      }
    },
    {
      "type": "Feature",
      "properties": {
        "name": "linha_bordadura veia 10",
        "layer": "linha_bordadura veia",
        "classification": "linha_bordadura veia",
        "color": "#000000",
        "geometry_type": "line",
        "is_selected_area": false
      },
      "geometry": {
        "coordinates": [
          [
            -51.95040039598035,
            -23.306084711546443
          ],
          [
            -51.94988720971188,
            -23.30653867220373
          ],
          [
            -51.948505844054075,
            -23.307649180914243
          ],
          [
            -51.94587266359627,
            -23.309806948637675
          ],
          [
            -51.945124294067945,
            -23.310388212290633
          ],
          [
            -51.94454713982532,
            -23.3108759763801
          ],
          [
            -51.94194142062382,
            -23.312996943719195
          ],
          [
            -51.94184109356223,
            -23.31309943667423
          ]
        ],
        "type": "LineString"
      }
    },
    {
      "type": "Feature",
      "properties": {
        "name": "linha_bordadura veia 11",
        "layer": "linha_bordadura veia",
        "classification": "linha_bordadura veia",
        "color": "#000000",
        "geometry_type": "line",
        "is_selected_area": false
      },
      "geometry": {
        "coordinates": [
          [
            -51.94183580080406,
            -23.312968093838588
          ],
          [
            -51.942246206697696,
            -23.313355293245408
          ],
          [
            -51.94303939470692,
            -23.314153940606577
          ],
          [
            -51.94740425641918,
            -23.31858152405791
          ]
        ],
        "type": "LineString"
      }
    },
    {
      "type": "Feature",
      "properties": {
        "name": "linha_bordadura veia 12",
        "layer": "linha_bordadura veia",
        "classification": "linha_bordadura veia",
        "color": "#000000",
        "geometry_type": "line",
        "is_selected_area": false
      },
      "geometry": {
        "coordinates": [
          [
            -51.94725936544597,
            -23.31856674672069
          ],
          [
            -51.94735691902223,
            -23.318502444932133
          ],
          [
            -51.94785484254886,
            -23.31809880205226
          ],
          [
            -51.94940012997156,
            -23.316821500307647
          ],
          [
            -51.94952083148013,
            -23.316704923055692
          ],
          [
            -51.9496015933524,
            -23.316652970666382
          ],
          [
            -51.95076525007437,
            -23.315687508610853
          ],
          [
            -51.950857989070286,
            -23.31559924986784
          ],
          [
            -51.95098366086913,
            -23.315512719063804
          ],
          [
            -51.95147968124885,
            -23.315069390911606
          ]
        ],
        "type": "LineString"
      }
    },
    {
      "type": "Feature",
      "properties": {
        "name": "obstaculos veia 1",
        "layer": "obstaculos veia",
        "classification": "obstaculos veia - circulo",
        "color": "#dc1e14",
        "geometry_type": "line",
        "is_selected_area": false
      },
      "geometry": {
        "coordinates": [
          [
            [
              -51.94541642827574,
              -23.31666455275474
            ],
            [
              -51.945425172320185,
              -23.316656370996203
            ],
            [
              -51.94543403134464,
              -23.31666444656481
            ],
            [
              -51.94542528730025,
              -23.316672628323847
            ],
            [
              -51.94541642827574,
              -23.31666455275474
            ]
          ],
          [
            [
              -51.945425268903435,
              -23.316670027151417
            ],
            [
              -51.945423898164684,
              -23.31666621585477
            ]
          ],
          [
            [
              -51.945423898164684,
              -23.31666621585477
            ],
            [
              -51.94542305100159,
              -23.3166638603439
            ]
          ],
          [
            [
              -51.94542305100159,
              -23.3166638603439
            ],
            [
              -51.94542168026298,
              -23.31666004904724
            ],
            [
              -51.94542521487793,
              -23.316662388346177
            ]
          ],
          [
            [
              -51.94542521487793,
              -23.316662388346177
            ],
            [
              -51.945427399390155,
              -23.316663834112394
            ]
          ],
          [
            [
              -51.945427399390155,
              -23.316663834112394
            ],
            [
              -51.94543093400529,
              -23.316666173411196
            ],
            [
              -51.94542658561666,
              -23.316666199642814
            ]
          ],
          [
            [
              -51.94542658561666,
              -23.316666199642814
            ],
            [
              -51.945423898164684,
              -23.31666621585477
            ]
          ],
          [
            [
              -51.945423898164684,
              -23.31666621585477
            ],
            [
              -51.94541954977605,
              -23.316666242086185
            ],
            [
              -51.94542305100159,
              -23.3166638603439
            ]
          ],
          [
            [
              -51.94542305100159,
              -23.3166638603439
            ],
            [
              -51.94542521487793,
              -23.316662388346177
            ]
          ],
          [
            [
              -51.94542521487793,
              -23.316662388346177
            ],
            [
              -51.94542871610327,
              -23.316660006603772
            ],
            [
              -51.945427399390155,
              -23.316663834112394
            ]
          ],
          [
            [
              -51.945427399390155,
              -23.316663834112394
            ],
            [
              -51.94542658561666,
              -23.316666199642814
            ]
          ],
          [
            [
              -51.94542658561666,
              -23.316666199642814
            ],
            [
              -51.945425268903435,
              -23.316670027151417
            ]
          ]
        ],
        "type": "MultiLineString"
      }
    },
    {
      "type": "Feature",
      "properties": {
        "name": "obstaculos veia 2",
        "layer": "obstaculos veia",
        "classification": "obstaculos veia - circulo",
        "color": "#dc1e14",
        "geometry_type": "line",
        "is_selected_area": false
      },
      "geometry": {
        "coordinates": [
          [
            [
              -51.945025588665864,
              -23.31627374848272
            ],
            [
              -51.945034332710414,
              -23.316265566745635
            ],
            [
              -51.94504319168529,
              -23.31627364233836
            ],
            [
              -51.9450344476408,
              -23.316281824075926
            ],
            [
              -51.945025588665864,
              -23.31627374848272
            ]
          ],
          [
            [
              -51.94503442925192,
              -23.316279222903077
            ],
            [
              -51.94503305852864,
              -23.316275411602334
            ]
          ],
          [
            [
              -51.94503305852864,
              -23.316275411602334
            ],
            [
              -51.94503221137509,
              -23.316273056088928
            ]
          ],
          [
            [
              -51.94503221137509,
              -23.316273056088928
            ],
            [
              -51.94503084065192,
              -23.316269244788163
            ],
            [
              -51.94503437524977,
              -23.316271584096597
            ]
          ],
          [
            [
              -51.94503437524977,
              -23.316271584096597
            ],
            [
              -51.945036559751436,
              -23.31627302986868
            ]
          ],
          [
            [
              -51.945036559751436,
              -23.31627302986868
            ],
            [
              -51.945040094349466,
              -23.31627536917697
            ],
            [
              -51.94503574597305,
              -23.31627539539733
            ]
          ],
          [
            [
              -51.94503574597305,
              -23.31627539539733
            ],
            [
              -51.94503305852864,
              -23.316275411602334
            ]
          ],
          [
            [
              -51.94503305852864,
              -23.316275411602334
            ],
            [
              -51.945028710152215,
              -23.316275437822494
            ],
            [
              -51.94503221137509,
              -23.316273056088928
            ]
          ],
          [
            [
              -51.94503221137509,
              -23.316273056088928
            ],
            [
              -51.94503437524977,
              -23.316271584096597
            ]
          ],
          [
            [
              -51.94503437524977,
              -23.316271584096597
            ],
            [
              -51.94503787647244,
              -23.31626920236291
            ],
            [
              -51.945036559751436,
              -23.31627302986868
            ]
          ],
          [
            [
              -51.945036559751436,
              -23.31627302986868
            ],
            [
              -51.94503574597305,
              -23.31627539539733
            ]
          ],
          [
            [
              -51.94503574597305,
              -23.31627539539733
            ],
            [
              -51.94503442925192,
              -23.316279222903077
            ]
          ]
        ],
        "type": "MultiLineString"
      }
    },
    {
      "type": "Feature",
      "properties": {
        "name": "obstaculos veia 3",
        "layer": "obstaculos veia",
        "classification": "obstaculos veia - circulo",
        "color": "#dc1e14",
        "geometry_type": "line",
        "is_selected_area": false
      },
      "geometry": {
        "coordinates": [
          [
            [
              -51.94464500001179,
              -23.315890026809573
            ],
            [
              -51.944653744056225,
              -23.31588184509339
            ],
            [
              -51.944662602982625,
              -23.3158899207096
            ],
            [
              -51.94465385893822,
              -23.315898102426267
            ],
            [
              -51.94464500001179,
              -23.315890026809573
            ]
          ],
          [
            [
              -51.944653840557095,
              -23.315895501253003
            ],
            [
              -51.94465246984888,
              -23.315891689948266
            ]
          ],
          [
            [
              -51.94465246984888,
              -23.315891689948266
            ],
            [
              -51.94465162270465,
              -23.315889334432388
            ]
          ],
          [
            [
              -51.94465162270465,
              -23.315889334432388
            ],
            [
              -51.944650251996556,
              -23.31588552312763
            ],
            [
              -51.94465378657766,
              -23.31588786244531
            ]
          ],
          [
            [
              -51.94465378657766,
              -23.31588786244531
            ],
            [
              -51.94465597106899,
              -23.315889308223102
            ]
          ],
          [
            [
              -51.94465597106899,
              -23.315889308223102
            ],
            [
              -51.944659505650286,
              -23.315891647540642
            ],
            [
              -51.94465515728588,
              -23.31589167375004
            ]
          ],
          [
            [
              -51.94465515728588,
              -23.31589167375004
            ],
            [
              -51.94465246984888,
              -23.315891689948266
            ]
          ],
          [
            [
              -51.94465246984888,
              -23.315891689948266
            ],
            [
              -51.94464812148446,
              -23.31589171615746
            ],
            [
              -51.94465162270465,
              -23.315889334432388
            ]
          ],
          [
            [
              -51.94465162270465,
              -23.315889334432388
            ],
            [
              -51.94465378657766,
              -23.31588786244531
            ]
          ],
          [
            [
              -51.94465378657766,
              -23.31588786244531
            ],
            [
              -51.94465728779766,
              -23.31588548072012
            ],
            [
              -51.94465597106899,
              -23.315889308223102
            ]
          ],
          [
            [
              -51.94465597106899,
              -23.315889308223102
            ],
            [
              -51.94465515728588,
              -23.31589167375004
            ]
          ],
          [
            [
              -51.94465515728588,
              -23.31589167375004
            ],
            [
              -51.944653840557095,
              -23.315895501253003
            ]
          ]
        ],
        "type": "MultiLineString"
      }
    },
    {
      "type": "Feature",
      "properties": {
        "name": "obstaculos veia 4",
        "layer": "obstaculos veia",
        "classification": "obstaculos veia - circulo",
        "color": "#dc1e14",
        "geometry_type": "line",
        "is_selected_area": false
      },
      "geometry": {
        "coordinates": [
          [
            [
              -51.944250071521815,
              -23.3154922620462
            ],
            [
              -51.944258815566194,
              -23.315484080351702
            ],
            [
              -51.944267674442294,
              -23.315492155992274
            ],
            [
              -51.944258930397964,
              -23.31550033768726
            ],
            [
              -51.944250071521815,
              -23.3154922620462
            ]
          ],
          [
            [
              -51.94425891202487,
              -23.31549773651356
            ],
            [
              -51.9442575413323,
              -23.31549392520468
            ]
          ],
          [
            [
              -51.9442575413323,
              -23.31549392520468
            ],
            [
              -51.94425669419774,
              -23.315491569686248
            ]
          ],
          [
            [
              -51.94425669419774,
              -23.315491569686248
            ],
            [
              -51.944255323505296,
              -23.315487758377333
            ],
            [
              -51.94425885806904,
              -23.3154900977046
            ]
          ],
          [
            [
              -51.94425885806904,
              -23.3154900977046
            ],
            [
              -51.944261042549634,
              -23.31549154348833
            ]
          ],
          [
            [
              -51.944261042549634,
              -23.31549154348833
            ],
            [
              -51.94426457711358,
              -23.315493882815467
            ],
            [
              -51.94426022876161,
              -23.315493909013483
            ]
          ],
          [
            [
              -51.94426022876161,
              -23.315493909013483
            ],
            [
              -51.9442575413323,
              -23.31549392520468
            ]
          ],
          [
            [
              -51.9442575413323,
              -23.31549392520468
            ],
            [
              -51.94425319298033,
              -23.315493951402495
            ],
            [
              -51.94425669419774,
              -23.315491569686248
            ]
          ],
          [
            [
              -51.94425669419774,
              -23.315491569686248
            ],
            [
              -51.94425885806904,
              -23.3154900977046
            ]
          ],
          [
            [
              -51.94425885806904,
              -23.3154900977046
            ],
            [
              -51.94426235928626,
              -23.31548771598823
            ],
            [
              -51.944261042549634,
              -23.31549154348833
            ]
          ],
          [
            [
              -51.944261042549634,
              -23.31549154348833
            ],
            [
              -51.94426022876161,
              -23.315493909013483
            ]
          ],
          [
            [
              -51.94426022876161,
              -23.315493909013483
            ],
            [
              -51.94425891202487,
              -23.31549773651356
            ]
          ]
        ],
        "type": "MultiLineString"
      }
    },
    {
      "type": "Feature",
      "properties": {
        "name": "obstaculos veia 5",
        "layer": "obstaculos veia",
        "classification": "obstaculos veia - circulo",
        "color": "#dc1e14",
        "geometry_type": "line",
        "is_selected_area": false
      },
      "geometry": {
        "coordinates": [
          [
            [
              -51.94379171689983,
              -23.315026671670296
            ],
            [
              -51.94380046094387,
              -23.315018490000977
            ],
            [
              -51.943809319761336,
              -23.315026565669847
            ],
            [
              -51.94380057571735,
              -23.315034747339652
            ],
            [
              -51.94379171689983,
              -23.315026671670296
            ]
          ],
          [
            [
              -51.94380055735358,
              -23.315032146165464
            ],
            [
              -51.9437991866792,
              -23.315028334851764
            ]
          ],
          [
            [
              -51.9437991866792,
              -23.315028334851764
            ],
            [
              -51.94379833955589,
              -23.315025979330354
            ]
          ],
          [
            [
              -51.94379833955589,
              -23.315025979330354
            ],
            [
              -51.94379696888164,
              -23.31502216801663
            ],
            [
              -51.943800503425145,
              -23.315024507355037
            ]
          ],
          [
            [
              -51.943800503425145,
              -23.315024507355037
            ],
            [
              -51.94380268789322,
              -23.31502595314565
            ]
          ],
          [
            [
              -51.94380268789322,
              -23.31502595314565
            ],
            [
              -51.94380622243691,
              -23.315028292483927
            ],
            [
              -51.94380187409952,
              -23.315028318668727
            ]
          ],
          [
            [
              -51.94380187409952,
              -23.315028318668727
            ],
            [
              -51.9437991866792,
              -23.315028334851764
            ]
          ],
          [
            [
              -51.9437991866792,
              -23.315028334851764
            ],
            [
              -51.943794838341795,
              -23.31502836103637
            ],
            [
              -51.94379833955589,
              -23.315025979330354
            ]
          ],
          [
            [
              -51.94379833955589,
              -23.315025979330354
            ],
            [
              -51.943800503425145,
              -23.315024507355037
            ]
          ],
          [
            [
              -51.943800503425145,
              -23.315024507355037
            ],
            [
              -51.943804004639034,
              -23.315022125648895
            ],
            [
              -51.94380268789322,
              -23.31502595314565
            ]
          ],
          [
            [
              -51.94380268789322,
              -23.31502595314565
            ],
            [
              -51.94380187409952,
              -23.315028318668727
            ]
          ],
          [
            [
              -51.94380187409952,
              -23.315028318668727
            ],
            [
              -51.94380055735358,
              -23.315032146165464
            ]
          ]
        ],
        "type": "MultiLineString"
      }
    },
    {
      "type": "Feature",
      "properties": {
        "name": "obstaculos veia 6",
        "layer": "obstaculos veia",
        "classification": "obstaculos veia - circulo",
        "color": "#dc1e14",
        "geometry_type": "line",
        "is_selected_area": false
      },
      "geometry": {
        "coordinates": [
          [
            [
              -51.94332601956543,
              -23.31455573450416
            ],
            [
              -51.94333476360927,
              -23.314547552860414
            ],
            [
              -51.943343622367316,
              -23.31455562855803
            ],
            [
              -51.94333487832354,
              -23.31456381020225
            ],
            [
              -51.94332601956543,
              -23.31455573450416
            ]
          ],
          [
            [
              -51.94333485996924,
              -23.314561209027552
            ],
            [
              -51.94333348931333,
              -23.314557397708978
            ]
          ],
          [
            [
              -51.94333348931333,
              -23.314557397708978
            ],
            [
              -51.943332642201426,
              -23.31455504218454
            ]
          ],
          [
            [
              -51.943332642201426,
              -23.31455504218454
            ],
            [
              -51.94333127154564,
              -23.31455123086593
            ],
            [
              -51.94333480606862,
              -23.314553570215654
            ]
          ],
          [
            [
              -51.94333480606862,
              -23.314553570215654
            ],
            [
              -51.943336990524024,
              -23.31455501601325
            ]
          ],
          [
            [
              -51.943336990524024,
              -23.31455501601325
            ],
            [
              -51.943340525047205,
              -23.31455735536284
            ],
            [
              -51.94333617672453,
              -23.31455738153422
            ]
          ],
          [
            [
              -51.94333617672453,
              -23.31455738153422
            ],
            [
              -51.94333348931333,
              -23.314557397708978
            ]
          ],
          [
            [
              -51.94333348931333,
              -23.314557397708978
            ],
            [
              -51.94332914099065,
              -23.31455742388017
            ],
            [
              -51.943332642201426,
              -23.31455504218454
            ]
          ],
          [
            [
              -51.943332642201426,
              -23.31455504218454
            ],
            [
              -51.94333480606862,
              -23.314553570215654
            ]
          ],
          [
            [
              -51.94333480606862,
              -23.314553570215654
            ],
            [
              -51.9433383072792,
              -23.314551188519907
            ],
            [
              -51.943336990524024,
              -23.31455501601325
            ]
          ],
          [
            [
              -51.943336990524024,
              -23.31455501601325
            ],
            [
              -51.94333617672453,
              -23.31455738153422
            ]
          ],
          [
            [
              -51.94333617672453,
              -23.31455738153422
            ],
            [
              -51.94333485996924,
              -23.314561209027552
            ]
          ]
        ],
        "type": "MultiLineString"
      }
    },
    {
      "type": "Feature",
      "properties": {
        "name": "obstaculos veia 7",
        "layer": "obstaculos veia",
        "classification": "obstaculos veia - circulo",
        "color": "#dc1e14",
        "geometry_type": "line",
        "is_selected_area": false
      },
      "geometry": {
        "coordinates": [
          [
            [
              -51.94286283701308,
              -23.314088739124376
            ],
            [
              -51.94287158105681,
              -23.314080557506063
            ],
            [
              -51.94288043975584,
              -23.314088633232245
            ],
            [
              -51.94287169571217,
              -23.314096814851037
            ],
            [
              -51.94286283701308,
              -23.314088739124376
            ]
          ],
          [
            [
              -51.94287167736729,
              -23.314094213675844
            ],
            [
              -51.94287030672975,
              -23.314090402352388
            ]
          ],
          [
            [
              -51.94287030672975,
              -23.314090402352388
            ],
            [
              -51.94286945962918,
              -23.314088046824956
            ]
          ],
          [
            [
              -51.94286945962918,
              -23.314088046824956
            ],
            [
              -51.942868088991744,
              -23.314084235501483
            ],
            [
              -51.94287162349436,
              -23.314086574862458
            ]
          ],
          [
            [
              -51.94287162349436,
              -23.314086574862458
            ],
            [
              -51.94287380793717,
              -23.314088020667015
            ]
          ],
          [
            [
              -51.94287380793717,
              -23.314088020667015
            ],
            [
              -51.942877342439985,
              -23.314090360027848
            ],
            [
              -51.94287299413192,
              -23.314090386185885
            ]
          ],
          [
            [
              -51.94287299413192,
              -23.314090386185885
            ],
            [
              -51.94287030672975,
              -23.314090402352388
            ]
          ],
          [
            [
              -51.94287030672975,
              -23.314090402352388
            ],
            [
              -51.94286595842167,
              -23.314090428510237
            ],
            [
              -51.94286945962918,
              -23.314088046824956
            ]
          ],
          [
            [
              -51.94286945962918,
              -23.314088046824956
            ],
            [
              -51.94287162349436,
              -23.314086574862458
            ]
          ],
          [
            [
              -51.94287162349436,
              -23.314086574862458
            ],
            [
              -51.94287512470167,
              -23.314084193177052
            ],
            [
              -51.94287380793717,
              -23.314088020667015
            ]
          ],
          [
            [
              -51.94287380793717,
              -23.314088020667015
            ],
            [
              -51.94287299413192,
              -23.314090386185885
            ]
          ],
          [
            [
              -51.94287299413192,
              -23.314090386185885
            ],
            [
              -51.94287167736729,
              -23.314094213675844
            ]
          ]
        ],
        "type": "MultiLineString"
      }
    },
    {
      "type": "Feature",
      "properties": {
        "name": "obstaculos veia 8",
        "layer": "obstaculos veia",
        "classification": "obstaculos veia - circulo",
        "color": "#dc1e14",
        "geometry_type": "line",
        "is_selected_area": false
      },
      "geometry": {
        "coordinates": [
          [
            [
              -51.9424034817429,
              -23.31362948383131
            ],
            [
              -51.94241222578674,
              -23.313621302238225
            ],
            [
              -51.94242108442752,
              -23.313629377992736
            ],
            [
              -51.942412340383726,
              -23.313637559586308
            ],
            [
              -51.9424034817429,
              -23.31362948383131
            ]
          ],
          [
            [
              -51.94241232204819,
              -23.313634958410614
            ],
            [
              -51.94241095142879,
              -23.313631147082354
            ]
          ],
          [
            [
              -51.94241095142879,
              -23.313631147082354
            ],
            [
              -51.942410104339444,
              -23.313628791551935
            ]
          ],
          [
            [
              -51.942410104339444,
              -23.313628791551935
            ],
            [
              -51.942408733720164,
              -23.313624980223647
            ],
            [
              -51.94241226820269,
              -23.31362731959577
            ]
          ],
          [
            [
              -51.94241226820269,
              -23.31362731959577
            ],
            [
              -51.94241445263308,
              -23.313628765407223
            ]
          ],
          [
            [
              -51.94241445263308,
              -23.313628765407223
            ],
            [
              -51.942417987115796,
              -23.3136311047792
            ],
            [
              -51.942413638822096,
              -23.313631130924033
            ]
          ],
          [
            [
              -51.942413638822096,
              -23.313631130924033
            ],
            [
              -51.94241095142879,
              -23.313631147082354
            ]
          ],
          [
            [
              -51.94241095142879,
              -23.313631147082354
            ],
            [
              -51.94240660313507,
              -23.313631173226973
            ],
            [
              -51.942410104339444,
              -23.313628791551935
            ]
          ],
          [
            [
              -51.942410104339444,
              -23.313628791551935
            ],
            [
              -51.94241226820269,
              -23.31362731959577
            ]
          ],
          [
            [
              -51.94241226820269,
              -23.31362731959577
            ],
            [
              -51.94241576940685,
              -23.313624937920608
            ],
            [
              -51.94241445263308,
              -23.313628765407223
            ]
          ],
          [
            [
              -51.94241445263308,
              -23.313628765407223
            ],
            [
              -51.942413638822096,
              -23.313631130924033
            ]
          ],
          [
            [
              -51.942413638822096,
              -23.313631130924033
            ],
            [
              -51.94241232204819,
              -23.313634958410614
            ]
          ]
        ],
        "type": "MultiLineString"
      }
    },
    {
      "type": "Feature",
      "properties": {
        "name": "obstaculos veia 9",
        "layer": "obstaculos veia",
        "classification": "obstaculos veia - circulo",
        "color": "#dc1e14",
        "geometry_type": "line",
        "is_selected_area": false
      },
      "geometry": {
        "coordinates": [
          [
            [
              -51.9419384551181,
              -23.3131634405115
            ],
            [
              -51.941947199162,
              -23.313155258943947
            ],
            [
              -51.94195605774373,
              -23.313163334727133
            ],
            [
              -51.94194731369987,
              -23.313171516295174
            ],
            [
              -51.9419384551181,
              -23.3131634405115
            ]
          ],
          [
            [
              -51.9419472953738,
              -23.313168915118975
            ],
            [
              -51.94194592477278,
              -23.313165103785835
            ]
          ],
          [
            [
              -51.94194592477278,
              -23.313165103785835
            ],
            [
              -51.941945077694804,
              -23.313162748252406
            ]
          ],
          [
            [
              -51.941945077694804,
              -23.313162748252406
            ],
            [
              -51.94194370709391,
              -23.313158936919233
            ],
            [
              -51.94194724155606,
              -23.313161276302658
            ]
          ],
          [
            [
              -51.94194724155606,
              -23.313161276302658
            ],
            [
              -51.94194942597386,
              -23.31316272212108
            ]
          ],
          [
            [
              -51.94194942597386,
              -23.31316272212108
            ],
            [
              -51.94195296043621,
              -23.313165061504364
            ],
            [
              -51.941948612157084,
              -23.313165087635788
            ]
          ],
          [
            [
              -51.941948612157084,
              -23.313165087635788
            ],
            [
              -51.94194592477278,
              -23.313165103785835
            ]
          ],
          [
            [
              -51.94194592477278,
              -23.313165103785835
            ],
            [
              -51.94194157649364,
              -23.313165129917067
            ],
            [
              -51.941945077694804,
              -23.313162748252406
            ]
          ],
          [
            [
              -51.941945077694804,
              -23.313162748252406
            ],
            [
              -51.94194724155606,
              -23.313161276302658
            ]
          ],
          [
            [
              -51.94194724155606,
              -23.313161276302658
            ],
            [
              -51.941950742757015,
              -23.313158894637876
            ],
            [
              -51.94194942597386,
              -23.31316272212108
            ]
          ],
          [
            [
              -51.94194942597386,
              -23.31316272212108
            ],
            [
              -51.941948612157084,
              -23.313165087635788
            ]
          ],
          [
            [
              -51.941948612157084,
              -23.313165087635788
            ],
            [
              -51.9419472953738,
              -23.313168915118975
            ]
          ]
        ],
        "type": "MultiLineString"
      }
    },
    {
      "type": "Feature",
      "properties": {
        "name": "obstaculos veia 10",
        "layer": "obstaculos veia",
        "classification": "obstaculos veia - circulo",
        "color": "#dc1e14",
        "geometry_type": "line",
        "is_selected_area": false
      },
      "geometry": {
        "coordinates": [
          [
            -51.95011432481678,
            -23.30612874865898
          ],
          [
            -51.95010875104729,
            -23.30613294224113
          ]
        ],
        "type": "LineString"
      }
    },
    {
      "type": "Feature",
      "properties": {
        "name": "obstaculos veia 11",
        "layer": "obstaculos veia",
        "classification": "obstaculos veia - circulo",
        "color": "#dc1e14",
        "geometry_type": "line",
        "is_selected_area": false
      },
      "geometry": {
        "coordinates": [
          [
            [
              -51.95012103191927,
              -23.306628940510663
            ],
            [
              -51.95012977503293,
              -23.306620758510245
            ],
            [
              -51.95013863364309,
              -23.306628833835596
            ],
            [
              -51.95012989052948,
              -23.306637015836497
            ],
            [
              -51.95012103191927,
              -23.306628940510663
            ]
          ],
          [
            [
              -51.95012987205002,
              -23.306634414664288
            ],
            [
              -51.95012850129262,
              -23.30663060340501
            ]
          ],
          [
            [
              -51.95012850129262,
              -23.30663060340501
            ],
            [
              -51.95012765411798,
              -23.30662824791723
            ]
          ],
          [
            [
              -51.95012765411798,
              -23.30662824791723
            ],
            [
              -51.95012628336071,
              -23.306624436657923
            ],
            [
              -51.95012981778183,
              -23.306626775859716
            ]
          ],
          [
            [
              -51.95012981778183,
              -23.306626775859716
            ],
            [
              -51.95013200217428,
              -23.30662822156588
            ]
          ],
          [
            [
              -51.95013200217428,
              -23.30662822156588
            ],
            [
              -51.950135536595596,
              -23.30663056076753
            ],
            [
              -51.95013118853923,
              -23.306630587118978
            ]
          ],
          [
            [
              -51.95013118853923,
              -23.306630587118978
            ],
            [
              -51.95012850129262,
              -23.30663060340501
            ]
          ],
          [
            [
              -51.95012850129262,
              -23.30663060340501
            ],
            [
              -51.950124153236246,
              -23.306630629756274
            ],
            [
              -51.95012765411798,
              -23.30662824791723
            ]
          ],
          [
            [
              -51.95012765411798,
              -23.30662824791723
            ],
            [
              -51.95012981778183,
              -23.306626775859716
            ]
          ],
          [
            [
              -51.95012981778183,
              -23.306626775859716
            ],
            [
              -51.950133318663376,
              -23.306624394020545
            ],
            [
              -51.95013200217428,
              -23.30662822156588
            ]
          ],
          [
            [
              -51.95013200217428,
              -23.30662822156588
            ],
            [
              -51.95013118853923,
              -23.306630587118978
            ]
          ],
          [
            [
              -51.95013118853923,
              -23.306630587118978
            ],
            [
              -51.95012987205002,
              -23.306634414664288
            ]
          ]
        ],
        "type": "MultiLineString"
      }
    },
    {
      "type": "Feature",
      "properties": {
        "name": "obstaculos veia 12",
        "layer": "obstaculos veia",
        "classification": "obstaculos veia - circulo",
        "color": "#dc1e14",
        "geometry_type": "line",
        "is_selected_area": false
      },
      "geometry": {
        "coordinates": [
          [
            [
              -51.950067893391214,
              -23.30770625479436
            ],
            [
              -51.95007663657614,
              -23.307698072795596
            ],
            [
              -51.950085495257085,
              -23.307706148120616
            ],
            [
              -51.95007675207221,
              -23.307714330119865
            ],
            [
              -51.950067893391214,
              -23.30770625479436
            ]
          ],
          [
            [
              -51.95007673359283,
              -23.30771172894797
            ],
            [
              -51.95007536282469,
              -23.307707917689058
            ]
          ],
          [
            [
              -51.95007536282469,
              -23.307707917689058
            ],
            [
              -51.950074515643436,
              -23.30770556220151
            ]
          ],
          [
            [
              -51.950074515643436,
              -23.30770556220151
            ],
            [
              -51.950073144875425,
              -23.307701750942563
            ],
            [
              -51.95007667932488,
              -23.307704090144334
            ]
          ],
          [
            [
              -51.95007667932488,
              -23.307704090144334
            ],
            [
              -51.950078863734824,
              -23.307705535850484
            ]
          ],
          [
            [
              -51.950078863734824,
              -23.307705535850484
            ],
            [
              -51.950082398184456,
              -23.307707875052103
            ],
            [
              -51.950078050093005,
              -23.307707901403226
            ]
          ],
          [
            [
              -51.950078050093005,
              -23.307707901403226
            ],
            [
              -51.95007536282469,
              -23.307707917689058
            ]
          ],
          [
            [
              -51.95007536282469,
              -23.307707917689058
            ],
            [
              -51.95007101473323,
              -23.307707944039993
            ],
            [
              -51.950074515643436,
              -23.30770556220151
            ]
          ],
          [
            [
              -51.950074515643436,
              -23.30770556220151
            ],
            [
              -51.95007667932488,
              -23.307704090144334
            ]
          ],
          [
            [
              -51.95007667932488,
              -23.307704090144334
            ],
            [
              -51.95008018023488,
              -23.30770170830572
            ],
            [
              -51.950078863734824,
              -23.307705535850484
            ]
          ],
          [
            [
              -51.950078863734824,
              -23.307705535850484
            ],
            [
              -51.950078050093005,
              -23.307707901403226
            ]
          ],
          [
            [
              -51.950078050093005,
              -23.307707901403226
            ],
            [
              -51.95007673359283,
              -23.30771172894797
            ]
          ]
        ],
        "type": "MultiLineString"
      }
    },
    {
      "type": "Feature",
      "properties": {
        "name": "obstaculos veia 13",
        "layer": "obstaculos veia",
        "classification": "obstaculos veia - circulo",
        "color": "#dc1e14",
        "geometry_type": "line",
        "is_selected_area": false
      },
      "geometry": {
        "coordinates": [
          [
            [
              -51.950011696581164,
              -23.30883577758758
            ],
            [
              -51.95002043984085,
              -23.308827595590568
            ],
            [
              -51.950029298595986,
              -23.308835670915276
            ],
            [
              -51.950020555336344,
              -23.30884385291276
            ],
            [
              -51.950011696581164,
              -23.30883577758758
            ]
          ],
          [
            [
              -51.95002053685706,
              -23.308841251741203
            ],
            [
              -51.95001916607769,
              -23.308837440482666
            ]
          ],
          [
            [
              -51.95001916607769,
              -23.308837440482666
            ],
            [
              -51.950018318889484,
              -23.308835084995344
            ]
          ],
          [
            [
              -51.950018318889484,
              -23.308835084995344
            ],
            [
              -51.950016948110246,
              -23.308831273736782
            ],
            [
              -51.95002048258936,
              -23.30883361293853
            ]
          ],
          [
            [
              -51.95002048258936,
              -23.30883361293853
            ],
            [
              -51.950022667017656,
              -23.308835058644675
            ]
          ],
          [
            [
              -51.950022667017656,
              -23.308835058644675
            ],
            [
              -51.950026201496975,
              -23.308837397846286
            ],
            [
              -51.95002185336873,
              -23.308837424197055
            ]
          ],
          [
            [
              -51.95002185336873,
              -23.308837424197055
            ],
            [
              -51.95001916607769,
              -23.308837440482666
            ]
          ],
          [
            [
              -51.95001916607769,
              -23.308837440482666
            ],
            [
              -51.95001481794943,
              -23.30883746683324
            ],
            [
              -51.950018318889484,
              -23.308835084995344
            ]
          ],
          [
            [
              -51.950018318889484,
              -23.308835084995344
            ],
            [
              -51.95002048258936,
              -23.30883361293853
            ]
          ],
          [
            [
              -51.95002048258936,
              -23.30883361293853
            ],
            [
              -51.95002398352921,
              -23.30883123110052
            ],
            [
              -51.950022667017656,
              -23.308835058644675
            ]
          ],
          [
            [
              -51.950022667017656,
              -23.308835058644675
            ],
            [
              -51.95002185336873,
              -23.308837424197055
            ]
          ],
          [
            [
              -51.95002185336873,
              -23.308837424197055
            ],
            [
              -51.95002053685706,
              -23.308841251741203
            ]
          ]
        ],
        "type": "MultiLineString"
      }
    },
    {
      "type": "Feature",
      "properties": {
        "name": "obstaculos veia 14",
        "layer": "obstaculos veia",
        "classification": "obstaculos veia - circulo",
        "color": "#dc1e14",
        "geometry_type": "line",
        "is_selected_area": false
      },
      "geometry": {
        "coordinates": [
          [
            [
              -51.94995368006783,
              -23.30991342564025
            ],
            [
              -51.949962423399114,
              -23.309905243645158
            ],
            [
              -51.94997128222478,
              -23.30991331896982
            ],
            [
              -51.94996253889354,
              -23.309921500965388
            ],
            [
              -51.94995368006783,
              -23.30991342564025
            ]
          ],
          [
            [
              -51.949962520414424,
              -23.30991889979415
            ],
            [
              -51.94996114962445,
              -23.309915088535927
            ]
          ],
          [
            [
              -51.94996114962445,
              -23.309915088535927
            ],
            [
              -51.94996030242971,
              -23.3099127330488
            ]
          ],
          [
            [
              -51.94996030242971,
              -23.3099127330488
            ],
            [
              -51.94995893163987,
              -23.30990892179055
            ],
            [
              -51.94996246614725,
              -23.30991126099239
            ]
          ],
          [
            [
              -51.94996246614725,
              -23.30991126099239
            ],
            [
              -51.949964650592996,
              -23.309912706698587
            ]
          ],
          [
            [
              -51.949964650592996,
              -23.309912706698587
            ],
            [
              -51.94996818510055,
              -23.309915045900297
            ],
            [
              -51.94996383693721,
              -23.309915072250604
            ]
          ],
          [
            [
              -51.94996383693721,
              -23.309915072250604
            ],
            [
              -51.94996114962445,
              -23.309915088535927
            ]
          ],
          [
            [
              -51.94996114962445,
              -23.309915088535927
            ],
            [
              -51.94995680146109,
              -23.309915114886035
            ],
            [
              -51.94996030242971,
              -23.3099127330488
            ]
          ],
          [
            [
              -51.94996030242971,
              -23.3099127330488
            ],
            [
              -51.94996246614725,
              -23.30991126099239
            ]
          ],
          [
            [
              -51.94996246614725,
              -23.30991126099239
            ],
            [
              -51.94996596711565,
              -23.309908879155035
            ],
            [
              -51.949964650592996,
              -23.309912706698587
            ]
          ],
          [
            [
              -51.949964650592996,
              -23.309912706698587
            ],
            [
              -51.94996383693721,
              -23.309915072250604
            ]
          ],
          [
            [
              -51.94996383693721,
              -23.309915072250604
            ],
            [
              -51.949962520414424,
              -23.30991889979415
            ]
          ]
        ],
        "type": "MultiLineString"
      }
    },
    {
      "type": "Feature",
      "properties": {
        "name": "obstaculos veia 15",
        "layer": "obstaculos veia",
        "classification": "obstaculos veia - circulo",
        "color": "#dc1e14",
        "geometry_type": "line",
        "is_selected_area": false
      },
      "geometry": {
        "coordinates": [
          [
            [
              -51.95025096806942,
              -23.311775729896045
            ],
            [
              -51.950259711499285,
              -23.311767547882884
            ],
            [
              -51.95026857046999,
              -23.31177562318421
            ],
            [
              -51.95025982704017,
              -23.311783805197855
            ],
            [
              -51.95025096806942,
              -23.311775729896045
            ]
          ],
          [
            [
              -51.95025980855362,
              -23.311781204027454
            ],
            [
              -51.95025843773414,
              -23.31177739277364
            ]
          ],
          [
            [
              -51.95025843773414,
              -23.31177739277364
            ],
            [
              -51.95025759052115,
              -23.31177503728922
            ]
          ],
          [
            [
              -51.95025759052115,
              -23.31177503728922
            ],
            [
              -51.9502562197018,
              -23.311771226035376
            ],
            [
              -51.95025975426459,
              -23.311773565228176
            ]
          ],
          [
            [
              -51.95025975426459,
              -23.311773565228176
            ],
            [
              -51.9502619387446,
              -23.311775010928788
            ]
          ],
          [
            [
              -51.9502619387446,
              -23.311775010928788
            ],
            [
              -51.95026547330762,
              -23.311777350121456
            ],
            [
              -51.950261125084076,
              -23.311777376481988
            ]
          ],
          [
            [
              -51.950261125084076,
              -23.311777376481988
            ],
            [
              -51.95025843773414,
              -23.31177739277364
            ]
          ],
          [
            [
              -51.95025843773414,
              -23.31177739277364
            ],
            [
              -51.950254089510594,
              -23.31177741913397
            ],
            [
              -51.95025759052115,
              -23.31177503728922
            ]
          ],
          [
            [
              -51.95025759052115,
              -23.31177503728922
            ],
            [
              -51.95025975426459,
              -23.311773565228176
            ]
          ],
          [
            [
              -51.95025975426459,
              -23.311773565228176
            ],
            [
              -51.950263255274955,
              -23.311771183383307
            ],
            [
              -51.9502619387446,
              -23.311775010928788
            ]
          ],
          [
            [
              -51.9502619387446,
              -23.311775010928788
            ],
            [
              -51.950261125084076,
              -23.311777376481988
            ]
          ],
          [
            [
              -51.950261125084076,
              -23.311777376481988
            ],
            [
              -51.95025980855362,
              -23.311781204027454
            ]
          ]
        ],
        "type": "MultiLineString"
      }
    },
    {
      "type": "Feature",
      "properties": {
        "name": "obstaculos veia 16",
        "layer": "obstaculos veia",
        "classification": "obstaculos veia - circulo",
        "color": "#dc1e14",
        "geometry_type": "line",
        "is_selected_area": false
      },
      "geometry": {
        "coordinates": [
          [
            [
              -51.95059696280354,
              -23.312826872997057
            ],
            [
              -51.95060570627776,
              -23.312818690964118
            ],
            [
              -51.9506145653407,
              -23.312826766241844
            ],
            [
              -51.950605821866525,
              -23.31283494827527
            ],
            [
              -51.95059696280354,
              -23.312826872997057
            ]
          ],
          [
            [
              -51.950605803372326,
              -23.312832347105484
            ],
            [
              -51.95060443253117,
              -23.31282853585586
            ]
          ],
          [
            [
              -51.95060443253117,
              -23.31282853585586
            ],
            [
              -51.95060358530478,
              -23.312826180374056
            ]
          ],
          [
            [
              -51.95060358530478,
              -23.312826180374056
            ],
            [
              -51.95060221446376,
              -23.312822369124415
            ],
            [
              -51.950605749060806,
              -23.312824708307993
            ]
          ],
          [
            [
              -51.950605749060806,
              -23.312824708307993
            ],
            [
              -51.950607933561976,
              -23.31282615400291
            ]
          ],
          [
            [
              -51.950607933561976,
              -23.31282615400291
            ],
            [
              -51.950611468159245,
              -23.31282849318635
            ],
            [
              -51.95060711990196,
              -23.312828519557595
            ]
          ],
          [
            [
              -51.95060711990196,
              -23.312828519557595
            ],
            [
              -51.95060443253117,
              -23.31282853585586
            ]
          ],
          [
            [
              -51.95060443253117,
              -23.31282853585586
            ],
            [
              -51.950600084273866,
              -23.312828562226912
            ],
            [
              -51.95060358530478,
              -23.312826180374056
            ]
          ],
          [
            [
              -51.95060358530478,
              -23.312826180374056
            ],
            [
              -51.950605749060806,
              -23.312824708307993
            ]
          ],
          [
            [
              -51.950605749060806,
              -23.312824708307993
            ],
            [
              -51.950609250091496,
              -23.312822326455006
            ],
            [
              -51.950607933561976,
              -23.31282615400291
            ]
          ],
          [
            [
              -51.950607933561976,
              -23.31282615400291
            ],
            [
              -51.95060711990196,
              -23.312828519557595
            ]
          ],
          [
            [
              -51.95060711990196,
              -23.312828519557595
            ],
            [
              -51.950605803372326,
              -23.312832347105484
            ]
          ]
        ],
        "type": "MultiLineString"
      }
    },
    {
      "type": "Feature",
      "properties": {
        "name": "obstaculos veia 17",
        "layer": "obstaculos veia",
        "classification": "obstaculos veia - circulo",
        "color": "#dc1e14",
        "geometry_type": "line",
        "is_selected_area": false
      },
      "geometry": {
        "coordinates": [
          [
            [
              -51.95093428651673,
              -23.313854012725074
            ],
            [
              -51.95094303003434,
              -23.313845830672843
            ],
            [
              -51.95095188918739,
              -23.31385390592756
            ],
            [
              -51.950943145669825,
              -23.313862087980272
            ],
            [
              -51.95093428651673,
              -23.313854012725074
            ]
          ],
          [
            [
              -51.95094312716813,
              -23.31385948681108
            ],
            [
              -51.95094175630582,
              -23.313855675565566
            ]
          ],
          [
            [
              -51.95094175630582,
              -23.313855675565566
            ],
            [
              -51.95094090906634,
              -23.3138533200863
            ]
          ],
          [
            [
              -51.95094090906634,
              -23.3138533200863
            ],
            [
              -51.95093953820415,
              -23.31384950884076
            ],
            [
              -51.950943072834676,
              -23.31385184801534
            ]
          ],
          [
            [
              -51.950943072834676,
              -23.31385184801534
            ],
            [
              -51.95094525735654,
              -23.313853293704693
            ]
          ],
          [
            [
              -51.95094525735654,
              -23.313853293704693
            ],
            [
              -51.950948791987244,
              -23.313855632879147
            ],
            [
              -51.95094444369699,
              -23.313855659260845
            ]
          ],
          [
            [
              -51.95094444369699,
              -23.313855659260845
            ],
            [
              -51.95094175630582,
              -23.313855675565566
            ]
          ],
          [
            [
              -51.95094175630582,
              -23.313855675565566
            ],
            [
              -51.950937408015555,
              -23.313855701947073
            ],
            [
              -51.95094090906634,
              -23.3138533200863
            ]
          ],
          [
            [
              -51.95094090906634,
              -23.3138533200863
            ],
            [
              -51.950943072834676,
              -23.31385184801534
            ]
          ],
          [
            [
              -51.950943072834676,
              -23.31385184801534
            ],
            [
              -51.95094657388527,
              -23.31384946615444
            ],
            [
              -51.95094525735654,
              -23.313853293704693
            ]
          ],
          [
            [
              -51.95094525735654,
              -23.313853293704693
            ],
            [
              -51.95094444369699,
              -23.313855659260845
            ]
          ],
          [
            [
              -51.95094444369699,
              -23.313855659260845
            ],
            [
              -51.95094312716813,
              -23.31385948681108
            ]
          ]
        ],
        "type": "MultiLineString"
      }
    },
    {
      "type": "Feature",
      "properties": {
        "name": "obstaculos veia 18",
        "layer": "obstaculos veia",
        "classification": "obstaculos veia - circulo",
        "color": "#dc1e14",
        "geometry_type": "line",
        "is_selected_area": false
      },
      "geometry": {
        "coordinates": [
          [
            [
              -51.94991304426682,
              -23.310746094945156
            ],
            [
              -51.94992178765318,
              -23.31073791295133
            ],
            [
              -51.94993064653358,
              -23.310745988275706
            ],
            [
              -51.94992190314726,
              -23.31075417027003
            ],
            [
              -51.94991304426682,
              -23.310746094945156
            ]
          ],
          [
            [
              -51.949921884668214,
              -23.310751569099033
            ],
            [
              -51.949920513869934,
              -23.3107477578411
            ]
          ],
          [
            [
              -51.949920513869934,
              -23.3107477578411
            ],
            [
              -51.94991966667005,
              -23.31074540235415
            ]
          ],
          [
            [
              -51.94991966667005,
              -23.31074540235415
            ],
            [
              -51.94991829587191,
              -23.310741591096185
            ],
            [
              -51.94992183040118,
              -23.310743930298
            ]
          ],
          [
            [
              -51.94992183040118,
              -23.310743930298
            ],
            [
              -51.949924014860464,
              -23.31074537600419
            ]
          ],
          [
            [
              -51.949924014860464,
              -23.31074537600419
            ],
            [
              -51.949927549389926,
              -23.310747715205867
            ],
            [
              -51.94992320119944,
              -23.31074774155592
            ]
          ],
          [
            [
              -51.94992320119944,
              -23.31074774155592
            ],
            [
              -51.949920513869934,
              -23.3107477578411
            ]
          ],
          [
            [
              -51.949920513869934,
              -23.3107477578411
            ],
            [
              -51.94991616567944,
              -23.31074778419097
            ],
            [
              -51.94991966667005,
              -23.31074540235415
            ]
          ],
          [
            [
              -51.94991966667005,
              -23.31074540235415
            ],
            [
              -51.94992183040118,
              -23.310743930298
            ]
          ],
          [
            [
              -51.94992183040118,
              -23.310743930298
            ],
            [
              -51.94992533139158,
              -23.31074154846106
            ],
            [
              -51.949924014860464,
              -23.31074537600419
            ]
          ],
          [
            [
              -51.949924014860464,
              -23.31074537600419
            ],
            [
              -51.94992320119944,
              -23.31074774155592
            ]
          ],
          [
            [
              -51.94992320119944,
              -23.31074774155592
            ],
            [
              -51.949921884668214,
              -23.310751569099033
            ]
          ]
        ],
        "type": "MultiLineString"
      }
    },
    {
      "type": "Feature",
      "properties": {
        "name": "obstaculos veia 20",
        "layer": "obstaculos veia",
        "classification": "obstaculos veia - poligono",
        "color": "#dc1e14",
        "geometry_type": "line",
        "is_selected_area": false
      },
      "geometry": {
        "coordinates": [
          [
            -51.94983556,
            -23.31076180000001
          ],
          [
            -51.94985868,
            -23.310791170000005
          ],
          [
            -51.94991272,
            -23.310845440000005
          ],
          [
            -51.949932,
            -23.310811879999996
          ],
          [
            -51.94993064999999,
            -23.310739369999993
          ],
          [
            -51.94990018,
            -23.310671839999994
          ],
          [
            -51.94983556,
            -23.31076180000001
          ]
        ],
        "type": "LineString"
      }
    },
    {
      "type": "Feature",
      "properties": {
        "name": "obstaculos veia 21",
        "layer": "obstaculos veia",
        "classification": "obstaculos veia - poligono",
        "color": "#dc1e14",
        "geometry_type": "line",
        "is_selected_area": false
      },
      "geometry": {
        "coordinates": [
          [
            -51.95067669,
            -23.31364931
          ],
          [
            -51.95068154999999,
            -23.313836269999996
          ],
          [
            -51.95072383000001,
            -23.313986620000005
          ],
          [
            -51.95075694,
            -23.314056299999994
          ],
          [
            -51.95083143000001,
            -23.31414633
          ],
          [
            -51.95085653,
            -23.31411831
          ],
          [
            -51.95084816,
            -23.314082780000007
          ],
          [
            -51.95072786,
            -23.313743369999994
          ],
          [
            -51.95067669,
            -23.31364931
          ]
        ],
        "type": "LineString"
      }
    },
    {
      "type": "Feature",
      "properties": {
        "name": "obstaculos veia 22",
        "layer": "obstaculos veia",
        "classification": "obstaculos veia - poligono",
        "color": "#dc1e14",
        "geometry_type": "line",
        "is_selected_area": false
      },
      "geometry": {
        "coordinates": [
          [
            -51.95123163,
            -23.3148414
          ],
          [
            -51.95124312,
            -23.31487775000001
          ],
          [
            -51.95126936,
            -23.31490561
          ],
          [
            -51.9512895,
            -23.314874530000004
          ],
          [
            -51.95126368,
            -23.314845450000004
          ],
          [
            -51.95123163,
            -23.3148414
          ]
        ],
        "type": "LineString"
      }
    },
    {
      "type": "Feature",
      "properties": {
        "name": "Obstacles for field VEIA",
        "layer": "Documentos_-_Pontos_-_Obstacles_for_field_VEIA",
        "classification": "Documentos_-_Pontos_-_Obstacles_for_field_VEIA",
        "color": "#dc2626",
        "geometry_type": "point",
        "is_selected_area": false
      },
      "geometry": {
        "coordinates": [
          -51.95011217,
          -23.30613088
        ],
        "type": "Point"
      }
    },
    {
      "type": "Feature",
      "properties": {
        "name": "Obstacles for field VEIA",
        "layer": "Documentos_-_Pontos_-_Obstacles_for_field_VEIA",
        "classification": "Documentos_-_Pontos_-_Obstacles_for_field_VEIA",
        "color": "#dc2626",
        "geometry_type": "point",
        "is_selected_area": false
      },
      "geometry": {
        "coordinates": [
          -51.95096595,
          -23.31571603
        ],
        "type": "Point"
      }
    },
    {
      "type": "Feature",
      "properties": {
        "name": "Obstacles for field VEIA",
        "layer": "Documentos_-_Pontos_-_Obstacles_for_field_VEIA",
        "classification": "Documentos_-_Pontos_-_Obstacles_for_field_VEIA",
        "color": "#dc2626",
        "geometry_type": "point",
        "is_selected_area": false
      },
      "geometry": {
        "coordinates": [
          -51.95031359000001,
          -23.31625724
        ],
        "type": "Point"
      }
    },
    {
      "type": "Feature",
      "properties": {
        "name": "Obstacles for field VEIA",
        "layer": "Documentos_-_Pontos_-_Obstacles_for_field_VEIA",
        "classification": "Documentos_-_Pontos_-_Obstacles_for_field_VEIA",
        "color": "#dc2626",
        "geometry_type": "point",
        "is_selected_area": false
      },
      "geometry": {
        "coordinates": [
          -51.94963805,
          -23.31681416
        ],
        "type": "Point"
      }
    },
    {
      "type": "Feature",
      "properties": {
        "name": "Obstacles for field VEIA",
        "layer": "Documentos_-_Pontos_-_Obstacles_for_field_VEIA",
        "classification": "Documentos_-_Pontos_-_Obstacles_for_field_VEIA",
        "color": "#dc2626",
        "geometry_type": "point",
        "is_selected_area": false
      },
      "geometry": {
        "coordinates": [
          -51.9474025,
          -23.31865859
        ],
        "type": "Point"
      }
    },
    {
      "type": "Feature",
      "properties": {
        "name": "Obstacles for field VEIA",
        "layer": "Documentos_-_Pontos_-_Obstacles_for_field_VEIA",
        "classification": "Documentos_-_Pontos_-_Obstacles_for_field_VEIA",
        "color": "#dc2626",
        "geometry_type": "point",
        "is_selected_area": false
      },
      "geometry": {
        "coordinates": [
          -51.94543148,
          -23.31665794
        ],
        "type": "Point"
      }
    },
    {
      "type": "Feature",
      "properties": {
        "name": "Obstacles for field VEIA",
        "layer": "Documentos_-_Pontos_-_Obstacles_for_field_VEIA",
        "classification": "Documentos_-_Pontos_-_Obstacles_for_field_VEIA",
        "color": "#dc2626",
        "geometry_type": "point",
        "is_selected_area": false
      },
      "geometry": {
        "coordinates": [
          -51.94542202,
          -23.31667302
        ],
        "type": "Point"
      }
    },
    {
      "type": "Feature",
      "properties": {
        "name": "Obstacles for field VEIA",
        "layer": "Documentos_-_Pontos_-_Obstacles_for_field_VEIA",
        "classification": "Documentos_-_Pontos_-_Obstacles_for_field_VEIA",
        "color": "#dc2626",
        "geometry_type": "point",
        "is_selected_area": false
      },
      "geometry": {
        "coordinates": [
          -51.94504041,
          -23.31626746
        ],
        "type": "Point"
      }
    },
    {
      "type": "Feature",
      "properties": {
        "name": "Obstacles for field VEIA",
        "layer": "Documentos_-_Pontos_-_Obstacles_for_field_VEIA",
        "classification": "Documentos_-_Pontos_-_Obstacles_for_field_VEIA",
        "color": "#dc2626",
        "geometry_type": "point",
        "is_selected_area": false
      },
      "geometry": {
        "coordinates": [
          -51.94466031,
          -23.31588378
        ],
        "type": "Point"
      }
    },
    {
      "type": "Feature",
      "properties": {
        "name": "Obstacles for field VEIA",
        "layer": "Documentos_-_Pontos_-_Obstacles_for_field_VEIA",
        "classification": "Documentos_-_Pontos_-_Obstacles_for_field_VEIA",
        "color": "#dc2626",
        "geometry_type": "point",
        "is_selected_area": false
      },
      "geometry": {
        "coordinates": [
          -51.94426568,
          -23.31548618
        ],
        "type": "Point"
      }
    },
    {
      "type": "Feature",
      "properties": {
        "name": "Obstacles for field VEIA",
        "layer": "Documentos_-_Pontos_-_Obstacles_for_field_VEIA",
        "classification": "Documentos_-_Pontos_-_Obstacles_for_field_VEIA",
        "color": "#dc2626",
        "geometry_type": "point",
        "is_selected_area": false
      },
      "geometry": {
        "coordinates": [
          -51.94380659000001,
          -23.31502073
        ],
        "type": "Point"
      }
    },
    {
      "type": "Feature",
      "properties": {
        "name": "Obstacles for field VEIA",
        "layer": "Documentos_-_Pontos_-_Obstacles_for_field_VEIA",
        "classification": "Documentos_-_Pontos_-_Obstacles_for_field_VEIA",
        "color": "#dc2626",
        "geometry_type": "point",
        "is_selected_area": false
      },
      "geometry": {
        "coordinates": [
          -51.94334087000001,
          -23.31454971
        ],
        "type": "Point"
      }
    },
    {
      "type": "Feature",
      "properties": {
        "name": "Obstacles for field VEIA",
        "layer": "Documentos_-_Pontos_-_Obstacles_for_field_VEIA",
        "classification": "Documentos_-_Pontos_-_Obstacles_for_field_VEIA",
        "color": "#dc2626",
        "geometry_type": "point",
        "is_selected_area": false
      },
      "geometry": {
        "coordinates": [
          -51.94287762,
          -23.31408286
        ],
        "type": "Point"
      }
    },
    {
      "type": "Feature",
      "properties": {
        "name": "Obstacles for field VEIA",
        "layer": "Documentos_-_Pontos_-_Obstacles_for_field_VEIA",
        "classification": "Documentos_-_Pontos_-_Obstacles_for_field_VEIA",
        "color": "#dc2626",
        "geometry_type": "point",
        "is_selected_area": false
      },
      "geometry": {
        "coordinates": [
          -51.94241824,
          -23.31362355
        ],
        "type": "Point"
      }
    },
    {
      "type": "Feature",
      "properties": {
        "name": "Obstacles for field VEIA",
        "layer": "Documentos_-_Pontos_-_Obstacles_for_field_VEIA",
        "classification": "Documentos_-_Pontos_-_Obstacles_for_field_VEIA",
        "color": "#dc2626",
        "geometry_type": "point",
        "is_selected_area": false
      },
      "geometry": {
        "coordinates": [
          -51.94195342,
          -23.31315771
        ],
        "type": "Point"
      }
    },
    {
      "type": "Feature",
      "properties": {
        "name": "Obstacles for field VEIA",
        "layer": "Documentos_-_Pontos_-_Obstacles_for_field_VEIA",
        "classification": "Documentos_-_Pontos_-_Obstacles_for_field_VEIA",
        "color": "#dc2626",
        "geometry_type": "point",
        "is_selected_area": false
      },
      "geometry": {
        "coordinates": [
          -51.95006776,
          -23.30770567
        ],
        "type": "Point"
      }
    },
    {
      "type": "Feature",
      "properties": {
        "name": "Obstacles for field VEIA",
        "layer": "Documentos_-_Pontos_-_Obstacles_for_field_VEIA",
        "classification": "Documentos_-_Pontos_-_Obstacles_for_field_VEIA",
        "color": "#dc2626",
        "geometry_type": "point",
        "is_selected_area": false
      },
      "geometry": {
        "coordinates": [
          -51.9500113,
          -23.30883574
        ],
        "type": "Point"
      }
    },
    {
      "type": "Feature",
      "properties": {
        "name": "Obstacles for field VEIA",
        "layer": "Documentos_-_Pontos_-_Obstacles_for_field_VEIA",
        "classification": "Documentos_-_Pontos_-_Obstacles_for_field_VEIA",
        "color": "#dc2626",
        "geometry_type": "point",
        "is_selected_area": false
      },
      "geometry": {
        "coordinates": [
          -51.94995353,
          -23.30991279
        ],
        "type": "Point"
      }
    },
    {
      "type": "Feature",
      "properties": {
        "name": "Obstacles for field VEIA",
        "layer": "Documentos_-_Pontos_-_Obstacles_for_field_VEIA",
        "classification": "Documentos_-_Pontos_-_Obstacles_for_field_VEIA",
        "color": "#dc2626",
        "geometry_type": "point",
        "is_selected_area": false
      },
      "geometry": {
        "coordinates": [
          -51.94983556,
          -23.3107618
        ],
        "type": "Point"
      }
    },
    {
      "type": "Feature",
      "properties": {
        "name": "Obstacles for field VEIA",
        "layer": "Documentos_-_Pontos_-_Obstacles_for_field_VEIA",
        "classification": "Documentos_-_Pontos_-_Obstacles_for_field_VEIA",
        "color": "#dc2626",
        "geometry_type": "point",
        "is_selected_area": false
      },
      "geometry": {
        "coordinates": [
          -51.94991873000001,
          -23.31085008
        ],
        "type": "Point"
      }
    },
    {
      "type": "Feature",
      "properties": {
        "name": "Obstacles for field VEIA",
        "layer": "Documentos_-_Pontos_-_Obstacles_for_field_VEIA",
        "classification": "Documentos_-_Pontos_-_Obstacles_for_field_VEIA",
        "color": "#dc2626",
        "geometry_type": "point",
        "is_selected_area": false
      },
      "geometry": {
        "coordinates": [
          -51.94993145000001,
          -23.31074592
        ],
        "type": "Point"
      }
    },
    {
      "type": "Feature",
      "properties": {
        "name": "Obstacles for field VEIA",
        "layer": "Documentos_-_Pontos_-_Obstacles_for_field_VEIA",
        "classification": "Documentos_-_Pontos_-_Obstacles_for_field_VEIA",
        "color": "#dc2626",
        "geometry_type": "point",
        "is_selected_area": false
      },
      "geometry": {
        "coordinates": [
          -51.94990568,
          -23.3106747
        ],
        "type": "Point"
      }
    },
    {
      "type": "Feature",
      "properties": {
        "name": "Obstacles for field VEIA",
        "layer": "Documentos_-_Pontos_-_Obstacles_for_field_VEIA",
        "classification": "Documentos_-_Pontos_-_Obstacles_for_field_VEIA",
        "color": "#dc2626",
        "geometry_type": "point",
        "is_selected_area": false
      },
      "geometry": {
        "coordinates": [
          -51.95025129,
          -23.31177807
        ],
        "type": "Point"
      }
    },
    {
      "type": "Feature",
      "properties": {
        "name": "Obstacles for field VEIA",
        "layer": "Documentos_-_Pontos_-_Obstacles_for_field_VEIA",
        "classification": "Documentos_-_Pontos_-_Obstacles_for_field_VEIA",
        "color": "#dc2626",
        "geometry_type": "point",
        "is_selected_area": false
      },
      "geometry": {
        "coordinates": [
          -51.95059751000001,
          -23.31282947
        ],
        "type": "Point"
      }
    },
    {
      "type": "Feature",
      "properties": {
        "name": "Obstacles for field VEIA",
        "layer": "Documentos_-_Pontos_-_Obstacles_for_field_VEIA",
        "classification": "Documentos_-_Pontos_-_Obstacles_for_field_VEIA",
        "color": "#dc2626",
        "geometry_type": "point",
        "is_selected_area": false
      },
      "geometry": {
        "coordinates": [
          -51.95093487,
          -23.31385695
        ],
        "type": "Point"
      }
    },
    {
      "type": "Feature",
      "properties": {
        "name": "Obstacles for field VEIA",
        "layer": "Documentos_-_Pontos_-_Obstacles_for_field_VEIA",
        "classification": "Documentos_-_Pontos_-_Obstacles_for_field_VEIA",
        "color": "#dc2626",
        "geometry_type": "point",
        "is_selected_area": false
      },
      "geometry": {
        "coordinates": [
          -51.95123163,
          -23.3148414
        ],
        "type": "Point"
      }
    },
    {
      "type": "Feature",
      "properties": {
        "name": "Obstacles for field VEIA",
        "layer": "Documentos_-_Pontos_-_Obstacles_for_field_VEIA",
        "classification": "Documentos_-_Pontos_-_Obstacles_for_field_VEIA",
        "color": "#dc2626",
        "geometry_type": "point",
        "is_selected_area": false
      },
      "geometry": {
        "coordinates": [
          -51.95129579,
          -23.31490526
        ],
        "type": "Point"
      }
    },
    {
      "type": "Feature",
      "properties": {
        "name": "Obstacles for field VEIA",
        "layer": "Documentos_-_Pontos_-_Obstacles_for_field_VEIA",
        "classification": "Documentos_-_Pontos_-_Obstacles_for_field_VEIA",
        "color": "#dc2626",
        "geometry_type": "point",
        "is_selected_area": false
      },
      "geometry": {
        "coordinates": [
          -51.95013871,
          -23.30662897
        ],
        "type": "Point"
      }
    },
    {
      "type": "Feature",
      "properties": {
        "name": "Limite",
        "layer": "Limites_Internos",
        "classification": "Limites_Internos",
        "color": "#9d572c",
        "geometry_type": "polygon",
        "is_selected_area": false
      },
      "geometry": {
        "coordinates": [
          [
            [
              -51.94983556,
              -23.3107618
            ],
            [
              -51.94991272,
              -23.31084544
            ],
            [
              -51.949932,
              -23.31081188
            ],
            [
              -51.94993064999999,
              -23.31073937
            ],
            [
              -51.94990018,
              -23.31067184
            ],
            [
              -51.94983556,
              -23.3107618
            ]
          ]
        ],
        "type": "Polygon"
      }
    },
    {
      "type": "Feature",
      "properties": {
        "name": "Limite",
        "layer": "Limites_Internos",
        "classification": "Limites_Internos",
        "color": "#9d572c",
        "geometry_type": "polygon",
        "is_selected_area": false
      },
      "geometry": {
        "coordinates": [
          [
            [
              -51.95124312,
              -23.31487775
            ],
            [
              -51.95126936,
              -23.31490561
            ],
            [
              -51.9512895,
              -23.31487453
            ],
            [
              -51.95126368,
              -23.31484545
            ],
            [
              -51.95123163,
              -23.3148414
            ],
            [
              -51.95124312,
              -23.31487775
            ]
          ]
        ],
        "type": "Polygon"
      }
    },
    {
      "type": "Feature",
      "properties": {
        "name": "Limite",
        "layer": "Limites_Internos",
        "classification": "Limites_Internos",
        "color": "#9d572c",
        "geometry_type": "polygon",
        "is_selected_area": false
      },
      "geometry": {
        "coordinates": [
          [
            [
              -51.95067669,
              -23.31364931
            ],
            [
              -51.95068154999999,
              -23.31383627
            ],
            [
              -51.95072383000001,
              -23.31398662
            ],
            [
              -51.95075694,
              -23.3140563
            ],
            [
              -51.95083143000001,
              -23.31414633
            ],
            [
              -51.95085653,
              -23.31411831
            ],
            [
              -51.95084816,
              -23.31408278
            ],
            [
              -51.95072786,
              -23.31374337
            ],
            [
              -51.95067669,
              -23.31364931
            ]
          ]
        ],
        "type": "Polygon"
      }
    }
  ]
}