<?xml version="1.0" encoding="UTF-8"?>
<kml xmlns="http://www.opengis.net/kml/2.2">
  <Document>
    <name>Publicar Maps 20/09/2026 23:56</name>
    <Placemark>
      <name>Limite</name>
      <Style><LineStyle><color>ff916396</color><width>2</width></LineStyle><PolyStyle><color>55916396</color></PolyStyle></Style>
      <ExtendedData>
        <Data name="camada"><value>Limites_Externos</value></Data>
        <Data name="classificacao"><value>Limites_Externos</value></Data>
      </ExtendedData>
      <Polygon><tessellate>1</tessellate>
        <outerBoundaryIs><LinearRing><coordinates>-51.94730198,-23.31870449,0 -51.94209890,-23.31343237,0 -51.94173671,-23.31308805,0 -51.94171726,-23.31305275,0 -51.94171970,-23.31301105,0 -51.94174081,-23.31297623,0 -51.94182842,-23.31288579,0 -51.94311199,-23.31184479,0 -51.94350266,-23.31151277,0 -51.94442761,-23.31077044,0 -51.94493910,-23.31033551,0 -51.94569882,-23.30974564,0 -51.94835361,-23.30756908,0 -51.94977896,-23.30642360,0 -51.95029471,-23.30596961,0 -51.95033063,-23.30595178,0 -51.95037168,-23.30595459,0 -51.95040731,-23.30597811,0 -51.95044990,-23.30604261,0 -51.95070778,-23.30629247,0 -51.95073990,-23.30636499,0 -51.95074819,-23.30643829,0 -51.95071675,-23.30674584,0 -51.95065486,-23.30703844,0 -51.95062072,-23.30743730,0 -51.95061958,-23.30792870,0 -51.95063540,-23.30837943,0 -51.95059982,-23.30903774,0 -51.95063151,-23.30922456,0 -51.95064587,-23.30940864,0 -51.95062272,-23.30986704,0 -51.95059748,-23.31002254,0 -51.95055276,-23.31013042,0 -51.95053780,-23.31020699,0 -51.95052007,-23.31063304,0 -51.95045767,-23.31094201,0 -51.95046083,-23.31102187,0 -51.95050132,-23.31118273,0 -51.95054830,-23.31160233,0 -51.95062298,-23.31185576,0 -51.95069418,-23.31199113,0 -51.95073902,-23.31213709,0 -51.95076052,-23.31240335,0 -51.95093713,-23.31270221,0 -51.95104358,-23.31291268,0 -51.95110582,-23.31309768,0 -51.95113281,-23.31328721,0 -51.95122833,-23.31357499,0 -51.95132283,-23.31379195,0 -51.95135513,-23.31406331,0 -51.95140005,-23.31417308,0 -51.95142828,-23.31428507,0 -51.95144219,-23.31444234,0 -51.95143061,-23.31459708,0 -51.95139570,-23.31466186,0 -51.95131769,-23.31474963,0 -51.95130443,-23.31478475,0 -51.95131259,-23.31482055,0 -51.95135491,-23.31488344,0 -51.95156903,-23.31506019,0 -51.95160022,-23.31513067,0 -51.95159394,-23.31516813,0 -51.95157106,-23.31520208,0 -51.95109509,-23.31562520,0 -51.95096595,-23.31571603,0 -51.94972977,-23.31675215,0 -51.94963197,-23.31681929,0 -51.94951351,-23.31693232,0 -51.94910988,-23.31726697,0 -51.94733752,-23.31871992,0 -51.94730198,-23.31870449,0</coordinates></LinearRing></outerBoundaryIs>

      </Polygon>
    </Placemark>
    <Placemark>
      <name>Linhas de Projeto veia 1</name>
      <Style><LineStyle><color>ff37508c</color><width>3</width></LineStyle></Style>
      <ExtendedData>
        <Data name="camada"><value>Linhas de Projeto veia</value></Data>
        <Data name="classificacao"><value>Linhas de Projeto veia</value></Data>
      </ExtendedData>
      <LineString><tessellate>1</tessellate><coordinates>-51.94922540,-23.31696637,0 -51.94865548,-23.31662989,0 -51.94833498,-23.31641664,0 -51.94797246,-23.31613278,0 -51.94771444,-23.31588127,0 -51.94739048,-23.31548344,0 -51.94717839,-23.31517581,0 -51.94698398,-23.31485901,0 -51.94672127,-23.31437054,0 -51.94656175,-23.31403857,0 -51.94634320,-23.31353274,0 -51.94614917,-23.31301817,0 -51.94604186,-23.31266630,0 -51.94593326,-23.31212808,0 -51.94580485,-23.31104963,0 -51.94565880,-23.30997435,0</coordinates></LineString>
    </Placemark>
    <Placemark>
      <name>Linhas de Projeto veia 2</name>
      <Style><LineStyle><color>ff37508c</color><width>3</width></LineStyle></Style>
      <ExtendedData>
        <Data name="camada"><value>Linhas de Projeto veia</value></Data>
        <Data name="classificacao"><value>Linhas de Projeto veia</value></Data>
      </ExtendedData>
      <LineString><tessellate>1</tessellate><coordinates>-51.94917420,-23.31700882,0 -51.94861630,-23.31667900,0 -51.94829892,-23.31646794,0 -51.94792691,-23.31617692,0 -51.94766418,-23.31592083,0 -51.94736245,-23.31555370,0 -51.94714960,-23.31525066,0 -51.94695505,-23.31493727,0 -51.94669044,-23.31445369,0 -51.94645338,-23.31395802,0 -51.94624139,-23.31345275,0 -51.94605363,-23.31293940,0 -51.94595479,-23.31258995,0 -51.94585595,-23.31205596,0 -51.94575211,-23.31115789,0 -51.94559809,-23.31001993,0</coordinates></LineString>
    </Placemark>
    <Placemark>
      <name>Linhas de Projeto veia 3</name>
      <Style><LineStyle><color>ff37508c</color><width>3</width></LineStyle></Style>
      <ExtendedData>
        <Data name="camada"><value>Linhas de Projeto veia</value></Data>
        <Data name="classificacao"><value>Linhas de Projeto veia</value></Data>
      </ExtendedData>
      <LineString><tessellate>1</tessellate><coordinates>-51.94912301,-23.31705126,0 -51.94857814,-23.31672876,0 -51.94826072,-23.31651772,0 -51.94802397,-23.31634068,0 -51.94774431,-23.31609446,0 -51.94747968,-23.31580704,0 -51.94721166,-23.31545631,0 -51.94691166,-23.31499073,0 -51.94664507,-23.31450808,0 -51.94640679,-23.31401291,0 -51.94619304,-23.31350828,0 -51.94600314,-23.31299559,0 -51.94590114,-23.31264691,0 -51.94579772,-23.31211368,0 -51.94566998,-23.31103633,0 -51.94553752,-23.31006643,0</coordinates></LineString>
    </Placemark>
    <Placemark>
      <name>Linhas de Projeto veia 4</name>
      <Style><LineStyle><color>ff37508c</color><width>3</width></LineStyle></Style>
      <ExtendedData>
        <Data name="camada"><value>Linhas de Projeto veia</value></Data>
        <Data name="classificacao"><value>Linhas de Projeto veia</value></Data>
      </ExtendedData>
      <LineString><tessellate>1</tessellate><coordinates>-51.94907181,-23.31709371,0 -51.94853997,-23.31677851,0 -51.94822252,-23.31656751,0 -51.94798064,-23.31638669,0 -51.94769638,-23.31613641,0 -51.94739523,-23.31580410,0 -51.94716968,-23.31550900,0 -51.94686826,-23.31504420,0 -51.94659971,-23.31456247,0 -51.94636020,-23.31406781,0 -51.94614469,-23.31356381,0 -51.94595264,-23.31305178,0 -51.94584796,-23.31270377,0 -51.94573988,-23.31217135,0 -51.94561111,-23.31109413,0 -51.94547704,-23.31011358,0</coordinates></LineString>
    </Placemark>
    <Placemark>
      <name>Linhas de Projeto veia 5</name>
      <Style><LineStyle><color>ff37508c</color><width>3</width></LineStyle></Style>
      <ExtendedData>
        <Data name="camada"><value>Linhas de Projeto veia</value></Data>
        <Data name="classificacao"><value>Linhas de Projeto veia</value></Data>
      </ExtendedData>
      <LineString><tessellate>1</tessellate><coordinates>-51.94902061,-23.31713616,0 -51.94850180,-23.31682826,0 -51.94818433,-23.31661730,0 -51.94793731,-23.31643270,0 -51.94764844,-23.31617836,0 -51.94735462,-23.31585592,0 -51.94712837,-23.31556128,0 -51.94682486,-23.31509766,0 -51.94655481,-23.31461665,0 -51.94631361,-23.31412270,0 -51.94609635,-23.31361934,0 -51.94590311,-23.31310769,0 -51.94579478,-23.31276063,0 -51.94571381,-23.31240725,0 -51.94565557,-23.31205005,0 -51.94555197,-23.31115195,0 -51.94541656,-23.31016074,0</coordinates></LineString>
    </Placemark>
    <Placemark>
      <name>Linhas de Projeto veia 6</name>
      <Style><LineStyle><color>ff37508c</color><width>3</width></LineStyle></Style>
      <ExtendedData>
        <Data name="camada"><value>Linhas de Projeto veia</value></Data>
        <Data name="classificacao"><value>Linhas de Projeto veia</value></Data>
      </ExtendedData>
      <LineString><tessellate>1</tessellate><coordinates>-51.94896907,-23.31717841,0 -51.94846363,-23.31687801,0 -51.94814613,-23.31666708,0 -51.94784451,-23.31643723,0 -51.94760051,-23.31622031,0 -51.94731401,-23.31590775,0 -51.94708707,-23.31561356,0 -51.94678147,-23.31515113,0 -51.94651008,-23.31467076,0 -51.94626701,-23.31417759,0 -51.94604857,-23.31367467,0 -51.94585358,-23.31316360,0 -51.94574214,-23.31281737,0 -51.94565811,-23.31246461,0 -51.94559689,-23.31210782,0 -51.94549279,-23.31120979,0 -51.94535614,-23.31020785,0</coordinates></LineString>
    </Placemark>
    <Placemark>
      <name>Linhas de Projeto veia 7</name>
      <Style><LineStyle><color>ff37508c</color><width>3</width></LineStyle></Style>
      <ExtendedData>
        <Data name="camada"><value>Linhas de Projeto veia</value></Data>
        <Data name="classificacao"><value>Linhas de Projeto veia</value></Data>
      </ExtendedData>
      <LineString><tessellate>1</tessellate><coordinates>-51.94891755,-23.31722065,0 -51.94842546,-23.31692777,0 -51.94810794,-23.31671687,0 -51.94780604,-23.31648732,0 -51.94752619,-23.31623513,0 -51.94727355,-23.31595946,0 -51.94693905,-23.31551448,0 -51.94673807,-23.31520459,0 -51.94646535,-23.31472486,0 -51.94622042,-23.31423248,0 -51.94600080,-23.31373000,0 -51.94574425,-23.31304753,0 -51.94564305,-23.31269864,0 -51.94553898,-23.31216550,0 -51.94541097,-23.31108819,0 -51.94529573,-23.31025496,0</coordinates></LineString>
    </Placemark>
    <Placemark>
      <name>Linhas de Projeto veia 8</name>
      <Style><LineStyle><color>ff37508c</color><width>3</width></LineStyle></Style>
      <ExtendedData>
        <Data name="camada"><value>Linhas de Projeto veia</value></Data>
        <Data name="classificacao"><value>Linhas de Projeto veia</value></Data>
      </ExtendedData>
      <LineString><tessellate>1</tessellate><coordinates>-51.94886613,-23.31726286,0 -51.94838729,-23.31697752,0 -51.94791636,-23.31665461,0 -51.94762415,-23.31641462,0 -51.94735659,-23.31615128,0 -51.94711651,-23.31586614,0 -51.94679388,-23.31541373,0 -51.94659990,-23.31510004,0 -51.94633554,-23.31461633,0 -51.94609790,-23.31412090,0 -51.94588433,-23.31361620,0 -51.94569376,-23.31310371,0 -51.94558987,-23.31275550,0 -51.94551138,-23.31240164,0 -51.94545518,-23.31204414,0 -51.94535184,-23.31114602,0 -51.94523531,-23.31030196,0</coordinates></LineString>
    </Placemark>
    <Placemark>
      <name>Linhas de Projeto veia 9</name>
      <Style><LineStyle><color>ff37508c</color><width>3</width></LineStyle></Style>
      <ExtendedData>
        <Data name="camada"><value>Linhas de Projeto veia</value></Data>
        <Data name="classificacao"><value>Linhas de Projeto veia</value></Data>
      </ExtendedData>
      <LineString><tessellate>1</tessellate><coordinates>-51.94881492,-23.31730519,0 -51.94834913,-23.31702727,0 -51.94787807,-23.31670450,0 -51.94758536,-23.31646502,0 -51.94731691,-23.31620241,0 -51.94707590,-23.31591796,0 -51.94675118,-23.31546683,0 -51.94655650,-23.31515350,0 -51.94629018,-23.31467072,0 -51.94605130,-23.31417579,0 -51.94583598,-23.31367173,0 -51.94564367,-23.31315979,0 -51.94553669,-23.31281236,0 -51.94545564,-23.31245900,0 -51.94539650,-23.31210192,0 -51.94529270,-23.31120384,0 -51.94517494,-23.31034886,0</coordinates></LineString>
    </Placemark>
    <Placemark>
      <name>Linhas de Projeto veia 10</name>
      <Style><LineStyle><color>ff37508c</color><width>3</width></LineStyle></Style>
      <ExtendedData>
        <Data name="camada"><value>Linhas de Projeto veia</value></Data>
        <Data name="classificacao"><value>Linhas de Projeto veia</value></Data>
      </ExtendedData>
      <LineString><tessellate>1</tessellate><coordinates>-51.94876372,-23.31734752,0 -51.94831096,-23.31707702,0 -51.94783978,-23.31675439,0 -51.94754657,-23.31651542,0 -51.94727762,-23.31625325,0 -51.94703529,-23.31596979,0 -51.94670847,-23.31551993,0 -51.94651311,-23.31520697,0 -51.94624481,-23.31472511,0 -51.94600471,-23.31423069,0 -51.94578766,-23.31372725,0 -51.94559414,-23.31321569,0 -51.94548378,-23.31286916,0 -51.94539994,-23.31251635,0 -51.94533808,-23.31215966,0 -51.94523326,-23.31126170,0 -51.94511465,-23.31039621,0</coordinates></LineString>
    </Placemark>
    <Placemark>
      <name>Linhas de Projeto veia 11</name>
      <Style><LineStyle><color>ff37508c</color><width>3</width></LineStyle></Style>
      <ExtendedData>
        <Data name="camada"><value>Linhas de Projeto veia</value></Data>
        <Data name="classificacao"><value>Linhas de Projeto veia</value></Data>
      </ExtendedData>
      <LineString><tessellate>1</tessellate><coordinates>-51.94871215,-23.31738962,0 -51.94827279,-23.31712678,0 -51.94780150,-23.31680428,0 -51.94750778,-23.31656581,0 -51.94723833,-23.31630408,0 -51.94699468,-23.31602161,0 -51.94666644,-23.31557265,0 -51.94646971,-23.31526043,0 -51.94620001,-23.31477924,0 -51.94595812,-23.31428558,0 -51.94573989,-23.31378258,0 -51.94548537,-23.31309946,0 -51.94538496,-23.31275037,0 -51.94528025,-23.31221733,0 -51.94515171,-23.31114008,0 -51.94505468,-23.31044597,0</coordinates></LineString>
    </Placemark>
    <Placemark>
      <name>Linhas de Projeto veia 12</name>
      <Style><LineStyle><color>ff37508c</color><width>3</width></LineStyle></Style>
      <ExtendedData>
        <Data name="camada"><value>Linhas de Projeto veia</value></Data>
        <Data name="classificacao"><value>Linhas de Projeto veia</value></Data>
      </ExtendedData>
      <LineString><tessellate>1</tessellate><coordinates>-51.94865982,-23.31743128,0 -51.94823462,-23.31717653,0 -51.94776321,-23.31685417,0 -51.94746899,-23.31661621,0 -51.94716162,-23.31631645,0 -51.94683924,-23.31592723,0 -51.94662443,-23.31562536,0 -51.94633242,-23.31515544,0 -51.94615529,-23.31483335,0 -51.94591153,-23.31434047,0 -51.94569212,-23.31383791,0 -51.94543487,-23.31315565,0 -51.94533178,-23.31280723,0 -51.94525318,-23.31245339,0 -51.94519611,-23.31209601,0 -51.94509257,-23.31119791,0 -51.94499481,-23.31049565,0</coordinates></LineString>
    </Placemark>
    <Placemark>
      <name>Linhas de Projeto veia 13</name>
      <Style><LineStyle><color>ff37508c</color><width>3</width></LineStyle></Style>
      <ExtendedData>
        <Data name="camada"><value>Linhas de Projeto veia</value></Data>
        <Data name="classificacao"><value>Linhas de Projeto veia</value></Data>
      </ExtendedData>
      <LineString><tessellate>1</tessellate><coordinates>-51.94860749,-23.31747294,0 -51.94819645,-23.31722628,0 -51.94772492,-23.31690406,0 -51.94743041,-23.31666640,0 -51.94711136,-23.31635601,0 -51.94679794,-23.31597951,0 -51.94658242,-23.31567806,0 -51.94628835,-23.31520924,0 -51.94611056,-23.31488746,0 -51.94586494,-23.31439536,0 -51.94564435,-23.31389324,0 -51.94538438,-23.31321183,0 -51.94527860,-23.31286409,0 -51.94519747,-23.31251074,0 -51.94513743,-23.31215378,0 -51.94503340,-23.31125574,0 -51.94493505,-23.31054613,0</coordinates></LineString>
    </Placemark>
    <Placemark>
      <name>Linhas de Projeto veia 14</name>
      <Style><LineStyle><color>ff37508c</color><width>3</width></LineStyle></Style>
      <ExtendedData>
        <Data name="camada"><value>Linhas de Projeto veia</value></Data>
        <Data name="classificacao"><value>Linhas de Projeto veia</value></Data>
      </ExtendedData>
      <LineString><tessellate>1</tessellate><coordinates>-51.94855604,-23.31751510,0 -51.94799797,-23.31717257,0 -51.94768664,-23.31695396,0 -51.94739194,-23.31671649,0 -51.94706111,-23.31639557,0 -51.94675664,-23.31603179,0 -51.94654041,-23.31573077,0 -51.94633952,-23.31542083,0 -51.94606583,-23.31494156,0 -51.94581895,-23.31445001,0 -51.94559657,-23.31394857,0 -51.94539628,-23.31343924,0 -51.94522542,-23.31292095,0 -51.94514177,-23.31256809,0 -51.94507935,-23.31221148,0 -51.94487533,-23.31059691,0</coordinates></LineString>
    </Placemark>
    <Placemark>
      <name>Linhas de Projeto veia 15</name>
      <Style><LineStyle><color>ff37508c</color><width>3</width></LineStyle></Style>
      <ExtendedData>
        <Data name="camada"><value>Linhas de Projeto veia</value></Data>
        <Data name="classificacao"><value>Linhas de Projeto veia</value></Data>
      </ExtendedData>
      <LineString><tessellate>1</tessellate><coordinates>-51.94850548,-23.31755777,0 -51.94795981,-23.31722232,0 -51.94764835,-23.31700385,0 -51.94735347,-23.31676658,0 -51.94701085,-23.31643513,0 -51.94671597,-23.31608365,0 -51.94649840,-23.31578348,0 -51.94629612,-23.31547429,0 -51.94602111,-23.31499567,0 -51.94577296,-23.31450466,0 -51.94554880,-23.31400390,0 -51.94534734,-23.31349496,0 -51.94517358,-23.31297750,0 -51.94508606,-23.31262544,0 -51.94502152,-23.31226916,0 -51.94481577,-23.31064755,0</coordinates></LineString>
    </Placemark>
    <Placemark>
      <name>Linhas de Projeto veia 16</name>
      <Style><LineStyle><color>ff37508c</color><width>3</width></LineStyle></Style>
      <ExtendedData>
        <Data name="camada"><value>Linhas de Projeto veia</value></Data>
        <Data name="classificacao"><value>Linhas de Projeto veia</value></Data>
      </ExtendedData>
      <LineString><tessellate>1</tessellate><coordinates>-51.94845493,-23.31760044,0 -51.94792164,-23.31727207,0 -51.94761006,-23.31705374,0 -51.94731499,-23.31681667,0 -51.94696059,-23.31647469,0 -51.94667536,-23.31613547,0 -51.94645640,-23.31583618,0 -51.94625328,-23.31552746,0 -51.94597638,-23.31504978,0 -51.94572698,-23.31455931,0 -51.94550110,-23.31405920,0 -51.94529841,-23.31355068,0 -51.94512174,-23.31303405,0 -51.94503157,-23.31268257,0 -51.94496368,-23.31232683,0 -51.94475620,-23.31069820,0</coordinates></LineString>
    </Placemark>
    <Placemark>
      <name>Linhas de Projeto veia 17</name>
      <Style><LineStyle><color>ff37508c</color><width>3</width></LineStyle></Style>
      <ExtendedData>
        <Data name="camada"><value>Linhas de Projeto veia</value></Data>
        <Data name="classificacao"><value>Linhas de Projeto veia</value></Data>
      </ExtendedData>
      <LineString><tessellate>1</tessellate><coordinates>-51.94840419,-23.31764299,0 -51.94788348,-23.31732181,0 -51.94757177,-23.31710363,0 -51.94727652,-23.31686675,0 -51.94707325,-23.31668177,0 -51.94675118,-23.31633244,0 -51.94652256,-23.31603936,0 -51.94621058,-23.31558056,0 -51.94593166,-23.31510388,0 -51.94568099,-23.31461396,0 -51.94545392,-23.31411432,0 -51.94524948,-23.31360640,0 -51.94506990,-23.31309059,0 -51.94497710,-23.31273970,0 -51.94490663,-23.31238439,0 -51.94469667,-23.31074883,0</coordinates></LineString>
    </Placemark>
    <Placemark>
      <name>Linhas de Projeto veia 18</name>
      <Style><LineStyle><color>ff37508c</color><width>3</width></LineStyle></Style>
      <ExtendedData>
        <Data name="camada"><value>Linhas de Projeto veia</value></Data>
        <Data name="classificacao"><value>Linhas de Projeto veia</value></Data>
      </ExtendedData>
      <LineString><tessellate>1</tessellate><coordinates>-51.94835334,-23.31768547,0 -51.94784531,-23.31737156,0 -51.94753349,-23.31715352,0 -51.94723805,-23.31691684,0 -51.94702531,-23.31672372,0 -51.94671124,-23.31638379,0 -51.94648125,-23.31609164,0 -51.94616787,-23.31563367,0 -51.94588711,-23.31515791,0 -51.94555604,-23.31450335,0 -51.94533566,-23.31400115,0 -51.94513659,-23.31349141,0 -51.94496733,-23.31297268,0 -51.94488359,-23.31261983,0 -51.94482062,-23.31226331,0 -51.94463725,-23.31079936,0</coordinates></LineString>
    </Placemark>
    <Placemark>
      <name>Linhas de Projeto veia 19</name>
      <Style><LineStyle><color>ff37508c</color><width>3</width></LineStyle></Style>
      <ExtendedData>
        <Data name="camada"><value>Linhas de Projeto veia</value></Data>
        <Data name="classificacao"><value>Linhas de Projeto veia</value></Data>
      </ExtendedData>
      <LineString><tessellate>1</tessellate><coordinates>-51.94830250,-23.31772796,0 -51.94780715,-23.31742131,0 -51.94749520,-23.31720341,0 -51.94715241,-23.31692737,0 -51.94697738,-23.31676567,0 -51.94667130,-23.31643513,0 -51.94633037,-23.31599430,0 -51.94612516,-23.31568677,0 -51.94584304,-23.31521170,0 -51.94558902,-23.31472326,0 -51.94528789,-23.31405648,0 -51.94508748,-23.31354719,0 -51.94491522,-23.31302929,0 -51.94482801,-23.31267716,0 -51.94476278,-23.31232098,0 -51.94457782,-23.31084989,0</coordinates></LineString>
    </Placemark>
    <Placemark>
      <name>Linhas de Projeto veia 20</name>
      <Style><LineStyle><color>ff37508c</color><width>3</width></LineStyle></Style>
      <ExtendedData>
        <Data name="camada"><value>Linhas de Projeto veia</value></Data>
        <Data name="classificacao"><value>Linhas de Projeto veia</value></Data>
      </ExtendedData>
      <LineString><tessellate>1</tessellate><coordinates>-51.94825179,-23.31777044,0 -51.94776898,-23.31747106,0 -51.94745691,-23.31725330,0 -51.94710685,-23.31697151,0 -51.94675433,-23.31662695,0 -51.94639864,-23.31619620,0 -51.94618378,-23.31589435,0 -51.94588959,-23.31542558,0 -51.94571104,-23.31510416,0 -51.94546381,-23.31461275,0 -51.94524012,-23.31411181,0 -51.94503854,-23.31360291,0 -51.94486338,-23.31308584,0 -51.94477353,-23.31273429,0 -51.94470505,-23.31237864,0 -51.94451829,-23.31089932,0</coordinates></LineString>
    </Placemark>
    <Placemark>
      <name>Linhas de Projeto veia 21</name>
      <Style><LineStyle><color>ff37508c</color><width>3</width></LineStyle></Style>
      <ExtendedData>
        <Data name="camada"><value>Linhas de Projeto veia</value></Data>
        <Data name="classificacao"><value>Linhas de Projeto veia</value></Data>
      </ExtendedData>
      <LineString><tessellate>1</tessellate><coordinates>-51.94820120,-23.31781287,0 -51.94773082,-23.31752080,0 -51.94741862,-23.31730320,0 -51.94706129,-23.31701566,0 -51.94671471,-23.31667804,0 -51.94635734,-23.31624848,0 -51.94614178,-23.31594706,0 -51.94594097,-23.31563706,0 -51.94566631,-23.31515826,0 -51.94541783,-23.31466740,0 -51.94519236,-23.31416713,0 -51.94498961,-23.31365863,0 -51.94481154,-23.31314238,0 -51.94471905,-23.31279142,0 -51.94464821,-23.31243617,0 -51.94445871,-23.31094754,0</coordinates></LineString>
    </Placemark>
    <Placemark>
      <name>Linhas de Projeto veia 22</name>
      <Style><LineStyle><color>ff37508c</color><width>3</width></LineStyle></Style>
      <ExtendedData>
        <Data name="camada"><value>Linhas de Projeto veia</value></Data>
        <Data name="classificacao"><value>Linhas de Projeto veia</value></Data>
      </ExtendedData>
      <LineString><tessellate>1</tessellate><coordinates>-51.94815061,-23.31785529,0 -51.94769265,-23.31757055,0 -51.94738034,-23.31735309,0 -51.94701573,-23.31705980,0 -51.94667541,-23.31672888,0 -51.94631603,-23.31630076,0 -51.94609977,-23.31599976,0 -51.94589757,-23.31569053,0 -51.94562158,-23.31521237,0 -51.94537184,-23.31472205,0 -51.94514517,-23.31422225,0 -51.94494067,-23.31371435,0 -51.94475970,-23.31319893,0 -51.94466457,-23.31284855,0 -51.94456188,-23.31231513,0 -51.94439911,-23.31099576,0</coordinates></LineString>
    </Placemark>
    <Placemark>
      <name>Linhas de Projeto veia 23</name>
      <Style><LineStyle><color>ff37508c</color><width>3</width></LineStyle></Style>
      <ExtendedData>
        <Data name="camada"><value>Linhas de Projeto veia</value></Data>
        <Data name="classificacao"><value>Linhas de Projeto veia</value></Data>
      </ExtendedData>
      <LineString><tessellate>1</tessellate><coordinates>-51.94809933,-23.31789729,0 -51.94765449,-23.31762030,0 -51.94734205,-23.31740298,0 -51.94697018,-23.31710395,0 -51.94663612,-23.31677971,0 -51.94627481,-23.31635298,0 -51.94605776,-23.31605247,0 -51.94585486,-23.31574363,0 -51.94557686,-23.31526648,0 -51.94524715,-23.31461134,0 -51.94502697,-23.31410906,0 -51.94482762,-23.31359941,0 -51.94465686,-23.31308108,0 -51.94456996,-23.31272888,0 -51.94450405,-23.31237281,0 -51.94433938,-23.31104393,0</coordinates></LineString>
    </Placemark>
    <Placemark>
      <name>Linhas de Projeto veia 24</name>
      <Style><LineStyle><color>ff37508c</color><width>3</width></LineStyle></Style>
      <ExtendedData>
        <Data name="camada"><value>Linhas de Projeto veia</value></Data>
        <Data name="classificacao"><value>Linhas de Projeto veia</value></Data>
      </ExtendedData>
      <LineString><tessellate>1</tessellate><coordinates>-51.94804801,-23.31793925,0 -51.94761632,-23.31767005,0 -51.94715346,-23.31733727,0 -51.94692462,-23.31714809,0 -51.94655854,-23.31679118,0 -51.94623420,-23.31640480,0 -51.94601575,-23.31610518,0 -51.94581215,-23.31579673,0 -51.94553224,-23.31532053,0 -51.94520065,-23.31466619,0 -51.94497920,-23.31416439,0 -51.94477867,-23.31365513,0 -51.94460502,-23.31313763,0 -51.94451549,-23.31278601,0 -51.94444663,-23.31243042,0 -51.94427967,-23.31109208,0</coordinates></LineString>
    </Placemark>
    <Placemark>
      <name>Linhas de Projeto veia 25</name>
      <Style><LineStyle><color>ff37508c</color><width>3</width></LineStyle></Style>
      <ExtendedData>
        <Data name="camada"><value>Linhas de Projeto veia</value></Data>
        <Data name="classificacao"><value>Linhas de Projeto veia</value></Data>
      </ExtendedData>
      <LineString><tessellate>1</tessellate><coordinates>-51.94799672,-23.31798123,0 -51.94757816,-23.31771980,0 -51.94711517,-23.31738716,0 -51.94687906,-23.31719223,0 -51.94650828,-23.31683074,0 -51.94619359,-23.31645662,0 -51.94597374,-23.31615788,0 -51.94576944,-23.31584983,0 -51.94548817,-23.31537433,0 -51.94523389,-23.31488600,0 -51.94493143,-23.31421972,0 -51.94472973,-23.31371085,0 -51.94455318,-23.31319417,0 -51.94446101,-23.31284314,0 -51.94438979,-23.31248795,0 -51.94433588,-23.31213015,0 -51.94421992,-23.31114026,0</coordinates></LineString>
    </Placemark>
    <Placemark>
      <name>Linhas de Projeto veia 26</name>
      <Style><LineStyle><color>ff37508c</color><width>3</width></LineStyle></Style>
      <ExtendedData>
        <Data name="camada"><value>Linhas de Projeto veia</value></Data>
        <Data name="classificacao"><value>Linhas de Projeto veia</value></Data>
      </ExtendedData>
      <LineString><tessellate>1</tessellate><coordinates>-51.94794580,-23.31802342,0 -51.94753999,-23.31776954,0 -51.94707689,-23.31743705,0 -51.94683350,-23.31723638,0 -51.94645803,-23.31687030,0 -51.94615298,-23.31650845,0 -51.94593173,-23.31621059,0 -51.94572674,-23.31590293,0 -51.94544410,-23.31542813,0 -51.94518814,-23.31494055,0 -51.94488366,-23.31427504,0 -51.94468080,-23.31376658,0 -51.94450134,-23.31325072,0 -51.94440653,-23.31290027,0 -51.94430315,-23.31236696,0 -51.94416000,-23.31118858,0</coordinates></LineString>
    </Placemark>
    <Placemark>
      <name>Linhas de Projeto veia 27</name>
      <Style><LineStyle><color>ff37508c</color><width>3</width></LineStyle></Style>
      <ExtendedData>
        <Data name="camada"><value>Linhas de Projeto veia</value></Data>
        <Data name="classificacao"><value>Linhas de Projeto veia</value></Data>
      </ExtendedData>
      <LineString><tessellate>1</tessellate><coordinates>-51.94789489,-23.31806561,0 -51.94750183,-23.31781929,0 -51.94703860,-23.31748694,0 -51.94674884,-23.31724440,0 -51.94640777,-23.31690986,0 -51.94611237,-23.31656027,0 -51.94588973,-23.31626329,0 -51.94558582,-23.31579983,0 -51.94540003,-23.31548193,0 -51.94514277,-23.31499494,0 -51.94490924,-23.31449783,0 -51.94463186,-23.31382230,0 -51.94444982,-23.31330718,0 -51.94435259,-23.31295729,0 -51.94424532,-23.31242463,0 -51.94410003,-23.31123701,0</coordinates></LineString>
    </Placemark>
    <Placemark>
      <name>Linhas de Projeto veia 28</name>
      <Style><LineStyle><color>ff37508c</color><width>3</width></LineStyle></Style>
      <ExtendedData>
        <Data name="camada"><value>Linhas de Projeto veia</value></Data>
        <Data name="classificacao"><value>Linhas de Projeto veia</value></Data>
      </ExtendedData>
      <LineString><tessellate>1</tessellate><coordinates>-51.94784385,-23.31810771,0 -51.94730582,-23.31776238,0 -51.94694069,-23.31749098,0 -51.94657177,-23.31716704,0 -51.94635751,-23.31694942,0 -51.94607176,-23.31661209,0 -51.94584787,-23.31631590,0 -51.94554242,-23.31585330,0 -51.94535596,-23.31553573,0 -51.94509741,-23.31504933,0 -51.94486232,-23.31455285,0 -51.94458293,-23.31387802,0 -51.94439933,-23.31336337,0 -51.94429941,-23.31301415,0 -51.94418821,-23.31248220,0 -51.94404005,-23.31128616,0</coordinates></LineString>
    </Placemark>
    <Placemark>
      <name>Linhas de Projeto veia 29</name>
      <Style><LineStyle><color>ff37508c</color><width>3</width></LineStyle></Style>
      <ExtendedData>
        <Data name="camada"><value>Linhas de Projeto veia</value></Data>
        <Data name="classificacao"><value>Linhas de Projeto veia</value></Data>
      </ExtendedData>
      <LineString><tessellate>1</tessellate><coordinates>-51.94779230,-23.31814951,0 -51.94726762,-23.31781217,0 -51.94689736,-23.31753699,0 -51.94649805,-23.31718517,0 -51.94630725,-23.31698898,0 -51.94603115,-23.31666392,0 -51.94580657,-23.31636818,0 -51.94549914,-23.31590670,0 -51.94522206,-23.31542907,0 -51.94489166,-23.31477421,0 -51.94467051,-23.31427229,0 -51.94446986,-23.31376308,0 -51.94429482,-23.31324597,0 -51.94420296,-23.31289486,0 -51.94413138,-23.31253973,0 -51.94407681,-23.31218201,0 -51.94397986,-23.31133548,0</coordinates></LineString>
    </Placemark>
    <Placemark>
      <name>Linhas de Projeto veia 30</name>
      <Style><LineStyle><color>ff37508c</color><width>3</width></LineStyle></Style>
      <ExtendedData>
        <Data name="camada"><value>Linhas de Projeto veia</value></Data>
        <Data name="classificacao"><value>Linhas de Projeto veia</value></Data>
      </ExtendedData>
      <LineString><tessellate>1</tessellate><coordinates>-51.94774075,-23.31819129,0 -51.94722943,-23.31786195,0 -51.94685402,-23.31758300,0 -51.94645011,-23.31722712,0 -51.94623195,-23.31699993,0 -51.94587543,-23.31656972,0 -51.94565912,-23.31626876,0 -51.94545644,-23.31595980,0 -51.94517737,-23.31548316,0 -51.94492473,-23.31499409,0 -51.94462274,-23.31432762,0 -51.94442093,-23.31381880,0 -51.94424298,-23.31330251,0 -51.94414848,-23.31295199,0 -51.94404442,-23.31241878,0 -51.94391936,-23.31138355,0</coordinates></LineString>
    </Placemark>
    <Placemark>
      <name>Linhas de Projeto veia 31</name>
      <Style><LineStyle><color>ff37508c</color><width>3</width></LineStyle></Style>
      <ExtendedData>
        <Data name="camada"><value>Linhas de Projeto veia</value></Data>
        <Data name="classificacao"><value>Linhas de Projeto veia</value></Data>
      </ExtendedData>
      <LineString><tessellate>1</tessellate><coordinates>-51.94768921,-23.31823307,0 -51.94719123,-23.31791174,0 -51.94681069,-23.31762901,0 -51.94640218,-23.31726907,0 -51.94619201,-23.31705127,0 -51.94583412,-23.31662200,0 -51.94561711,-23.31632146,0 -51.94541373,-23.31601290,0 -51.94513330,-23.31553696,0 -51.94487875,-23.31504874,0 -51.94457497,-23.31438295,0 -51.94437199,-23.31387452,0 -51.94419114,-23.31335906,0 -51.94409450,-23.31300901,0 -51.94398663,-23.31247645,0 -51.94385865,-23.31143101,0</coordinates></LineString>
    </Placemark>
    <Placemark>
      <name>Linhas de Projeto veia 32</name>
      <Style><LineStyle><color>ff37508c</color><width>3</width></LineStyle></Style>
      <ExtendedData>
        <Data name="camada"><value>Linhas de Projeto veia</value></Data>
        <Data name="classificacao"><value>Linhas de Projeto veia</value></Data>
      </ExtendedData>
      <LineString><tessellate>1</tessellate><coordinates>-51.94763767,-23.31827485,0 -51.94699818,-23.31785117,0 -51.94669944,-23.31761806,0 -51.94635425,-23.31731102,0 -51.94615207,-23.31710262,0 -51.94579305,-23.31667413,0 -51.94547052,-23.31622152,0 -51.94517967,-23.31575092,0 -51.94491595,-23.31526688,0 -51.94460049,-23.31460576,0 -51.94432306,-23.31393024,0 -51.94414044,-23.31341530,0 -51.94404132,-23.31306587,0 -51.94392979,-23.31253398,0 -51.94387642,-23.31217610,0 -51.94379779,-23.31147877,0</coordinates></LineString>
    </Placemark>
    <Placemark>
      <name>Linhas de Projeto veia 33</name>
      <Style><LineStyle><color>ff37508c</color><width>3</width></LineStyle></Style>
      <ExtendedData>
        <Data name="camada"><value>Linhas de Projeto veia</value></Data>
        <Data name="classificacao"><value>Linhas de Projeto veia</value></Data>
      </ExtendedData>
      <LineString><tessellate>1</tessellate><coordinates>-51.94758628,-23.31831652,0 -51.94695998,-23.31790096,0 -51.94672403,-23.31772104,0 -51.94630631,-23.31735297,0 -51.94611250,-23.31715367,0 -51.94575244,-23.31672595,0 -51.94542851,-23.31627422,0 -51.94513589,-23.31580458,0 -51.94487058,-23.31532127,0 -51.94455342,-23.31466084,0 -51.94427412,-23.31398596,0 -51.94408995,-23.31347149,0 -51.94398814,-23.31312273,0 -51.94387296,-23.31259151,0 -51.94381775,-23.31223387,0 -51.94373697,-23.31152726,0</coordinates></LineString>
    </Placemark>
    <Placemark>
      <name>Linhas de Projeto veia 34</name>
      <Style><LineStyle><color>ff37508c</color><width>3</width></LineStyle></Style>
      <ExtendedData>
        <Data name="camada"><value>Linhas de Projeto veia</value></Data>
        <Data name="classificacao"><value>Linhas de Projeto veia</value></Data>
      </ExtendedData>
      <LineString><tessellate>1</tessellate><coordinates>-51.94753495,-23.31835813,0 -51.94707664,-23.31806110,0 -51.94668070,-23.31776705,0 -51.94625838,-23.31739492,0 -51.94607320,-23.31720451,0 -51.94582810,-23.31692303,0 -51.94549109,-23.31647958,0 -51.94518726,-23.31601607,0 -51.94500109,-23.31569835,0 -51.94474251,-23.31521197,0 -51.94450683,-23.31471573,0 -51.94422549,-23.31404159,0 -51.94403945,-23.31352768,0 -51.94393496,-23.31317959,0 -51.94381612,-23.31264904,0 -51.94373563,-23.31211231,0 -51.94367595,-23.31157590,0</coordinates></LineString>
    </Placemark>
    <Placemark>
      <name>Linhas de Projeto veia 35</name>
      <Style><LineStyle><color>ff37508c</color><width>3</width></LineStyle></Style>
      <ExtendedData>
        <Data name="camada"><value>Linhas de Projeto veia</value></Data>
        <Data name="classificacao"><value>Linhas de Projeto veia</value></Data>
      </ExtendedData>
      <LineString><tessellate>1</tessellate><coordinates>-51.94748362,-23.31839973,0 -51.94703844,-23.31811088,0 -51.94667240,-23.31783851,0</coordinates></LineString>
    </Placemark>
    <Placemark>
      <name>Linhas de Projeto veia 36</name>
      <Style><LineStyle><color>ff37508c</color><width>3</width></LineStyle></Style>
      <ExtendedData>
        <Data name="camada"><value>Linhas de Projeto veia</value></Data>
        <Data name="classificacao"><value>Linhas de Projeto veia</value></Data>
      </ExtendedData>
      <LineString><tessellate>1</tessellate><coordinates>-51.94566085,-23.31681598,0 -51.94544908,-23.31653228,0 -51.94524289,-23.31622530,0 -51.94486726,-23.31559166,0 -51.94453636,-23.31493702,0 -51.94417713,-23.31409711,0 -51.94393278,-23.31341085,0 -51.94379583,-23.31288404,0 -51.94370045,-23.31234942,0 -51.94361508,-23.31162607,0</coordinates></LineString>
    </Placemark>
    <Placemark>
      <name>Linhas de Projeto veia 37</name>
      <Style><LineStyle><color>ff37508c</color><width>3</width></LineStyle></Style>
      <ExtendedData>
        <Data name="camada"><value>Linhas de Projeto veia</value></Data>
        <Data name="classificacao"><value>Linhas de Projeto veia</value></Data>
      </ExtendedData>
      <LineString><tessellate>1</tessellate><coordinates>-51.94743230,-23.31844134,0 -51.94697137,-23.31814009,0</coordinates></LineString>
    </Placemark>
    <Placemark>
      <name>Linhas de Projeto veia 38</name>
      <Style><LineStyle><color>ff37508c</color><width>3</width></LineStyle></Style>
      <ExtendedData>
        <Data name="camada"><value>Linhas de Projeto veia</value></Data>
        <Data name="classificacao"><value>Linhas de Projeto veia</value></Data>
      </ExtendedData>
      <LineString><tessellate>1</tessellate><coordinates>-51.94534502,-23.31649426,0 -51.94500570,-23.31596498,0 -51.94465178,-23.31532074,0 -51.94433893,-23.31465857,0 -51.94406319,-23.31398247,0 -51.94388155,-23.31346723,0 -51.94374135,-23.31294116,0 -51.94364262,-23.31240709,0 -51.94355416,-23.31167678,0</coordinates></LineString>
    </Placemark>
    <Placemark>
      <name>Linhas de Projeto veia 39</name>
      <Style><LineStyle><color>ff37508c</color><width>3</width></LineStyle></Style>
      <ExtendedData>
        <Data name="camada"><value>Linhas de Projeto veia</value></Data>
        <Data name="classificacao"><value>Linhas de Projeto veia</value></Data>
      </ExtendedData>
      <LineString><tessellate>1</tessellate><coordinates>-51.94738099,-23.31848293,0 -51.94718778,-23.31836047,0</coordinates></LineString>
    </Placemark>
    <Placemark>
      <name>Linhas de Projeto veia 40</name>
      <Style><LineStyle><color>ff37508c</color><width>3</width></LineStyle></Style>
      <ExtendedData>
        <Data name="camada"><value>Linhas de Projeto veia</value></Data>
        <Data name="classificacao"><value>Linhas de Projeto veia</value></Data>
      </ExtendedData>
      <LineString><tessellate>1</tessellate><coordinates>-51.94510774,-23.31625373,0 -51.94510774,-23.31625373,0</coordinates></LineString>
    </Placemark>
    <Placemark>
      <name>Linhas de Projeto veia 41</name>
      <Style><LineStyle><color>ff37508c</color><width>3</width></LineStyle></Style>
      <ExtendedData>
        <Data name="camada"><value>Linhas de Projeto veia</value></Data>
        <Data name="classificacao"><value>Linhas de Projeto veia</value></Data>
      </ExtendedData>
      <LineString><tessellate>1</tessellate><coordinates>-51.94510774,-23.31625373,0 -51.94477843,-23.31569958,0 -51.94444439,-23.31504631,0 -51.94414868,-23.31437745,0 -51.94388889,-23.31369597,0 -51.94377810,-23.31334954,0 -51.94364845,-23.31282118,0 -51.94355868,-23.31228574,0 -51.94349328,-23.31172787,0</coordinates></LineString>
    </Placemark>
    <Placemark>
      <name>Linhas de Projeto veia 42</name>
      <Style><LineStyle><color>ff37508c</color><width>3</width></LineStyle></Style>
      <ExtendedData>
        <Data name="camada"><value>Linhas de Projeto veia</value></Data>
        <Data name="classificacao"><value>Linhas de Projeto veia</value></Data>
      </ExtendedData>
      <LineString><tessellate>1</tessellate><coordinates>-51.94490078,-23.31604141,0 -51.94456105,-23.31542952,0 -51.94432046,-23.31493529,0 -51.94403207,-23.31426370,0 -51.94383936,-23.31375188,0 -51.94367687,-23.31323132,0 -51.94359274,-23.31287854,0 -51.94350000,-23.31234351,0 -51.94343249,-23.31177953,0</coordinates></LineString>
    </Placemark>
    <Placemark>
      <name>Linhas de Projeto veia 43</name>
      <Style><LineStyle><color>ff37508c</color><width>3</width></LineStyle></Style>
      <ExtendedData>
        <Data name="camada"><value>Linhas de Projeto veia</value></Data>
        <Data name="classificacao"><value>Linhas de Projeto veia</value></Data>
      </ExtendedData>
      <LineString><tessellate>1</tessellate><coordinates>-51.94471809,-23.31585641,0 -51.94443297,-23.31532021,0 -51.94419793,-23.31482371,0 -51.94391677,-23.31414950,0 -51.94373007,-23.31363579,0 -51.94362369,-23.31328818,0 -51.94350169,-23.31275822,0 -51.94344172,-23.31240124,0 -51.94337173,-23.31183117,0</coordinates></LineString>
    </Placemark>
    <Placemark>
      <name>Linhas de Projeto veia 44</name>
      <Style><LineStyle><color>ff37508c</color><width>3</width></LineStyle></Style>
      <ExtendedData>
        <Data name="camada"><value>Linhas de Projeto veia</value></Data>
        <Data name="classificacao"><value>Linhas de Projeto veia</value></Data>
      </ExtendedData>
      <LineString><tessellate>1</tessellate><coordinates>-51.94454833,-23.31568354,0 -51.94454833,-23.31568354,0</coordinates></LineString>
    </Placemark>
    <Placemark>
      <name>Linhas de Projeto veia 45</name>
      <Style><LineStyle><color>ff37508c</color><width>3</width></LineStyle></Style>
      <ExtendedData>
        <Data name="camada"><value>Linhas de Projeto veia</value></Data>
        <Data name="classificacao"><value>Linhas de Projeto veia</value></Data>
      </ExtendedData>
      <LineString><tessellate>1</tessellate><coordinates>-51.94454833,-23.31568354,0 -51.94422727,-23.31504508,0 -51.94400536,-23.31454344,0 -51.94380332,-23.31403469,0 -51.94362267,-23.31351916,0 -51.94352513,-23.31316933,0 -51.94344599,-23.31281557,0 -51.94338388,-23.31245891,0 -51.94331095,-23.31188282,0</coordinates></LineString>
    </Placemark>
    <Placemark>
      <name>Linhas de Projeto veia 46</name>
      <Style><LineStyle><color>ff37508c</color><width>3</width></LineStyle></Style>
      <ExtendedData>
        <Data name="camada"><value>Linhas de Projeto veia</value></Data>
        <Data name="classificacao"><value>Linhas de Projeto veia</value></Data>
      </ExtendedData>
      <LineString><tessellate>1</tessellate><coordinates>-51.94438859,-23.31551928,0 -51.94418122,-23.31509975,0 -51.94395759,-23.31459877,0 -51.94375438,-23.31409041,0 -51.94357217,-23.31357535,0 -51.94347195,-23.31322619,0 -51.94339028,-23.31287292,0 -51.94332605,-23.31251658,0 -51.94325033,-23.31193434,0</coordinates></LineString>
    </Placemark>
    <Placemark>
      <name>Linhas de Projeto veia 47</name>
      <Style><LineStyle><color>ff37508c</color><width>3</width></LineStyle></Style>
      <ExtendedData>
        <Data name="camada"><value>Linhas de Projeto veia</value></Data>
        <Data name="classificacao"><value>Linhas de Projeto veia</value></Data>
      </ExtendedData>
      <LineString><tessellate>1</tessellate><coordinates>-51.94423904,-23.31536842,0 -51.94423904,-23.31536842,0</coordinates></LineString>
    </Placemark>
    <Placemark>
      <name>Linhas de Projeto veia 48</name>
      <Style><LineStyle><color>ff37508c</color><width>3</width></LineStyle></Style>
      <ExtendedData>
        <Data name="camada"><value>Linhas de Projeto veia</value></Data>
        <Data name="classificacao"><value>Linhas de Projeto veia</value></Data>
      </ExtendedData>
      <LineString><tessellate>1</tessellate><coordinates>-51.94423904,-23.31536842,0 -51.94383999,-23.31448536,0 -51.94352168,-23.31363153,0 -51.94341877,-23.31328305,0 -51.94333457,-23.31293028,0 -51.94326821,-23.31257425,0 -51.94318961,-23.31198470,0</coordinates></LineString>
    </Placemark>
    <Placemark>
      <name>Linhas de Projeto veia 49</name>
      <Style><LineStyle><color>ff37508c</color><width>3</width></LineStyle></Style>
      <ExtendedData>
        <Data name="camada"><value>Linhas de Projeto veia</value></Data>
        <Data name="classificacao"><value>Linhas de Projeto veia</value></Data>
      </ExtendedData>
      <LineString><tessellate>1</tessellate><coordinates>-51.94409669,-23.31522448,0 -51.94372336,-23.31437162,0 -51.94353039,-23.31385987,0 -51.94341605,-23.31351442,0 -51.94332022,-23.31316419,0 -51.94324352,-23.31280996,0 -51.94312881,-23.31203444,0</coordinates></LineString>
    </Placemark>
    <Placemark>
      <name>Linhas de Projeto veia 50</name>
      <Style><LineStyle><color>ff37508c</color><width>3</width></LineStyle></Style>
      <ExtendedData>
        <Data name="camada"><value>Linhas de Projeto veia</value></Data>
        <Data name="classificacao"><value>Linhas de Projeto veia</value></Data>
      </ExtendedData>
      <LineString><tessellate>1</tessellate><coordinates>-51.94396035,-23.31508804,0 -51.94360806,-23.31425741,0 -51.94336421,-23.31357097,0 -51.94326704,-23.31322105,0 -51.94318781,-23.31286731,0 -51.94306828,-23.31208393,0</coordinates></LineString>
    </Placemark>
    <Placemark>
      <name>Linhas de Projeto veia 51</name>
      <Style><LineStyle><color>ff37508c</color><width>3</width></LineStyle></Style>
      <ExtendedData>
        <Data name="camada"><value>Linhas de Projeto veia</value></Data>
        <Data name="classificacao"><value>Linhas de Projeto veia</value></Data>
      </ExtendedData>
      <LineString><tessellate>1</tessellate><coordinates>-51.94383186,-23.31496261,0 -51.94349451,-23.31414264,0 -51.94326137,-23.31345312,0 -51.94317078,-23.31310172,0 -51.94309770,-23.31274685,0 -51.94300775,-23.31213336,0</coordinates></LineString>
    </Placemark>
    <Placemark>
      <name>Linhas de Projeto veia 52</name>
      <Style><LineStyle><color>ff37508c</color><width>3</width></LineStyle></Style>
      <ExtendedData>
        <Data name="camada"><value>Linhas de Projeto veia</value></Data>
        <Data name="classificacao"><value>Linhas de Projeto veia</value></Data>
      </ExtendedData>
      <LineString><tessellate>1</tessellate><coordinates>-51.94370159,-23.31482853,0 -51.94338181,-23.31402759,0 -51.94320953,-23.31350967,0 -51.94311630,-23.31315885,0 -51.94304106,-23.31280435,0 -51.94294719,-23.31218282,0</coordinates></LineString>
    </Placemark>
    <Placemark>
      <name>Linhas de Projeto veia 53</name>
      <Style><LineStyle><color>ff37508c</color><width>3</width></LineStyle></Style>
      <ExtendedData>
        <Data name="camada"><value>Linhas de Projeto veia</value></Data>
        <Data name="classificacao"><value>Linhas de Projeto veia</value></Data>
      </ExtendedData>
      <LineString><tessellate>1</tessellate><coordinates>-51.94357590,-23.31470050,0 -51.94357590,-23.31470050,0</coordinates></LineString>
    </Placemark>
    <Placemark>
      <name>Linhas de Projeto veia 54</name>
      <Style><LineStyle><color>ff37508c</color><width>3</width></LineStyle></Style>
      <ExtendedData>
        <Data name="camada"><value>Linhas de Projeto veia</value></Data>
        <Data name="classificacao"><value>Linhas de Projeto veia</value></Data>
      </ExtendedData>
      <LineString><tessellate>1</tessellate><coordinates>-51.94357590,-23.31470050,0 -51.94327094,-23.31391197,0 -51.94310750,-23.31339163,0 -51.94298535,-23.31286170,0 -51.94288692,-23.31223143,0</coordinates></LineString>
    </Placemark>
    <Placemark>
      <name>Linhas de Projeto veia 55</name>
      <Style><LineStyle><color>ff37508c</color><width>3</width></LineStyle></Style>
      <ExtendedData>
        <Data name="camada"><value>Linhas de Projeto veia</value></Data>
        <Data name="classificacao"><value>Linhas de Projeto veia</value></Data>
      </ExtendedData>
      <LineString><tessellate>1</tessellate><coordinates>-51.94345606,-23.31458118,0 -51.94345606,-23.31458118,0</coordinates></LineString>
    </Placemark>
    <Placemark>
      <name>Linhas de Projeto veia 56</name>
      <Style><LineStyle><color>ff37508c</color><width>3</width></LineStyle></Style>
      <ExtendedData>
        <Data name="camada"><value>Linhas de Projeto veia</value></Data>
        <Data name="classificacao"><value>Linhas de Projeto veia</value></Data>
      </ExtendedData>
      <LineString><tessellate>1</tessellate><coordinates>-51.94345606,-23.31458118,0 -51.94322142,-23.31396787,0 -51.94305485,-23.31344837,0 -51.94292964,-23.31291905,0 -51.94282668,-23.31227988,0</coordinates></LineString>
    </Placemark>
    <Placemark>
      <name>Linhas de Projeto veia 57</name>
      <Style><LineStyle><color>ff37508c</color><width>3</width></LineStyle></Style>
      <ExtendedData>
        <Data name="camada"><value>Linhas de Projeto veia</value></Data>
        <Data name="classificacao"><value>Linhas de Projeto veia</value></Data>
      </ExtendedData>
      <LineString><tessellate>1</tessellate><coordinates>-51.94333734,-23.31446164,0 -51.94311131,-23.31385203,0 -51.94295577,-23.31332964,0 -51.94283928,-23.31279862,0 -51.94276633,-23.31232812,0</coordinates></LineString>
    </Placemark>
    <Placemark>
      <name>Linhas de Projeto veia 58</name>
      <Style><LineStyle><color>ff37508c</color><width>3</width></LineStyle></Style>
      <ExtendedData>
        <Data name="camada"><value>Linhas de Projeto veia</value></Data>
        <Data name="classificacao"><value>Linhas de Projeto veia</value></Data>
      </ExtendedData>
      <LineString><tessellate>1</tessellate><coordinates>-51.94322178,-23.31434468,0 -51.94306103,-23.31390815,0 -51.94290259,-23.31338650,0 -51.94278289,-23.31285608,0 -51.94270620,-23.31237565,0</coordinates></LineString>
    </Placemark>
    <Placemark>
      <name>Linhas de Projeto veia 59</name>
      <Style><LineStyle><color>ff37508c</color><width>3</width></LineStyle></Style>
      <ExtendedData>
        <Data name="camada"><value>Linhas de Projeto veia</value></Data>
        <Data name="classificacao"><value>Linhas de Projeto veia</value></Data>
      </ExtendedData>
      <LineString><tessellate>1</tessellate><coordinates>-51.94310622,-23.31422474,0 -51.94295341,-23.31379158,0 -51.94280403,-23.31326764,0 -51.94272718,-23.31291344,0 -51.94264629,-23.31242301,0</coordinates></LineString>
    </Placemark>
    <Placemark>
      <name>Linhas de Projeto veia 60</name>
      <Style><LineStyle><color>ff37508c</color><width>3</width></LineStyle></Style>
      <ExtendedData>
        <Data name="camada"><value>Linhas de Projeto veia</value></Data>
        <Data name="classificacao"><value>Linhas de Projeto veia</value></Data>
      </ExtendedData>
      <LineString><tessellate>1</tessellate><coordinates>-51.94299386,-23.31410851,0 -51.94284749,-23.31367455,0 -51.94275085,-23.31332450,0 -51.94267147,-23.31297079,0 -51.94258641,-23.31247121,0</coordinates></LineString>
    </Placemark>
    <Placemark>
      <name>Linhas de Projeto veia 61</name>
      <Style><LineStyle><color>ff37508c</color><width>3</width></LineStyle></Style>
      <ExtendedData>
        <Data name="camada"><value>Linhas de Projeto veia</value></Data>
        <Data name="classificacao"><value>Linhas de Projeto veia</value></Data>
      </ExtendedData>
      <LineString><tessellate>1</tessellate><coordinates>-51.94288635,-23.31400113,0 -51.94274465,-23.31355670,0 -51.94265469,-23.31320516,0 -51.94252648,-23.31251955,0</coordinates></LineString>
    </Placemark>
    <Placemark>
      <name>Linhas de Projeto veia 62</name>
      <Style><LineStyle><color>ff37508c</color><width>3</width></LineStyle></Style>
      <ExtendedData>
        <Data name="camada"><value>Linhas de Projeto veia</value></Data>
        <Data name="classificacao"><value>Linhas de Projeto veia</value></Data>
      </ExtendedData>
      <LineString><tessellate>1</tessellate><coordinates>-51.94278044,-23.31389489,0 -51.94278044,-23.31389489,0</coordinates></LineString>
    </Placemark>
    <Placemark>
      <name>Linhas de Projeto veia 63</name>
      <Style><LineStyle><color>ff37508c</color><width>3</width></LineStyle></Style>
      <ExtendedData>
        <Data name="camada"><value>Linhas de Projeto veia</value></Data>
        <Data name="classificacao"><value>Linhas de Projeto veia</value></Data>
      </ExtendedData>
      <LineString><tessellate>1</tessellate><coordinates>-51.94278044,-23.31389489,0 -51.94260021,-23.31326228,0 -51.94246722,-23.31256735,0</coordinates></LineString>
    </Placemark>
    <Placemark>
      <name>Linhas de Projeto veia 64</name>
      <Style><LineStyle><color>ff37508c</color><width>3</width></LineStyle></Style>
      <ExtendedData>
        <Data name="camada"><value>Linhas de Projeto veia</value></Data>
        <Data name="classificacao"><value>Linhas de Projeto veia</value></Data>
      </ExtendedData>
      <LineString><tessellate>1</tessellate><coordinates>-51.94267943,-23.31379456,0 -51.94254594,-23.31331937,0 -51.94240787,-23.31261522,0</coordinates></LineString>
    </Placemark>
    <Placemark>
      <name>Linhas de Projeto veia 65</name>
      <Style><LineStyle><color>ff37508c</color><width>3</width></LineStyle></Style>
      <ExtendedData>
        <Data name="camada"><value>Linhas de Projeto veia</value></Data>
        <Data name="classificacao"><value>Linhas de Projeto veia</value></Data>
      </ExtendedData>
      <LineString><tessellate>1</tessellate><coordinates>-51.94257892,-23.31369144,0 -51.94245112,-23.31319974,0 -51.94234848,-23.31266314,0</coordinates></LineString>
    </Placemark>
    <Placemark>
      <name>Linhas de Projeto veia 66</name>
      <Style><LineStyle><color>ff37508c</color><width>3</width></LineStyle></Style>
      <ExtendedData>
        <Data name="camada"><value>Linhas de Projeto veia</value></Data>
        <Data name="classificacao"><value>Linhas de Projeto veia</value></Data>
      </ExtendedData>
      <LineString><tessellate>1</tessellate><coordinates>-51.94248239,-23.31359387,0 -51.94235759,-23.31307988,0 -51.94228950,-23.31271172,0</coordinates></LineString>
    </Placemark>
    <Placemark>
      <name>Linhas de Projeto veia 67</name>
      <Style><LineStyle><color>ff37508c</color><width>3</width></LineStyle></Style>
      <ExtendedData>
        <Data name="camada"><value>Linhas de Projeto veia</value></Data>
        <Data name="classificacao"><value>Linhas de Projeto veia</value></Data>
      </ExtendedData>
      <LineString><tessellate>1</tessellate><coordinates>-51.94238904,-23.31349957,0 -51.94230204,-23.31313720,0 -51.94223109,-23.31275989,0</coordinates></LineString>
    </Placemark>
    <Placemark>
      <name>Linhas de Projeto veia 68</name>
      <Style><LineStyle><color>ff37508c</color><width>3</width></LineStyle></Style>
      <ExtendedData>
        <Data name="camada"><value>Linhas de Projeto veia</value></Data>
        <Data name="classificacao"><value>Linhas de Projeto veia</value></Data>
      </ExtendedData>
      <LineString><tessellate>1</tessellate><coordinates>-51.94229702,-23.31340662,0 -51.94229702,-23.31340662,0</coordinates></LineString>
    </Placemark>
    <Placemark>
      <name>Linhas de Projeto veia 69</name>
      <Style><LineStyle><color>ff37508c</color><width>3</width></LineStyle></Style>
      <ExtendedData>
        <Data name="camada"><value>Linhas de Projeto veia</value></Data>
        <Data name="classificacao"><value>Linhas de Projeto veia</value></Data>
      </ExtendedData>
      <LineString><tessellate>1</tessellate><coordinates>-51.94229702,-23.31340662,0 -51.94217258,-23.31280811,0</coordinates></LineString>
    </Placemark>
    <Placemark>
      <name>Linhas de Projeto veia 70</name>
      <Style><LineStyle><color>ff37508c</color><width>3</width></LineStyle></Style>
      <ExtendedData>
        <Data name="camada"><value>Linhas de Projeto veia</value></Data>
        <Data name="classificacao"><value>Linhas de Projeto veia</value></Data>
      </ExtendedData>
      <LineString><tessellate>1</tessellate><coordinates>-51.94220923,-23.31332001,0 -51.94211397,-23.31285637,0</coordinates></LineString>
    </Placemark>
    <Placemark>
      <name>Linhas de Projeto veia 71</name>
      <Style><LineStyle><color>ff37508c</color><width>3</width></LineStyle></Style>
      <ExtendedData>
        <Data name="camada"><value>Linhas de Projeto veia</value></Data>
        <Data name="classificacao"><value>Linhas de Projeto veia</value></Data>
      </ExtendedData>
      <LineString><tessellate>1</tessellate><coordinates>-51.94212288,-23.31323761,0 -51.94205546,-23.31290455,0</coordinates></LineString>
    </Placemark>
    <Placemark>
      <name>Linhas de Projeto veia 72</name>
      <Style><LineStyle><color>ff37508c</color><width>3</width></LineStyle></Style>
      <ExtendedData>
        <Data name="camada"><value>Linhas de Projeto veia</value></Data>
        <Data name="classificacao"><value>Linhas de Projeto veia</value></Data>
      </ExtendedData>
      <LineString><tessellate>1</tessellate><coordinates>-51.94203718,-23.31315494,0 -51.94203718,-23.31315494,0</coordinates></LineString>
    </Placemark>
    <Placemark>
      <name>Linhas de Projeto veia 73</name>
      <Style><LineStyle><color>ff37508c</color><width>3</width></LineStyle></Style>
      <ExtendedData>
        <Data name="camada"><value>Linhas de Projeto veia</value></Data>
        <Data name="classificacao"><value>Linhas de Projeto veia</value></Data>
      </ExtendedData>
      <LineString><tessellate>1</tessellate><coordinates>-51.94203718,-23.31315494,0 -51.94199754,-23.31295149,0</coordinates></LineString>
    </Placemark>
    <Placemark>
      <name>Linhas de Projeto veia 74</name>
      <Style><LineStyle><color>ff37508c</color><width>3</width></LineStyle></Style>
      <ExtendedData>
        <Data name="camada"><value>Linhas de Projeto veia</value></Data>
        <Data name="classificacao"><value>Linhas de Projeto veia</value></Data>
      </ExtendedData>
      <LineString><tessellate>1</tessellate><coordinates>-51.94195417,-23.31307589,0 -51.94193954,-23.31299873,0</coordinates></LineString>
    </Placemark>
    <Placemark>
      <name>Linhas de Projeto veia 75</name>
      <Style><LineStyle><color>ff37508c</color><width>3</width></LineStyle></Style>
      <ExtendedData>
        <Data name="camada"><value>Linhas de Projeto veia</value></Data>
        <Data name="classificacao"><value>Linhas de Projeto veia</value></Data>
      </ExtendedData>
      <LineString><tessellate>1</tessellate><coordinates>-51.94975656,-23.31075955,0 -51.94976591,-23.31071459,0 -51.94979317,-23.31067637,0 -51.94983420,-23.31065069,0 -51.94988275,-23.31064146,0 -51.94993142,-23.31065010,0 -51.94997281,-23.31067528,0 -51.95000061,-23.31071317,0 -51.95001060,-23.31075801,0 -51.95000125,-23.31080296,0 -51.94997399,-23.31084119,0 -51.94993296,-23.31086687,0 -51.94988441,-23.31087610,0 -51.94983574,-23.31086746,0 -51.94979435,-23.31084228,0 -51.94976655,-23.31080438,0 -51.94975656,-23.31075955,0</coordinates></LineString>
    </Placemark>
    <Placemark>
      <name>Linhas de Projeto veia 76</name>
      <Style><LineStyle><color>ff37508c</color><width>3</width></LineStyle></Style>
      <ExtendedData>
        <Data name="camada"><value>Linhas de Projeto veia</value></Data>
        <Data name="classificacao"><value>Linhas de Projeto veia</value></Data>
      </ExtendedData>
      <LineString><tessellate>1</tessellate><coordinates>-51.95046385,-23.31389958,0 -51.95048612,-23.31379250,0 -51.95055107,-23.31370144,0 -51.95064880,-23.31364027,0 -51.95076444,-23.31361829,0 -51.95088038,-23.31363886,0 -51.95097897,-23.31369885,0 -51.95104521,-23.31378911,0 -51.95106900,-23.31389591,0 -51.95104673,-23.31400299,0 -51.95098179,-23.31409405,0 -51.95088405,-23.31415522,0 -51.95076841,-23.31417720,0 -51.95065247,-23.31415663,0 -51.95055388,-23.31409664,0 -51.95048764,-23.31400638,0 -51.95046385,-23.31389958,0</coordinates></LineString>
    </Placemark>
    <Placemark>
      <name>Linhas de Projeto veia 77</name>
      <Style><LineStyle><color>ff37508c</color><width>3</width></LineStyle></Style>
      <ExtendedData>
        <Data name="camada"><value>Linhas de Projeto veia</value></Data>
        <Data name="classificacao"><value>Linhas de Projeto veia</value></Data>
      </ExtendedData>
      <LineString><tessellate>1</tessellate><coordinates>-51.94927661,-23.31692391,0 -51.94869264,-23.31657950,0 -51.94837531,-23.31636836,0 -51.94801802,-23.31608863,0 -51.94776470,-23.31584171,0 -51.94744506,-23.31544914,0 -51.94723501,-23.31514446,0 -51.94704215,-23.31483019,0 -51.94678116,-23.31434491,0 -51.94662250,-23.31401471,0 -51.94640505,-23.31351142,0 -51.94621208,-23.31299969,0 -51.94610605,-23.31265204,0 -51.94599862,-23.31211952,0 -51.94587038,-23.31104224,0 -51.94571958,-23.30992873,0</coordinates></LineString>
    </Placemark>
    <Placemark>
      <name>Linhas de Projeto veia 78</name>
      <Style><LineStyle><color>ff37508c</color><width>3</width></LineStyle></Style>
      <ExtendedData>
        <Data name="camada"><value>Linhas de Projeto veia</value></Data>
        <Data name="classificacao"><value>Linhas de Projeto veia</value></Data>
      </ExtendedData>
      <LineString><tessellate>1</tessellate><coordinates>-51.94932781,-23.31688146,0 -51.94873081,-23.31652974,0 -51.94841350,-23.31631858,0 -51.94806358,-23.31604449,0 -51.94784053,-23.31582845,0 -51.94759827,-23.31554498,0 -51.94727772,-23.31509136,0 -51.94708622,-23.31477639,0 -51.94682653,-23.31429052,0 -51.94666909,-23.31395982,0 -51.94645340,-23.31345589,0 -51.94626202,-23.31294366,0 -51.94615923,-23.31259518,0 -51.94605645,-23.31206185,0 -51.94595217,-23.31116383,0 -51.94578004,-23.30988077,0</coordinates></LineString>
    </Placemark>
    <Placemark>
      <name>Linhas de Projeto veia 79</name>
      <Style><LineStyle><color>ff37508c</color><width>3</width></LineStyle></Style>
      <ExtendedData>
        <Data name="camada"><value>Linhas de Projeto veia</value></Data>
        <Data name="classificacao"><value>Linhas de Projeto veia</value></Data>
      </ExtendedData>
      <LineString><tessellate>1</tessellate><coordinates>-51.94937902,-23.31683900,0 -51.94876898,-23.31647999,0 -51.94845170,-23.31626879,0 -51.94810914,-23.31600035,0 -51.94787982,-23.31577762,0 -51.94763888,-23.31549316,0 -51.94732043,-23.31503826,0 -51.94713029,-23.31472259,0 -51.94687189,-23.31423613,0 -51.94671568,-23.31390492,0 -51.94650175,-23.31340036,0 -51.94631251,-23.31288747,0 -51.94621284,-23.31253823,0 -51.94611502,-23.31200409,0 -51.94601137,-23.31110600,0 -51.94584052,-23.30983257,0</coordinates></LineString>
    </Placemark>
    <Placemark>
      <name>Linhas de Projeto veia 80</name>
      <Style><LineStyle><color>ff37508c</color><width>3</width></LineStyle></Style>
      <ExtendedData>
        <Data name="camada"><value>Linhas de Projeto veia</value></Data>
        <Data name="classificacao"><value>Linhas de Projeto veia</value></Data>
      </ExtendedData>
      <LineString><tessellate>1</tessellate><coordinates>-51.94942842,-23.31679552,0 -51.94864677,-23.31632686,0 -51.94833752,-23.31610580,0 -51.94805085,-23.31586026,0 -51.94779593,-23.31558648,0 -51.94756897,-23.31529231,0 -51.94726681,-23.31482796,0 -51.94699997,-23.31434543,0 -51.94676227,-23.31385003,0 -51.94655010,-23.31334484,0 -51.94636301,-23.31283128,0 -51.94626732,-23.31248110,0 -51.94617370,-23.31194631,0 -51.94607051,-23.31104817,0 -51.94590092,-23.30978379,0</coordinates></LineString>
    </Placemark>
    <Placemark>
      <name>Linhas de Projeto veia 81</name>
      <Style><LineStyle><color>ff37508c</color><width>3</width></LineStyle></Style>
      <ExtendedData>
        <Data name="camada"><value>Linhas de Projeto veia</value></Data>
        <Data name="classificacao"><value>Linhas de Projeto veia</value></Data>
      </ExtendedData>
      <LineString><tessellate>1</tessellate><coordinates>-51.94947537,-23.31675064,0 -51.94900832,-23.31648030,0 -51.94868493,-23.31627711,0 -51.94837580,-23.31605591,0 -51.94808964,-23.31580987,0 -51.94783638,-23.31553477,0 -51.94761030,-23.31524002,0 -51.94731020,-23.31477450,0 -51.94704533,-23.31429105,0 -51.94680889,-23.31379513,0 -51.94659845,-23.31328931,0 -51.94641354,-23.31277508,0 -51.94632179,-23.31242398,0 -51.94623262,-23.31188851,0 -51.94612947,-23.31099037,0 -51.94596127,-23.30973435,0</coordinates></LineString>
    </Placemark>
    <Placemark>
      <name>Linhas de Projeto veia 82</name>
      <Style><LineStyle><color>ff37508c</color><width>3</width></LineStyle></Style>
      <ExtendedData>
        <Data name="camada"><value>Linhas de Projeto veia</value></Data>
        <Data name="classificacao"><value>Linhas de Projeto veia</value></Data>
      </ExtendedData>
      <LineString><tessellate>1</tessellate><coordinates>-51.94952085,-23.31670491,0 -51.94904651,-23.31643052,0 -51.94872310,-23.31622736,0 -51.94841409,-23.31600602,0 -51.94812843,-23.31575947,0 -51.94787699,-23.31548294,0 -51.94754802,-23.31503449,0 -51.94735360,-23.31472103,0 -51.94709069,-23.31423666,0 -51.94693139,-23.31390672,0 -51.94671375,-23.31340350,0 -51.94652105,-23.31289169,0 -51.94641732,-23.31254345,0 -51.94631541,-23.31201000,0 -51.94621151,-23.31111194,0 -51.94602165,-23.30968488,0</coordinates></LineString>
    </Placemark>
    <Placemark>
      <name>Linhas de Projeto veia 83</name>
      <Style><LineStyle><color>ff37508c</color><width>3</width></LineStyle></Style>
      <ExtendedData>
        <Data name="camada"><value>Linhas de Projeto veia</value></Data>
        <Data name="classificacao"><value>Linhas de Projeto veia</value></Data>
      </ExtendedData>
      <LineString><tessellate>1</tessellate><coordinates>-51.94957991,-23.31666692,0 -51.94908470,-23.31638074,0 -51.94876126,-23.31617761,0 -51.94845238,-23.31595613,0 -51.94816769,-23.31570867,0 -51.94791760,-23.31543112,0 -51.94759072,-23.31498139,0 -51.94739701,-23.31466756,0 -51.94713606,-23.31418227,0 -51.94697798,-23.31385183,0 -51.94676211,-23.31334798,0 -51.94657140,-23.31283554,0 -51.94647088,-23.31248651,0 -51.94637409,-23.31195222,0 -51.94627064,-23.31105411,0 -51.94608202,-23.30963541,0</coordinates></LineString>
    </Placemark>
    <Placemark>
      <name>Linhas de Projeto veia 84</name>
      <Style><LineStyle><color>ff37508c</color><width>3</width></LineStyle></Style>
      <ExtendedData>
        <Data name="camada"><value>Linhas de Projeto veia</value></Data>
        <Data name="classificacao"><value>Linhas de Projeto veia</value></Data>
      </ExtendedData>
      <LineString><tessellate>1</tessellate><coordinates>-51.94963395,-23.31662609,0 -51.94912289,-23.31633096,0 -51.94879943,-23.31612786,0 -51.94849066,-23.31590623,0 -51.94820698,-23.31565783,0 -51.94800199,-23.31543399,0 -51.94773632,-23.31508190,0 -51.94744108,-23.31461376,0 -51.94718142,-23.31412788,0 -51.94695045,-23.31362978,0 -51.94674456,-23.31312237,0 -51.94662189,-23.31277935,0 -51.94652536,-23.31242938,0 -51.94643276,-23.31189444,0 -51.94632978,-23.31099628,0 -51.94614241,-23.30958593,0</coordinates></LineString>
    </Placemark>
    <Placemark>
      <name>Linhas de Projeto veia 85</name>
      <Style><LineStyle><color>ff37508c</color><width>3</width></LineStyle></Style>
      <ExtendedData>
        <Data name="camada"><value>Linhas de Projeto veia</value></Data>
        <Data name="classificacao"><value>Linhas de Projeto veia</value></Data>
      </ExtendedData>
      <LineString><tessellate>1</tessellate><coordinates>-51.94968508,-23.31658361,0 -51.94916107,-23.31628118,0 -51.94883759,-23.31607812,0 -51.94852895,-23.31585634,0 -51.94824627,-23.31560700,0 -51.94805422,-23.31539669,0 -51.94777832,-23.31502919,0 -51.94748515,-23.31455996,0 -51.94722678,-23.31407349,0 -51.94699764,-23.31357466,0 -51.94679349,-23.31306665,0 -51.94667238,-23.31272316,0 -51.94657984,-23.31237225,0 -51.94649199,-23.31183661,0 -51.94641156,-23.31111788,0 -51.94620282,-23.30953644,0</coordinates></LineString>
    </Placemark>
    <Placemark>
      <name>Linhas de Projeto veia 86</name>
      <Style><LineStyle><color>ff37508c</color><width>3</width></LineStyle></Style>
      <ExtendedData>
        <Data name="camada"><value>Linhas de Projeto veia</value></Data>
        <Data name="classificacao"><value>Linhas de Projeto veia</value></Data>
      </ExtendedData>
      <LineString><tessellate>1</tessellate><coordinates>-51.94973620,-23.31654114,0 -51.94919926,-23.31623140,0 -51.94887575,-23.31602837,0 -51.94856724,-23.31580645,0 -51.94831950,-23.31559106,0 -51.94810645,-23.31535938,0 -51.94782033,-23.31497649,0 -51.94752922,-23.31450616,0 -51.94727272,-23.31401886,0 -51.94704482,-23.31351954,0 -51.94684243,-23.31301093,0 -51.94672374,-23.31266674,0 -51.94663508,-23.31231499,0 -51.94657447,-23.31195813,0 -51.94647078,-23.31106005,0 -51.94626322,-23.30948695,0</coordinates></LineString>
    </Placemark>
    <Placemark>
      <name>Linhas de Projeto veia 87</name>
      <Style><LineStyle><color>ff37508c</color><width>3</width></LineStyle></Style>
      <ExtendedData>
        <Data name="camada"><value>Linhas de Projeto veia</value></Data>
        <Data name="classificacao"><value>Linhas de Projeto veia</value></Data>
      </ExtendedData>
      <LineString><tessellate>1</tessellate><coordinates>-51.94978729,-23.31649866,0 -51.94923745,-23.31618162,0 -51.94891392,-23.31597862,0 -51.94860552,-23.31575656,0 -51.94836743,-23.31554911,0 -51.94808003,-23.31522383,0 -51.94786234,-23.31492378,0 -51.94757329,-23.31445236,0 -51.94731871,-23.31396421,0 -51.94716482,-23.31363208,0 -51.94695551,-23.31312586,0 -51.94683028,-23.31278360,0 -51.94672892,-23.31243479,0 -51.94663315,-23.31190035,0 -51.94652991,-23.31100222,0 -51.94632363,-23.30943751,0</coordinates></LineString>
    </Placemark>
    <Placemark>
      <name>Linhas de Projeto veia 88</name>
      <Style><LineStyle><color>ff37508c</color><width>3</width></LineStyle></Style>
      <ExtendedData>
        <Data name="camada"><value>Linhas de Projeto veia</value></Data>
        <Data name="classificacao"><value>Linhas de Projeto veia</value></Data>
      </ExtendedData>
      <LineString><tessellate>1</tessellate><coordinates>-51.94983836,-23.31645617,0 -51.94927564,-23.31613184,0 -51.94895208,-23.31592887,0 -51.94864381,-23.31570667,0 -51.94831751,-23.31540654,0 -51.94800957,-23.31502333,0 -51.94780426,-23.31471589,0 -51.94761736,-23.31439856,0 -51.94736469,-23.31390956,0 -51.94721201,-23.31357696,0 -51.94700443,-23.31307014,0 -51.94688077,-23.31272741,0 -51.94678340,-23.31237766,0 -51.94669201,-23.31184256,0 -51.94658896,-23.31094440,0 -51.94638408,-23.30938830,0</coordinates></LineString>
    </Placemark>
    <Placemark>
      <name>Linhas de Projeto veia 89</name>
      <Style><LineStyle><color>ff37508c</color><width>3</width></LineStyle></Style>
      <ExtendedData>
        <Data name="camada"><value>Linhas de Projeto veia</value></Data>
        <Data name="classificacao"><value>Linhas de Projeto veia</value></Data>
      </ExtendedData>
      <LineString><tessellate>1</tessellate><coordinates>-51.94988943,-23.31641368,0 -51.94931382,-23.31608206,0 -51.94899025,-23.31587912,0 -51.94868210,-23.31565678,0 -51.94836777,-23.31536698,0 -51.94816125,-23.31512018,0 -51.94784697,-23.31466278,0 -51.94766143,-23.31434476,0 -51.94741068,-23.31385491,0 -51.94725919,-23.31352184,0 -51.94705336,-23.31301442,0 -51.94693127,-23.31267123,0 -51.94683788,-23.31232053,0 -51.94677486,-23.31196403,0 -51.94667091,-23.31106598,0 -51.94644453,-23.30933910,0</coordinates></LineString>
    </Placemark>
    <Placemark>
      <name>Linhas de Projeto veia 90</name>
      <Style><LineStyle><color>ff37508c</color><width>3</width></LineStyle></Style>
      <ExtendedData>
        <Data name="camada"><value>Linhas de Projeto veia</value></Data>
        <Data name="classificacao"><value>Linhas de Projeto veia</value></Data>
      </ExtendedData>
      <LineString><tessellate>1</tessellate><coordinates>-51.94994075,-23.31637134,0 -51.94935201,-23.31603228,0 -51.94902841,-23.31582938,0 -51.94872038,-23.31560688,0 -51.94851123,-23.31542325,0 -51.94820235,-23.31506804,0 -51.94798914,-23.31476522,0 -51.94779595,-23.31445113,0 -51.94753631,-23.31396524,0 -51.94730638,-23.31346672,0 -51.94710230,-23.31295870,0 -51.94698209,-23.31261495,0 -51.94689324,-23.31226324,0 -51.94683354,-23.31190626,0 -51.94673004,-23.31100815,0 -51.94650493,-23.30928957,0</coordinates></LineString>
    </Placemark>
    <Placemark>
      <name>Linhas de Projeto veia 91</name>
      <Style><LineStyle><color>ff37508c</color><width>3</width></LineStyle></Style>
      <ExtendedData>
        <Data name="camada"><value>Linhas de Projeto veia</value></Data>
        <Data name="classificacao"><value>Linhas de Projeto veia</value></Data>
      </ExtendedData>
      <LineString><tessellate>1</tessellate><coordinates>-51.94999208,-23.31632901,0 -51.94939020,-23.31598250,0 -51.94906658,-23.31577963,0 -51.94875874,-23.31555692,0 -51.94855916,-23.31538130,0 -51.94835874,-23.31516179,0 -51.94824365,-23.31501576,0 -51.94803185,-23.31471212,0 -51.94784002,-23.31439733,0 -51.94758187,-23.31391077,0 -51.94742665,-23.31357916,0 -51.94721587,-23.31307347,0 -51.94708946,-23.31273159,0 -51.94698697,-23.31238307,0 -51.94689221,-23.31184848,0 -51.94678918,-23.31095033,0 -51.94656533,-23.30923994,0</coordinates></LineString>
    </Placemark>
    <Placemark>
      <name>Linhas de Projeto veia 92</name>
      <Style><LineStyle><color>ff37508c</color><width>3</width></LineStyle></Style>
      <ExtendedData>
        <Data name="camada"><value>Linhas de Projeto veia</value></Data>
        <Data name="classificacao"><value>Linhas de Projeto veia</value></Data>
      </ExtendedData>
      <LineString><tessellate>1</tessellate><coordinates>-51.95004326,-23.31628660,0 -51.94942839,-23.31593272,0 -51.94910474,-23.31572988,0 -51.94879721,-23.31550683,0 -51.94860709,-23.31533935,0 -51.94839935,-23.31510996,0 -51.94807456,-23.31465902,0 -51.94788409,-23.31434353,0 -51.94762785,-23.31385611,0 -51.94747357,-23.31352414,0 -51.94726429,-23.31301791,0 -51.94713966,-23.31267548,0 -51.94704144,-23.31232594,0 -51.94695138,-23.31179065,0 -51.94687094,-23.31107193,0 -51.94662570,-23.30919017,0</coordinates></LineString>
    </Placemark>
    <Placemark>
      <name>Linhas de Projeto veia 93</name>
      <Style><LineStyle><color>ff37508c</color><width>3</width></LineStyle></Style>
      <ExtendedData>
        <Data name="camada"><value>Linhas de Projeto veia</value></Data>
        <Data name="classificacao"><value>Linhas de Projeto veia</value></Data>
      </ExtendedData>
      <LineString><tessellate>1</tessellate><coordinates>-51.95009316,-23.31624347,0 -51.94946657,-23.31588294,0 -51.94914290,-23.31568013,0 -51.94883568,-23.31545674,0 -51.94865503,-23.31529740,0 -51.94843996,-23.31505814,0 -51.94811726,-23.31460592,0 -51.94792815,-23.31428973,0 -51.94767384,-23.31380146,0 -51.94752075,-23.31346903,0 -51.94731323,-23.31296219,0 -51.94719015,-23.31261929,0 -51.94709592,-23.31226881,0 -51.94703393,-23.31191217,0 -51.94693018,-23.31101409,0 -51.94668603,-23.30914012,0</coordinates></LineString>
    </Placemark>
    <Placemark>
      <name>Linhas de Projeto veia 94</name>
      <Style><LineStyle><color>ff37508c</color><width>3</width></LineStyle></Style>
      <ExtendedData>
        <Data name="camada"><value>Linhas de Projeto veia</value></Data>
        <Data name="classificacao"><value>Linhas de Projeto veia</value></Data>
      </ExtendedData>
      <LineString><tessellate>1</tessellate><coordinates>-51.95014305,-23.31620033,0 -51.94950476,-23.31583316,0 -51.94918107,-23.31563038,0 -51.94887415,-23.31540665,0 -51.94870296,-23.31525545,0 -51.94848057,-23.31500632,0 -51.94815997,-23.31455282,0 -51.94797222,-23.31423593,0 -51.94771982,-23.31374681,0 -51.94756794,-23.31341391,0 -51.94736216,-23.31290647,0 -51.94724064,-23.31256310,0 -51.94715141,-23.31221150,0 -51.94709260,-23.31185439,0 -51.94698931,-23.31095626,0 -51.94674637,-23.30909007,0</coordinates></LineString>
    </Placemark>
    <Placemark>
      <name>Linhas de Projeto veia 95</name>
      <Style><LineStyle><color>ff37508c</color><width>3</width></LineStyle></Style>
      <ExtendedData>
        <Data name="camada"><value>Linhas de Projeto veia</value></Data>
        <Data name="classificacao"><value>Linhas de Projeto veia</value></Data>
      </ExtendedData>
      <LineString><tessellate>1</tessellate><coordinates>-51.95019263,-23.31615701,0 -51.94954295,-23.31578338,0 -51.94921923,-23.31558063,0 -51.94891262,-23.31535657,0 -51.94866930,-23.31512961,0 -51.94840886,-23.31480664,0 -51.94820268,-23.31449971,0 -51.94801629,-23.31418213,0 -51.94776581,-23.31369216,0 -51.94761512,-23.31335879,0 -51.94741110,-23.31285075,0 -51.94729229,-23.31250661,0 -51.94720712,-23.31215414,0 -51.94715140,-23.31179660,0 -51.94704844,-23.31089843,0 -51.94680688,-23.30904156,0</coordinates></LineString>
    </Placemark>
    <Placemark>
      <name>Linhas de Projeto veia 96</name>
      <Style><LineStyle><color>ff37508c</color><width>3</width></LineStyle></Style>
      <ExtendedData>
        <Data name="camada"><value>Linhas de Projeto veia</value></Data>
        <Data name="classificacao"><value>Linhas de Projeto veia</value></Data>
      </ExtendedData>
      <LineString><tessellate>1</tessellate><coordinates>-51.95024529,-23.31611547,0 -51.94958114,-23.31573359,0 -51.94925739,-23.31553089,0 -51.94895109,-23.31530648,0 -51.94871956,-23.31509005,0 -51.94845017,-23.31475436,0 -51.94824546,-23.31444657,0 -51.94806042,-23.31412830,0 -51.94781179,-23.31363751,0 -51.94766230,-23.31330367,0 -51.94746003,-23.31279503,0 -51.94734413,-23.31245006,0 -51.94729949,-23.31227422,0 -51.94721075,-23.31173875,0 -51.94713031,-23.31102002,0 -51.94686738,-23.30899317,0</coordinates></LineString>
    </Placemark>
    <Placemark>
      <name>Linhas de Projeto veia 97</name>
      <Style><LineStyle><color>ff37508c</color><width>3</width></LineStyle></Style>
      <ExtendedData>
        <Data name="camada"><value>Linhas de Projeto veia</value></Data>
        <Data name="classificacao"><value>Linhas de Projeto veia</value></Data>
      </ExtendedData>
      <LineString><tessellate>1</tessellate><coordinates>-51.95029798,-23.31607410,0 -51.94961935,-23.31568378,0 -51.94929556,-23.31548114,0 -51.94898957,-23.31525639,0 -51.94884856,-23.31513127,0 -51.94860239,-23.31485085,0 -51.94838756,-23.31454905,0 -51.94810514,-23.31407419,0 -51.94785807,-23.31358275,0 -51.94770960,-23.31324851,0 -51.94750929,-23.31273920,0 -51.94739651,-23.31239339,0 -51.94735396,-23.31221709,0 -51.94729299,-23.31186030,0 -51.94718944,-23.31096220,0 -51.94692786,-23.30894454,0</coordinates></LineString>
    </Placemark>
    <Placemark>
      <name>Linhas de Projeto veia 98</name>
      <Style><LineStyle><color>ff37508c</color><width>3</width></LineStyle></Style>
      <ExtendedData>
        <Data name="camada"><value>Linhas de Projeto veia</value></Data>
        <Data name="classificacao"><value>Linhas de Projeto veia</value></Data>
      </ExtendedData>
      <LineString><tessellate>1</tessellate><coordinates>-51.95034890,-23.31603171,0 -51.94965756,-23.31563397,0 -51.94933372,-23.31543139,0 -51.94902804,-23.31520630,0 -51.94888776,-23.31508052,0 -51.94864300,-23.31479902,0 -51.94843027,-23.31449595,0 -51.94814987,-23.31402009,0 -51.94790466,-23.31352786,0 -51.94775737,-23.31319318,0 -51.94755882,-23.31268329,0 -51.94744968,-23.31233653,0 -51.94740958,-23.31215975,0 -51.94735167,-23.31180252,0 -51.94724858,-23.31090437,0 -51.94698829,-23.30889570,0</coordinates></LineString>
    </Placemark>
    <Placemark>
      <name>Linhas de Projeto veia 99</name>
      <Style><LineStyle><color>ff37508c</color><width>3</width></LineStyle></Style>
      <ExtendedData>
        <Data name="camada"><value>Linhas de Projeto veia</value></Data>
        <Data name="classificacao"><value>Linhas de Projeto veia</value></Data>
      </ExtendedData>
      <LineString><tessellate>1</tessellate><coordinates>-51.95039982,-23.31598933,0 -51.94969577,-23.31558415,0 -51.94937189,-23.31538164,0 -51.94906651,-23.31515622,0 -51.94892705,-23.31502969,0 -51.94868424,-23.31474678,0 -51.94847297,-23.31444285,0 -51.94828302,-23.31412709,0 -51.94802897,-23.31363872,0 -51.94787668,-23.31330597,0 -51.94767096,-23.31279851,0 -51.94755065,-23.31245481,0 -51.94746529,-23.31210240,0 -51.94741077,-23.31174470,0 -51.94733032,-23.31102597,0 -51.94704869,-23.30884677,0</coordinates></LineString>
    </Placemark>
    <Placemark>
      <name>Linhas de Projeto veia 100</name>
      <Style><LineStyle><color>ff37508c</color><width>3</width></LineStyle></Style>
      <ExtendedData>
        <Data name="camada"><value>Linhas de Projeto veia</value></Data>
        <Data name="classificacao"><value>Linhas de Projeto veia</value></Data>
      </ExtendedData>
      <LineString><tessellate>1</tessellate><coordinates>-51.95045073,-23.31594695,0 -51.94973398,-23.31553434,0 -51.94941005,-23.31533189,0 -51.94910498,-23.31510613,0 -51.94896634,-23.31497885,0 -51.94872555,-23.31469450,0 -51.94851568,-23.31438974,0 -51.94832709,-23.31407329,0 -51.94807495,-23.31358407,0 -51.94792386,-23.31325086,0 -51.94771990,-23.31274279,0 -51.94760249,-23.31239826,0 -51.94755753,-23.31222250,0 -51.94749338,-23.31186620,0 -51.94738958,-23.31096813,0 -51.94710891,-23.30879635,0</coordinates></LineString>
    </Placemark>
    <Placemark>
      <name>Linhas de Projeto veia 101</name>
      <Style><LineStyle><color>ff37508c</color><width>3</width></LineStyle></Style>
      <ExtendedData>
        <Data name="camada"><value>Linhas de Projeto veia</value></Data>
        <Data name="classificacao"><value>Linhas de Projeto veia</value></Data>
      </ExtendedData>
      <LineString><tessellate>1</tessellate><coordinates>-51.95050188,-23.31590471,0 -51.94977219,-23.31548453,0 -51.94944821,-23.31528215,0 -51.94919389,-23.31509834,0 -51.94903848,-23.31496180,0 -51.94876685,-23.31464222,0 -51.94855839,-23.31433664,0 -51.94837115,-23.31401950,0 -51.94812094,-23.31352942,0 -51.94797105,-23.31319574,0 -51.94776883,-23.31268707,0 -51.94765460,-23.31234165,0 -51.94761204,-23.31216536,0 -51.94755206,-23.31180842,0 -51.94744871,-23.31091030,0 -51.94716910,-23.30874595,0</coordinates></LineString>
    </Placemark>
    <Placemark>
      <name>Linhas de Projeto veia 102</name>
      <Style><LineStyle><color>ff37508c</color><width>3</width></LineStyle></Style>
      <ExtendedData>
        <Data name="camada"><value>Linhas de Projeto veia</value></Data>
        <Data name="classificacao"><value>Linhas de Projeto veia</value></Data>
      </ExtendedData>
      <LineString><tessellate>1</tessellate><coordinates>-51.95055322,-23.31586259,0 -51.94964683,-23.31533568,0 -51.94933019,-23.31512370,0 -51.94908641,-23.31491985,0 -51.94880815,-23.31458994,0 -51.94860109,-23.31428354,0 -51.94841522,-23.31396570,0 -51.94816696,-23.31347476,0 -51.94801829,-23.31314060,0 -51.94781826,-23.31263120,0 -51.94770777,-23.31228479,0 -51.94766775,-23.31210801,0 -51.94761079,-23.31175064,0 -51.94750784,-23.31085248,0 -51.94722925,-23.30869557,0</coordinates></LineString>
    </Placemark>
    <Placemark>
      <name>Linhas de Projeto veia 103</name>
      <Style><LineStyle><color>ff37508c</color><width>3</width></LineStyle></Style>
      <ExtendedData>
        <Data name="camada"><value>Linhas de Projeto veia</value></Data>
        <Data name="classificacao"><value>Linhas de Projeto veia</value></Data>
      </ExtendedData>
      <LineString><tessellate>1</tessellate><coordinates>-51.95060456,-23.31582048,0 -51.94968500,-23.31528592,0 -51.94936840,-23.31507389,0 -51.94913435,-23.31487790,0 -51.94899437,-23.31472519,0 -51.94884946,-23.31453767,0 -51.94864401,-23.31423033,0 -51.94845994,-23.31391159,0 -51.94821355,-23.31341986,0 -51.94806606,-23.31308527,0 -51.94786778,-23.31257529,0 -51.94780901,-23.31240301,0 -51.94772346,-23.31205065,0 -51.94728942,-23.30864519,0</coordinates></LineString>
    </Placemark>
    <Placemark>
      <name>Linhas de Projeto veia 104</name>
      <Style><LineStyle><color>ff37508c</color><width>3</width></LineStyle></Style>
      <ExtendedData>
        <Data name="camada"><value>Linhas de Projeto veia</value></Data>
        <Data name="classificacao"><value>Linhas de Projeto veia</value></Data>
      </ExtendedData>
      <LineString><tessellate>1</tessellate><coordinates>-51.95065569,-23.31577825,0 -51.94972317,-23.31523617,0 -51.94940669,-23.31502400,0 -51.94918228,-23.31483594,0 -51.94904660,-23.31468788,0 -51.94889076,-23.31448539,0 -51.94868740,-23.31417686,0 -51.94850466,-23.31385749,0 -51.94826014,-23.31336497,0 -51.94811383,-23.31302994,0 -51.94791731,-23.31251938,0 -51.94786084,-23.31234647,0 -51.94778029,-23.31199312,0 -51.94734954,-23.30859504,0</coordinates></LineString>
    </Placemark>
    <Placemark>
      <name>Linhas de Projeto veia 105</name>
      <Style><LineStyle><color>ff37508c</color><width>3</width></LineStyle></Style>
      <ExtendedData>
        <Data name="camada"><value>Linhas de Projeto veia</value></Data>
        <Data name="classificacao"><value>Linhas de Projeto veia</value></Data>
      </ExtendedData>
      <LineString><tessellate>1</tessellate><coordinates>-51.95070673,-23.31573598,0 -51.94976133,-23.31518642,0 -51.94944498,-23.31497410,0 -51.94923021,-23.31479399,0 -51.94909883,-23.31465058,0 -51.94893221,-23.31443302,0 -51.94873080,-23.31412340,0 -51.94854939,-23.31380338,0 -51.94830673,-23.31331008,0 -51.94802870,-23.31263484,0 -51.94791269,-23.31228992,0 -51.94787021,-23.31211361,0 -51.94781112,-23.31175655,0 -51.94770798,-23.31085841,0 -51.94740970,-23.30854547,0</coordinates></LineString>
    </Placemark>
    <Placemark>
      <name>Linhas de Projeto veia 106</name>
      <Style><LineStyle><color>ff37508c</color><width>3</width></LineStyle></Style>
      <ExtendedData>
        <Data name="camada"><value>Linhas de Projeto veia</value></Data>
        <Data name="classificacao"><value>Linhas de Projeto veia</value></Data>
      </ExtendedData>
      <LineString><tessellate>1</tessellate><coordinates>-51.95075776,-23.31569371,0 -51.94979950,-23.31513666,0 -51.94948326,-23.31492421,0 -51.94927814,-23.31475204,0 -51.94908415,-23.31452969,0 -51.94877419,-23.31406993,0 -51.94859411,-23.31374927,0 -51.94835332,-23.31325519,0 -51.94807770,-23.31257910,0 -51.94796586,-23.31223306,0 -51.94792592,-23.31205626,0 -51.94787016,-23.31169874,0 -51.94778971,-23.31098001,0 -51.94746988,-23.30849590,0</coordinates></LineString>
    </Placemark>
    <Placemark>
      <name>Linhas de Projeto veia 107</name>
      <Style><LineStyle><color>ff37508c</color><width>3</width></LineStyle></Style>
      <ExtendedData>
        <Data name="camada"><value>Linhas de Projeto veia</value></Data>
        <Data name="classificacao"><value>Linhas de Projeto veia</value></Data>
      </ExtendedData>
      <LineString><tessellate>1</tessellate><coordinates>-51.95080713,-23.31565047,0 -51.94983767,-23.31508691,0 -51.94952155,-23.31487432,0 -51.94932607,-23.31471009,0 -51.94912484,-23.31447781,0 -51.94881759,-23.31401647,0 -51.94863883,-23.31369517,0 -51.94839991,-23.31320029,0 -51.94812723,-23.31252319,0 -51.94801914,-23.31217618,0 -51.94798188,-23.31199887,0 -51.94753011,-23.30844670,0</coordinates></LineString>
    </Placemark>
    <Placemark>
      <name>Linhas de Projeto veia 108</name>
      <Style><LineStyle><color>ff37508c</color><width>3</width></LineStyle></Style>
      <ExtendedData>
        <Data name="camada"><value>Linhas de Projeto veia</value></Data>
        <Data name="classificacao"><value>Linhas de Projeto veia</value></Data>
      </ExtendedData>
      <LineString><tessellate>1</tessellate><coordinates>-51.95085243,-23.31560484,0 -51.95003966,-23.31513583,0 -51.94971536,-23.31493391,0 -51.94949720,-23.31477626,0 -51.94932262,-23.31461531,0 -51.94905823,-23.31427490,0 -51.94886098,-23.31396300,0 -51.94868370,-23.31364100,0 -51.94844697,-23.31314522,0 -51.94817675,-23.31246728,0 -51.94811920,-23.31229467,0 -51.94803871,-23.31194133,0 -51.94759033,-23.30839760,0</coordinates></LineString>
    </Placemark>
    <Placemark>
      <name>Linhas de Projeto veia 109</name>
      <Style><LineStyle><color>ff37508c</color><width>3</width></LineStyle></Style>
      <ExtendedData>
        <Data name="camada"><value>Linhas de Projeto veia</value></Data>
        <Data name="classificacao"><value>Linhas de Projeto veia</value></Data>
      </ExtendedData>
      <LineString><tessellate>1</tessellate><coordinates>-51.95091080,-23.31556696,0 -51.94991400,-23.31498741,0 -51.94959812,-23.31477454,0 -51.94945232,-23.31465426,0 -51.94932309,-23.31451887,0 -51.94920744,-23.31437325,0 -51.94899951,-23.31406737,0 -51.94881473,-23.31374899,0 -51.94856903,-23.31325698,0 -51.94828856,-23.31258261,0 -51.94817104,-23.31223812,0 -51.94812838,-23.31206187,0 -51.94807019,-23.31170468,0 -51.94796724,-23.31080652,0 -51.94765058,-23.30834865,0</coordinates></LineString>
    </Placemark>
    <Placemark>
      <name>Linhas de Projeto veia 110</name>
      <Style><LineStyle><color>ff37508c</color><width>3</width></LineStyle></Style>
      <ExtendedData>
        <Data name="camada"><value>Linhas de Projeto veia</value></Data>
        <Data name="classificacao"><value>Linhas de Projeto veia</value></Data>
      </ExtendedData>
      <LineString><tessellate>1</tessellate><coordinates>-51.95096566,-23.31552725,0 -51.94995217,-23.31493765,0 -51.94963641,-23.31472465,0 -51.94949111,-23.31460387,0 -51.94936303,-23.31446752,0 -51.94924875,-23.31432097,0 -51.94904255,-23.31401409,0 -51.94885945,-23.31369489,0 -51.94861562,-23.31320209,0 -51.94833750,-23.31252689,0 -51.94822395,-23.31218133,0 -51.94818409,-23.31200451,0 -51.94812953,-23.31164683,0 -51.94804911,-23.31092810,0 -51.94771085,-23.30829993,0</coordinates></LineString>
    </Placemark>
    <Placemark>
      <name>Linhas de Projeto veia 111</name>
      <Style><LineStyle><color>ff37508c</color><width>3</width></LineStyle></Style>
      <ExtendedData>
        <Data name="camada"><value>Linhas de Projeto veia</value></Data>
        <Data name="classificacao"><value>Linhas de Projeto veia</value></Data>
      </ExtendedData>
      <LineString><tessellate>1</tessellate><coordinates>-51.95101553,-23.31548452,0 -51.94999034,-23.31488790,0 -51.94967469,-23.31467475,0 -51.94952990,-23.31455347,0 -51.94929005,-23.31426869,0 -51.94908595,-23.31396062,0 -51.94890417,-23.31364078,0 -51.94866221,-23.31314719,0 -51.94838667,-23.31247109,0 -51.94827718,-23.31212445,0 -51.94824029,-23.31194708,0 -51.94777113,-23.30825121,0</coordinates></LineString>
    </Placemark>
    <Placemark>
      <name>Linhas de Projeto veia 112</name>
      <Style><LineStyle><color>ff37508c</color><width>3</width></LineStyle></Style>
      <ExtendedData>
        <Data name="camada"><value>Linhas de Projeto veia</value></Data>
        <Data name="classificacao"><value>Linhas de Projeto veia</value></Data>
      </ExtendedData>
      <LineString><tessellate>1</tessellate><coordinates>-51.95106462,-23.31544133,0 -51.95002850,-23.31483815,0 -51.94971298,-23.31462486,0 -51.94956869,-23.31450307,0 -51.94933135,-23.31421641,0 -51.94912934,-23.31390716,0 -51.94894890,-23.31358667,0 -51.94870880,-23.31309230,0 -51.94843619,-23.31241518,0 -51.94837756,-23.31224287,0 -51.94829713,-23.31188955,0 -51.94783148,-23.30820311,0</coordinates></LineString>
    </Placemark>
    <Placemark>
      <name>Linhas de Projeto veia 113</name>
      <Style><LineStyle><color>ff37508c</color><width>3</width></LineStyle></Style>
      <ExtendedData>
        <Data name="camada"><value>Linhas de Projeto veia</value></Data>
        <Data name="classificacao"><value>Linhas de Projeto veia</value></Data>
      </ExtendedData>
      <LineString><tessellate>1</tessellate><coordinates>-51.95111455,-23.31539866,0 -51.95006667,-23.31478839,0 -51.94975126,-23.31457497,0 -51.94960782,-23.31445238,0 -51.94937284,-23.31416402,0 -51.94917274,-23.31385369,0 -51.94899362,-23.31353257,0 -51.94875571,-23.31303728,0 -51.94848572,-23.31235928,0 -51.94842940,-23.31218633,0 -51.94835461,-23.31183192,0 -51.94789184,-23.30815505,0</coordinates></LineString>
    </Placemark>
    <Placemark>
      <name>Linhas de Projeto veia 114</name>
      <Style><LineStyle><color>ff37508c</color><width>3</width></LineStyle></Style>
      <ExtendedData>
        <Data name="camada"><value>Linhas de Projeto veia</value></Data>
        <Data name="classificacao"><value>Linhas de Projeto veia</value></Data>
      </ExtendedData>
      <LineString><tessellate>1</tessellate><coordinates>-51.95116447,-23.31535598,0 -51.95010485,-23.31473862,0 -51.94978955,-23.31452508,0 -51.94964711,-23.31440154,0 -51.94941485,-23.31411131,0 -51.94921613,-23.31380023,0 -51.94903859,-23.31347835,0 -51.94880290,-23.31298217,0 -51.94853524,-23.31230337,0 -51.94844225,-23.31195276,0 -51.94795208,-23.30810607,0</coordinates></LineString>
    </Placemark>
    <Placemark>
      <name>Linhas de Projeto veia 115</name>
      <Style><LineStyle><color>ff37508c</color><width>3</width></LineStyle></Style>
      <ExtendedData>
        <Data name="camada"><value>Linhas de Projeto veia</value></Data>
        <Data name="classificacao"><value>Linhas de Projeto veia</value></Data>
      </ExtendedData>
      <LineString><tessellate>1</tessellate><coordinates>-51.95121418,-23.31531318,0 -51.95014304,-23.31468884,0 -51.94982784,-23.31447519,0 -51.94968640,-23.31435071,0 -51.94945686,-23.31405860,0 -51.94925953,-23.31374676,0 -51.94908396,-23.31342396,0 -51.94885008,-23.31292705,0 -51.94858555,-23.31224723,0 -51.94849871,-23.31189529,0 -51.94801220,-23.30805612,0</coordinates></LineString>
    </Placemark>
    <Placemark>
      <name>Linhas de Projeto veia 116</name>
      <Style><LineStyle><color>ff37508c</color><width>3</width></LineStyle></Style>
      <ExtendedData>
        <Data name="camada"><value>Linhas de Projeto veia</value></Data>
        <Data name="classificacao"><value>Linhas de Projeto veia</value></Data>
      </ExtendedData>
      <LineString><tessellate>1</tessellate><coordinates>-51.95126336,-23.31527007,0 -51.95018123,-23.31463906,0 -51.94986612,-23.31442529,0 -51.94972569,-23.31429987,0 -51.94949886,-23.31400590,0 -51.94930353,-23.31369299,0 -51.94912932,-23.31336957,0 -51.94889727,-23.31287193,0 -51.94863604,-23.31219104,0 -51.94855554,-23.31183776,0 -51.94807233,-23.30800625,0</coordinates></LineString>
    </Placemark>
    <Placemark>
      <name>Linhas de Projeto veia 117</name>
      <Style><LineStyle><color>ff37508c</color><width>3</width></LineStyle></Style>
      <ExtendedData>
        <Data name="camada"><value>Linhas de Projeto veia</value></Data>
        <Data name="classificacao"><value>Linhas de Projeto veia</value></Data>
      </ExtendedData>
      <LineString><tessellate>1</tessellate><coordinates>-51.95131254,-23.31522697,0 -51.95021941,-23.31458927,0 -51.94984033,-23.31432286,0 -51.94964804,-23.31410427,0 -51.94944109,-23.31379785,0 -51.94925896,-23.31347818,0 -51.94901769,-23.31298431,0 -51.94874516,-23.31230718,0 -51.94864472,-23.31195837,0 -51.94858892,-23.31160087,0 -51.94850851,-23.31088214,0 -51.94813259,-23.30795738,0</coordinates></LineString>
    </Placemark>
    <Placemark>
      <name>Linhas de Projeto veia 118</name>
      <Style><LineStyle><color>ff37508c</color><width>3</width></LineStyle></Style>
      <ExtendedData>
        <Data name="camada"><value>Linhas de Projeto veia</value></Data>
        <Data name="classificacao"><value>Linhas de Projeto veia</value></Data>
      </ExtendedData>
      <LineString><tessellate>1</tessellate><coordinates>-51.95136070,-23.31518325,0 -51.95025760,-23.31453949,0 -51.94998856,-23.31436079,0 -51.94985332,-23.31424863,0 -51.94968934,-23.31405199,0 -51.94948449,-23.31374438,0 -51.94930369,-23.31342407,0 -51.94906445,-23.31292935,0 -51.94879468,-23.31225127,0 -51.94870042,-23.31190102,0 -51.94819284,-23.30790852,0</coordinates></LineString>
    </Placemark>
    <Placemark>
      <name>Linhas de Projeto veia 119</name>
      <Style><LineStyle><color>ff37508c</color><width>3</width></LineStyle></Style>
      <ExtendedData>
        <Data name="camada"><value>Linhas de Projeto veia</value></Data>
        <Data name="classificacao"><value>Linhas de Projeto veia</value></Data>
      </ExtendedData>
      <LineString><tessellate>1</tessellate><coordinates>-51.95140735,-23.31513862,0 -51.95029579,-23.31448971,0 -51.95002986,-23.31431321,0 -51.94990125,-23.31420668,0 -51.94973064,-23.31399971,0 -51.94952788,-23.31369091,0 -51.94934841,-23.31336996,0 -51.94911164,-23.31287423,0 -51.94884443,-23.31219530,0 -51.94875712,-23.31184351,0 -51.94825302,-23.30785903,0</coordinates></LineString>
    </Placemark>
    <Placemark>
      <name>Linhas de Projeto veia 120</name>
      <Style><LineStyle><color>ff37508c</color><width>3</width></LineStyle></Style>
      <ExtendedData>
        <Data name="camada"><value>Linhas de Projeto veia</value></Data>
        <Data name="classificacao"><value>Linhas de Projeto veia</value></Data>
      </ExtendedData>
      <LineString><tessellate>1</tessellate><coordinates>-51.95118725,-23.31493433,0 -51.95033397,-23.31443993,0 -51.95007116,-23.31426564,0 -51.94994918,-23.31416473,0 -51.94977194,-23.31394743,0 -51.94947980,-23.31347779,0 -51.94931153,-23.31315169,0 -51.94908764,-23.31265086,0 -51.94889492,-23.31213911,0 -51.94881424,-23.31178593,0 -51.94831315,-23.30780918,0</coordinates></LineString>
    </Placemark>
    <Placemark>
      <name>Linhas de Projeto veia 121</name>
      <Style><LineStyle><color>ff37508c</color><width>3</width></LineStyle></Style>
      <ExtendedData>
        <Data name="camada"><value>Linhas de Projeto veia</value></Data>
        <Data name="classificacao"><value>Linhas de Projeto veia</value></Data>
      </ExtendedData>
      <LineString><tessellate>1</tessellate><coordinates>-51.95114828,-23.31483956,0 -51.95053639,-23.31448826,0 -51.95021148,-23.31428718,0 -51.95005766,-23.31417572,0 -51.94992583,-23.31404283,0 -51.94971092,-23.31374122,0 -51.94952430,-23.31342379,0 -51.94927998,-23.31293121,0 -51.94906816,-23.31242591,0 -51.94894611,-23.31208273,0 -51.94887207,-23.31172826,0 -51.94876778,-23.31083025,0 -51.94837328,-23.30775932,0</coordinates></LineString>
    </Placemark>
    <Placemark>
      <name>Linhas de Projeto veia 122</name>
      <Style><LineStyle><color>ff37508c</color><width>3</width></LineStyle></Style>
      <ExtendedData>
        <Data name="camada"><value>Linhas de Projeto veia</value></Data>
        <Data name="classificacao"><value>Linhas de Projeto veia</value></Data>
      </ExtendedData>
      <LineString><tessellate>1</tessellate><coordinates>-51.95113830,-23.31476185,0 -51.95024965,-23.31423743,0 -51.95009613,-23.31412563,0 -51.94996643,-23.31399101,0 -51.94975363,-23.31368812,0 -51.94956903,-23.31336968,0 -51.94932657,-23.31287631,0 -51.94911710,-23.31237019,0 -51.94899822,-23.31202612,0 -51.94893041,-23.31167052,0 -51.94882691,-23.31077242,0 -51.94843340,-23.30770937,0</coordinates></LineString>
    </Placemark>
    <Placemark>
      <name>Linhas de Projeto veia 123</name>
      <Style><LineStyle><color>ff37508c</color><width>3</width></LineStyle></Style>
      <ExtendedData>
        <Data name="camada"><value>Linhas de Projeto veia</value></Data>
        <Data name="classificacao"><value>Linhas de Projeto veia</value></Data>
      </ExtendedData>
      <LineString><tessellate>1</tessellate><coordinates>-51.95116060,-23.31470280,0 -51.95028781,-23.31418768,0 -51.95013460,-23.31407554,0 -51.95000704,-23.31393918,0 -51.94979634,-23.31363502,0 -51.94961375,-23.31331558,0 -51.94937319,-23.31282141,0 -51.94916603,-23.31231446,0 -51.94905140,-23.31196926,0 -51.94898909,-23.31161275,0 -51.94888604,-23.31071459,0 -51.94849352,-23.30765942,0</coordinates></LineString>
    </Placemark>
    <Placemark>
      <name>Linhas de Projeto veia 124</name>
      <Style><LineStyle><color>ff37508c</color><width>3</width></LineStyle></Style>
      <ExtendedData>
        <Data name="camada"><value>Linhas de Projeto veia</value></Data>
        <Data name="classificacao"><value>Linhas de Projeto veia</value></Data>
      </ExtendedData>
      <LineString><tessellate>1</tessellate><coordinates>-51.95119298,-23.31464958,0 -51.95032597,-23.31413794,0 -51.95017307,-23.31402546,0 -51.95004765,-23.31388736,0 -51.94983963,-23.31358160,0 -51.94957493,-23.31309814,0 -51.94942038,-23.31276629,0 -51.94921496,-23.31225874,0 -51.94912836,-23.31200452,0 -51.94907297,-23.31173410,0 -51.94855373,-23.30761024,0</coordinates></LineString>
    </Placemark>
    <Placemark>
      <name>Linhas de Projeto veia 125</name>
      <Style><LineStyle><color>ff37508c</color><width>3</width></LineStyle></Style>
      <ExtendedData>
        <Data name="camada"><value>Linhas de Projeto veia</value></Data>
        <Data name="classificacao"><value>Linhas de Projeto veia</value></Data>
      </ExtendedData>
      <LineString><tessellate>1</tessellate><coordinates>-51.95123495,-23.31460191,0 -51.95036414,-23.31408819,0 -51.95021154,-23.31397537,0 -51.95008862,-23.31383529,0 -51.94988302,-23.31352814,0 -51.94970320,-23.31320736,0 -51.94946756,-23.31271117,0 -51.94926404,-23.31220298,0 -51.94917942,-23.31193945,0 -51.94913080,-23.31167643,0 -51.94902704,-23.31077835,0 -51.94861398,-23.30756126,0</coordinates></LineString>
    </Placemark>
    <Placemark>
      <name>Linhas de Projeto veia 126</name>
      <Style><LineStyle><color>ff37508c</color><width>3</width></LineStyle></Style>
      <ExtendedData>
        <Data name="camada"><value>Linhas de Projeto veia</value></Data>
        <Data name="classificacao"><value>Linhas de Projeto veia</value></Data>
      </ExtendedData>
      <LineString><tessellate>1</tessellate><coordinates>-51.95127097,-23.31455079,0 -51.95056309,-23.31414125,0 -51.95031895,-23.31398019,0 -51.95019567,-23.31386716,0 -51.95002392,-23.31363125,0 -51.94974837,-23.31315306,0 -51.94951474,-23.31265605,0 -51.94931356,-23.31214707,0 -51.94923170,-23.31187265,0 -51.94918947,-23.31161865,0 -51.94908618,-23.31072052,0 -51.94867425,-23.30751256,0</coordinates></LineString>
    </Placemark>
    <Placemark>
      <name>Linhas de Projeto veia 127</name>
      <Style><LineStyle><color>ff37508c</color><width>3</width></LineStyle></Style>
      <ExtendedData>
        <Data name="camada"><value>Linhas de Projeto veia</value></Data>
        <Data name="classificacao"><value>Linhas de Projeto veia</value></Data>
      </ExtendedData>
      <LineString><tessellate>1</tessellate><coordinates>-51.95127509,-23.31448119,0 -51.95074370,-23.31417630,0</coordinates></LineString>
    </Placemark>
    <Placemark>
      <name>Linhas de Projeto veia 128</name>
      <Style><LineStyle><color>ff37508c</color><width>3</width></LineStyle></Style>
      <ExtendedData>
        <Data name="camada"><value>Linhas de Projeto veia</value></Data>
        <Data name="classificacao"><value>Linhas de Projeto veia</value></Data>
      </ExtendedData>
      <LineString><tessellate>1</tessellate><coordinates>-51.95049702,-23.31402483,0 -51.95036025,-23.31393261,0 -51.95024790,-23.31382985,0 -51.95006663,-23.31357814,0 -51.94987909,-23.31326119,0 -51.94971264,-23.31293429,0 -51.94956193,-23.31260093,0 -51.94942589,-23.31226223,0 -51.94930948,-23.31191753,0 -51.94924833,-23.31156085,0 -51.94916786,-23.31084213,0 -51.94873460,-23.30746437,0</coordinates></LineString>
    </Placemark>
    <Placemark>
      <name>Linhas de Projeto veia 129</name>
      <Style><LineStyle><color>ff37508c</color><width>3</width></LineStyle></Style>
      <ExtendedData>
        <Data name="camada"><value>Linhas de Projeto veia</value></Data>
        <Data name="classificacao"><value>Linhas de Projeto veia</value></Data>
      </ExtendedData>
      <LineString><tessellate>1</tessellate><coordinates>-51.95127463,-23.31440916,0 -51.95085007,-23.31416622,0</coordinates></LineString>
    </Placemark>
    <Placemark>
      <name>Linhas de Projeto veia 130</name>
      <Style><LineStyle><color>ff37508c</color><width>3</width></LineStyle></Style>
      <ExtendedData>
        <Data name="camada"><value>Linhas de Projeto veia</value></Data>
        <Data name="classificacao"><value>Linhas de Projeto veia</value></Data>
      </ExtendedData>
      <LineString><tessellate>1</tessellate><coordinates>-51.95046602,-23.31393013,0 -51.95032788,-23.31382423,0 -51.95025678,-23.31373840,0 -51.95010933,-23.31352504,0 -51.94992381,-23.31320708,0 -51.94975863,-23.31287964,0 -51.94960946,-23.31254569,0 -51.94938429,-23.31194441,0 -51.94930767,-23.31150300,0 -51.94922718,-23.31078429,0 -51.94879494,-23.30741619,0</coordinates></LineString>
    </Placemark>
    <Placemark>
      <name>Linhas de Projeto veia 131</name>
      <Style><LineStyle><color>ff37508c</color><width>3</width></LineStyle></Style>
      <ExtendedData>
        <Data name="camada"><value>Linhas de Projeto veia</value></Data>
        <Data name="classificacao"><value>Linhas de Projeto veia</value></Data>
      </ExtendedData>
      <LineString><tessellate>1</tessellate><coordinates>-51.95127036,-23.31433503,0 -51.95092329,-23.31413659,0</coordinates></LineString>
    </Placemark>
    <Placemark>
      <name>Linhas de Projeto veia 132</name>
      <Style><LineStyle><color>ff37508c</color><width>3</width></LineStyle></Style>
      <ExtendedData>
        <Data name="camada"><value>Linhas de Projeto veia</value></Data>
        <Data name="classificacao"><value>Linhas de Projeto veia</value></Data>
      </ExtendedData>
      <LineString><tessellate>1</tessellate><coordinates>-51.95046777,-23.31385379,0 -51.95036781,-23.31377289,0 -51.95025411,-23.31362601,0 -51.94996854,-23.31315297,0 -51.94980461,-23.31282499,0 -51.94965723,-23.31249036,0 -51.94952376,-23.31215079,0 -51.94943710,-23.31188613,0 -51.94938986,-23.31162456,0 -51.94928631,-23.31072646,0 -51.94885523,-23.30736760,0</coordinates></LineString>
    </Placemark>
    <Placemark>
      <name>Linhas de Projeto veia 133</name>
      <Style><LineStyle><color>ff37508c</color><width>3</width></LineStyle></Style>
      <ExtendedData>
        <Data name="camada"><value>Linhas de Projeto veia</value></Data>
        <Data name="classificacao"><value>Linhas de Projeto veia</value></Data>
      </ExtendedData>
      <LineString><tessellate>1</tessellate><coordinates>-51.95125011,-23.31425177,0 -51.95097875,-23.31409671,0</coordinates></LineString>
    </Placemark>
    <Placemark>
      <name>Linhas de Projeto veia 134</name>
      <Style><LineStyle><color>ff37508c</color><width>3</width></LineStyle></Style>
      <ExtendedData>
        <Data name="camada"><value>Linhas de Projeto veia</value></Data>
        <Data name="classificacao"><value>Linhas de Projeto veia</value></Data>
      </ExtendedData>
      <LineString><tessellate>1</tessellate><coordinates>-51.95048711,-23.31379045,0 -51.95042849,-23.31374522,0 -51.95036444,-23.31366779,0 -51.95019477,-23.31341882,0 -51.94992982,-23.31293550,0 -51.94963715,-23.31226561,0 -51.94949080,-23.31182558,0 -51.94944854,-23.31156678,0 -51.94934544,-23.31066863,0 -51.94891552,-23.30731898,0</coordinates></LineString>
    </Placemark>
    <Placemark>
      <name>Linhas de Projeto veia 135</name>
      <Style><LineStyle><color>ff37508c</color><width>3</width></LineStyle></Style>
      <ExtendedData>
        <Data name="camada"><value>Linhas de Projeto veia</value></Data>
        <Data name="classificacao"><value>Linhas de Projeto veia</value></Data>
      </ExtendedData>
      <LineString><tessellate>1</tessellate><coordinates>-51.95121969,-23.31416276,0 -51.95102073,-23.31404904,0</coordinates></LineString>
    </Placemark>
    <Placemark>
      <name>Linhas de Projeto veia 136</name>
      <Style><LineStyle><color>ff37508c</color><width>3</width></LineStyle></Style>
      <ExtendedData>
        <Data name="camada"><value>Linhas de Projeto veia</value></Data>
        <Data name="classificacao"><value>Linhas de Projeto veia</value></Data>
      </ExtendedData>
      <LineString><tessellate>1</tessellate><coordinates>-51.95051947,-23.31373652,0 -51.95044818,-23.31366984,0 -51.95033812,-23.31352059,0 -51.95005798,-23.31304475,0 -51.94975277,-23.31237969,0 -51.94956757,-23.31186579,0 -51.94950770,-23.31150894,0 -51.94942731,-23.31079021,0 -51.94897586,-23.30727079,0</coordinates></LineString>
    </Placemark>
    <Placemark>
      <name>Linhas de Projeto veia 137</name>
      <Style><LineStyle><color>ff37508c</color><width>3</width></LineStyle></Style>
      <ExtendedData>
        <Data name="camada"><value>Linhas de Projeto veia</value></Data>
        <Data name="classificacao"><value>Linhas de Projeto veia</value></Data>
      </ExtendedData>
      <LineString><tessellate>1</tessellate><coordinates>-51.95119036,-23.31407445,0 -51.95105024,-23.31399420,0</coordinates></LineString>
    </Placemark>
    <Placemark>
      <name>Linhas de Projeto veia 138</name>
      <Style><LineStyle><color>ff37508c</color><width>3</width></LineStyle></Style>
      <ExtendedData>
        <Data name="camada"><value>Linhas de Projeto veia</value></Data>
        <Data name="classificacao"><value>Linhas de Projeto veia</value></Data>
      </ExtendedData>
      <LineString><tessellate>1</tessellate><coordinates>-51.95056374,-23.31369034,0 -51.95048877,-23.31361801,0 -51.95038011,-23.31346787,0 -51.95010325,-23.31299039,0 -51.94980080,-23.31232426,0 -51.94967204,-23.31198314,0 -51.94962185,-23.31180868,0 -51.94956704,-23.31145108,0 -51.94948644,-23.31073237,0 -51.94903626,-23.30722309,0</coordinates></LineString>
    </Placemark>
    <Placemark>
      <name>Linhas de Projeto veia 139</name>
      <Style><LineStyle><color>ff37508c</color><width>3</width></LineStyle></Style>
      <ExtendedData>
        <Data name="camada"><value>Linhas de Projeto veia</value></Data>
        <Data name="classificacao"><value>Linhas de Projeto veia</value></Data>
      </ExtendedData>
      <LineString><tessellate>1</tessellate><coordinates>-51.95117984,-23.31399686,0 -51.95106673,-23.31393185,0</coordinates></LineString>
    </Placemark>
    <Placemark>
      <name>Linhas de Projeto veia 140</name>
      <Style><LineStyle><color>ff37508c</color><width>3</width></LineStyle></Style>
      <ExtendedData>
        <Data name="camada"><value>Linhas de Projeto veia</value></Data>
        <Data name="classificacao"><value>Linhas de Projeto veia</value></Data>
      </ExtendedData>
      <LineString><tessellate>1</tessellate><coordinates>-51.95061938,-23.31365366,0 -51.95057395,-23.31362050,0 -51.95042231,-23.31341504,0 -51.95014861,-23.31293599,0 -51.94991813,-23.31243774,0 -51.94978361,-23.31209852,0 -51.94969478,-23.31183281,0 -51.94964892,-23.31157265,0 -51.94954557,-23.31067453,0 -51.94909666,-23.30717538,0</coordinates></LineString>
    </Placemark>
    <Placemark>
      <name>Linhas de Projeto veia 141</name>
      <Style><LineStyle><color>ff37508c</color><width>3</width></LineStyle></Style>
      <ExtendedData>
        <Data name="camada"><value>Linhas de Projeto veia</value></Data>
        <Data name="classificacao"><value>Linhas de Projeto veia</value></Data>
      </ExtendedData>
      <LineString><tessellate>1</tessellate><coordinates>-51.95117235,-23.31392082,0 -51.95106618,-23.31385972,0</coordinates></LineString>
    </Placemark>
    <Placemark>
      <name>Linhas de Projeto veia 142</name>
      <Style><LineStyle><color>ff37508c</color><width>3</width></LineStyle></Style>
      <ExtendedData>
        <Data name="camada"><value>Linhas de Projeto veia</value></Data>
        <Data name="classificacao"><value>Linhas de Projeto veia</value></Data>
      </ExtendedData>
      <LineString><tessellate>1</tessellate><coordinates>-51.95068973,-23.31362751,0 -51.95062209,-23.31357852,0 -51.95046501,-23.31336192,0 -51.95019396,-23.31288158,0 -51.95003783,-23.31255037,0 -51.94989748,-23.31221317,0 -51.94974990,-23.31177852,0 -51.94970772,-23.31151484,0 -51.94962723,-23.31079612,0 -51.94915695,-23.30712676,0</coordinates></LineString>
    </Placemark>
    <Placemark>
      <name>Linhas de Projeto veia 143</name>
      <Style><LineStyle><color>ff37508c</color><width>3</width></LineStyle></Style>
      <ExtendedData>
        <Data name="camada"><value>Linhas de Projeto veia</value></Data>
        <Data name="classificacao"><value>Linhas de Projeto veia</value></Data>
      </ExtendedData>
      <LineString><tessellate>1</tessellate><coordinates>-51.95116358,-23.31384394,0 -51.95103507,-23.31376935,0</coordinates></LineString>
    </Placemark>
    <Placemark>
      <name>Linhas de Projeto veia 144</name>
      <Style><LineStyle><color>ff37508c</color><width>3</width></LineStyle></Style>
      <ExtendedData>
        <Data name="camada"><value>Linhas de Projeto veia</value></Data>
        <Data name="classificacao"><value>Linhas de Projeto veia</value></Data>
      </ExtendedData>
      <LineString><tessellate>1</tessellate><coordinates>-51.95079071,-23.31361932,0 -51.95066964,-23.31353587,0 -51.95061177,-23.31346169,0 -51.95050770,-23.31330880,0 -51.95032329,-23.31299030,0 -51.95016002,-23.31266204,0 -51.95001365,-23.31232704,0 -51.94982564,-23.31181398,0 -51.94976705,-23.31145696,0 -51.94968657,-23.31073824,0 -51.94921724,-23.30707814,0</coordinates></LineString>
    </Placemark>
    <Placemark>
      <name>Linhas de Projeto veia 145</name>
      <Style><LineStyle><color>ff37508c</color><width>3</width></LineStyle></Style>
      <ExtendedData>
        <Data name="camada"><value>Linhas de Projeto veia</value></Data>
        <Data name="classificacao"><value>Linhas de Projeto veia</value></Data>
      </ExtendedData>
      <LineString><tessellate>1</tessellate><coordinates>-51.95113465,-23.31375549,0 -51.95071712,-23.31349305,0 -51.95055038,-23.31325566,0 -51.95036799,-23.31293615,0 -51.95020659,-23.31260711,0 -51.95006140,-23.31227166,0 -51.94990396,-23.31185092,0 -51.94984930,-23.31157846,0 -51.94974569,-23.31068037,0 -51.94927748,-23.30702919,0</coordinates></LineString>
    </Placemark>
    <Placemark>
      <name>Linhas de Projeto veia 146</name>
      <Style><LineStyle><color>ff37508c</color><width>3</width></LineStyle></Style>
      <ExtendedData>
        <Data name="camada"><value>Linhas de Projeto veia</value></Data>
        <Data name="classificacao"><value>Linhas de Projeto veia</value></Data>
      </ExtendedData>
      <LineString><tessellate>1</tessellate><coordinates>-51.95108638,-23.31365486,0 -51.95076548,-23.31345090,0 -51.95059321,-23.31320241,0 -51.95050021,-23.31304352,0 -51.95025315,-23.31255215,0 -51.95010943,-23.31221617,0 -51.94996013,-23.31180918,0 -51.94990796,-23.31152062,0 -51.94983446,-23.31086693,0</coordinates></LineString>
    </Placemark>
    <Placemark>
      <name>Linhas de Projeto veia 147</name>
      <Style><LineStyle><color>ff37508c</color><width>3</width></LineStyle></Style>
      <ExtendedData>
        <Data name="camada"><value>Linhas de Projeto veia</value></Data>
        <Data name="classificacao"><value>Linhas de Projeto veia</value></Data>
      </ExtendedData>
      <LineString><tessellate>1</tessellate><coordinates>-51.94980988,-23.31066330,0 -51.94933769,-23.30697999,0</coordinates></LineString>
    </Placemark>
    <Placemark>
      <name>Linhas de Projeto veia 148</name>
      <Style><LineStyle><color>ff37508c</color><width>3</width></LineStyle></Style>
      <ExtendedData>
        <Data name="camada"><value>Linhas de Projeto veia</value></Data>
        <Data name="classificacao"><value>Linhas de Projeto veia</value></Data>
      </ExtendedData>
      <LineString><tessellate>1</tessellate><coordinates>-51.95105197,-23.31356204,0 -51.95081383,-23.31340875,0 -51.95073659,-23.31330408,0 -51.95045803,-23.31282752,0 -51.95022672,-23.31232961,0 -51.95009233,-23.31199035,0 -51.95000900,-23.31173146,0 -51.94990184,-23.31087486,0</coordinates></LineString>
    </Placemark>
    <Placemark>
      <name>Linhas de Projeto veia 149</name>
      <Style><LineStyle><color>ff37508c</color><width>3</width></LineStyle></Style>
      <ExtendedData>
        <Data name="camada"><value>Linhas de Projeto veia</value></Data>
        <Data name="classificacao"><value>Linhas de Projeto veia</value></Data>
      </ExtendedData>
      <LineString><tessellate>1</tessellate><coordinates>-51.94987364,-23.31064184,0 -51.94939788,-23.30693056,0</coordinates></LineString>
    </Placemark>
    <Placemark>
      <name>Linhas de Projeto veia 150</name>
      <Style><LineStyle><color>ff37508c</color><width>3</width></LineStyle></Style>
      <ExtendedData>
        <Data name="camada"><value>Linhas de Projeto veia</value></Data>
        <Data name="classificacao"><value>Linhas de Projeto veia</value></Data>
      </ExtendedData>
      <LineString><tessellate>1</tessellate><coordinates>-51.95102688,-23.31347336,0 -51.95086151,-23.31336577,0 -51.95067991,-23.31309533,0 -51.95050334,-23.31277304,0 -51.95027445,-23.31227419,0 -51.95008366,-23.31176197,0 -51.95002639,-23.31140477,0 -51.94996521,-23.31084858,0</coordinates></LineString>
    </Placemark>
    <Placemark>
      <name>Linhas de Projeto veia 151</name>
      <Style><LineStyle><color>ff37508c</color><width>3</width></LineStyle></Style>
      <ExtendedData>
        <Data name="camada"><value>Linhas de Projeto veia</value></Data>
        <Data name="classificacao"><value>Linhas de Projeto veia</value></Data>
      </ExtendedData>
      <LineString><tessellate>1</tessellate><coordinates>-51.94994164,-23.31065450,0 -51.94945786,-23.30687958,0</coordinates></LineString>
    </Placemark>
    <Placemark>
      <name>Linhas de Projeto veia 152</name>
      <Style><LineStyle><color>ff37508c</color><width>3</width></LineStyle></Style>
      <ExtendedData>
        <Data name="camada"><value>Linhas de Projeto veia</value></Data>
        <Data name="classificacao"><value>Linhas de Projeto veia</value></Data>
      </ExtendedData>
      <LineString><tessellate>1</tessellate><coordinates>-51.95099305,-23.31337784,0 -51.95090912,-23.31332269,0 -51.95061836,-23.31286827,0</coordinates></LineString>
    </Placemark>
    <Placemark>
      <name>Linhas de Projeto veia 153</name>
      <Style><LineStyle><color>ff37508c</color><width>3</width></LineStyle></Style>
      <ExtendedData>
        <Data name="camada"><value>Linhas de Projeto veia</value></Data>
        <Data name="classificacao"><value>Linhas de Projeto veia</value></Data>
      </ExtendedData>
      <LineString><tessellate>1</tessellate><coordinates>-51.95061836,-23.31286827,0 -51.95058358,-23.31285955,0 -51.95056538,-23.31283682,0 -51.95056883,-23.31280873,0 -51.95059536,-23.31278921,0 -51.95062951,-23.31279354,0 -51.95064919,-23.31281706,0 -51.95064592,-23.31284761,0 -51.95061836,-23.31286827,0</coordinates></LineString>
    </Placemark>
    <Placemark>
      <name>Linhas de Projeto veia 154</name>
      <Style><LineStyle><color>ff37508c</color><width>3</width></LineStyle></Style>
      <ExtendedData>
        <Data name="camada"><value>Linhas de Projeto veia</value></Data>
        <Data name="classificacao"><value>Linhas de Projeto veia</value></Data>
      </ExtendedData>
      <LineString><tessellate>1</tessellate><coordinates>-51.95061836,-23.31286827,0 -51.95058590,-23.31286585,0 -51.95056243,-23.31284289,0 -51.95057612,-23.31277241,0 -51.95032218,-23.31221876,0 -51.95019077,-23.31187851,0 -51.95013792,-23.31170477,0 -51.94951785,-23.30682859,0</coordinates></LineString>
    </Placemark>
    <Placemark>
      <name>Linhas de Projeto veia 155</name>
      <Style><LineStyle><color>ff37508c</color><width>3</width></LineStyle></Style>
      <ExtendedData>
        <Data name="camada"><value>Linhas de Projeto veia</value></Data>
        <Data name="classificacao"><value>Linhas de Projeto veia</value></Data>
      </ExtendedData>
      <LineString><tessellate>1</tessellate><coordinates>-51.95096259,-23.31328366,0 -51.95076674,-23.31298814,0 -51.95059397,-23.31266407,0 -51.95044073,-23.31233171,0 -51.95021887,-23.31178369,0 -51.95016704,-23.31146836,0 -51.95008656,-23.31074964,0 -51.94998148,-23.30998444,0 -51.95000397,-23.30990862,0 -51.94996738,-23.30985956,0 -51.94996076,-23.30982981,0 -51.94957812,-23.30677987,0</coordinates></LineString>
    </Placemark>
    <Placemark>
      <name>Linhas de Projeto veia 156</name>
      <Style><LineStyle><color>ff37508c</color><width>3</width></LineStyle></Style>
      <ExtendedData>
        <Data name="camada"><value>Linhas de Projeto veia</value></Data>
        <Data name="classificacao"><value>Linhas de Projeto veia</value></Data>
      </ExtendedData>
      <LineString><tessellate>1</tessellate><coordinates>-51.95095041,-23.31315904,0 -51.95072248,-23.31277300,0 -51.95056181,-23.31244366,0 -51.95035203,-23.31193767,0 -51.95026810,-23.31168439,0 -51.94963851,-23.30673199,0</coordinates></LineString>
    </Placemark>
    <Placemark>
      <name>Linhas de Projeto veia 157</name>
      <Style><LineStyle><color>ff37508c</color><width>3</width></LineStyle></Style>
      <ExtendedData>
        <Data name="camada"><value>Linhas de Projeto veia</value></Data>
        <Data name="classificacao"><value>Linhas de Projeto veia</value></Data>
      </ExtendedData>
      <LineString><tessellate>1</tessellate><coordinates>-51.95058259,-23.31232967,0 -51.95034160,-23.31170969,0 -51.95030865,-23.31153170,0 -51.95020499,-23.31063361,0 -51.94969892,-23.30668440,0</coordinates></LineString>
    </Placemark>
    <Placemark>
      <name>Linhas de Projeto veia 158</name>
      <Style><LineStyle><color>ff37508c</color><width>3</width></LineStyle></Style>
      <ExtendedData>
        <Data name="camada"><value>Linhas de Projeto veia</value></Data>
        <Data name="classificacao"><value>Linhas de Projeto veia</value></Data>
      </ExtendedData>
      <LineString><tessellate>1</tessellate><coordinates>-51.95055781,-23.31210358,0 -51.95055781,-23.31210358,0</coordinates></LineString>
    </Placemark>
    <Placemark>
      <name>Linhas de Projeto veia 159</name>
      <Style><LineStyle><color>ff37508c</color><width>3</width></LineStyle></Style>
      <ExtendedData>
        <Data name="camada"><value>Linhas de Projeto veia</value></Data>
        <Data name="classificacao"><value>Linhas de Projeto veia</value></Data>
      </ExtendedData>
      <LineString><tessellate>1</tessellate><coordinates>-51.95055781,-23.31210358,0 -51.95051722,-23.31200307,0</coordinates></LineString>
    </Placemark>
    <Placemark>
      <name>Linhas de Projeto veia 160</name>
      <Style><LineStyle><color>ff37508c</color><width>3</width></LineStyle></Style>
      <ExtendedData>
        <Data name="camada"><value>Linhas de Projeto veia</value></Data>
        <Data name="classificacao"><value>Linhas de Projeto veia</value></Data>
      </ExtendedData>
      <LineString><tessellate>1</tessellate><coordinates>-51.95042947,-23.31176727,0 -51.95041099,-23.31171380,0</coordinates></LineString>
    </Placemark>
    <Placemark>
      <name>Linhas de Projeto veia 161</name>
      <Style><LineStyle><color>ff37508c</color><width>3</width></LineStyle></Style>
      <ExtendedData>
        <Data name="camada"><value>Linhas de Projeto veia</value></Data>
        <Data name="classificacao"><value>Linhas de Projeto veia</value></Data>
      </ExtendedData>
      <LineString><tessellate>1</tessellate><coordinates>-51.95041099,-23.31171380,0 -51.95041099,-23.31171380,0</coordinates></LineString>
    </Placemark>
    <Placemark>
      <name>Linhas de Projeto veia 162</name>
      <Style><LineStyle><color>ff37508c</color><width>3</width></LineStyle></Style>
      <ExtendedData>
        <Data name="camada"><value>Linhas de Projeto veia</value></Data>
        <Data name="classificacao"><value>Linhas de Projeto veia</value></Data>
      </ExtendedData>
      <LineString><tessellate>1</tessellate><coordinates>-51.95037492,-23.31152130,0 -51.95033519,-23.31119759,0</coordinates></LineString>
    </Placemark>
    <Placemark>
      <name>Linhas de Projeto veia 163</name>
      <Style><LineStyle><color>ff37508c</color><width>3</width></LineStyle></Style>
      <ExtendedData>
        <Data name="camada"><value>Linhas de Projeto veia</value></Data>
        <Data name="classificacao"><value>Linhas de Projeto veia</value></Data>
      </ExtendedData>
      <LineString><tessellate>1</tessellate><coordinates>-51.95030151,-23.31088828,0 -51.95004625,-23.30891469,0 -51.95006204,-23.30883142,0 -51.95002734,-23.30875887,0 -51.94975944,-23.30663756,0</coordinates></LineString>
    </Placemark>
    <Placemark>
      <name>Linhas de Projeto veia 164</name>
      <Style><LineStyle><color>ff37508c</color><width>3</width></LineStyle></Style>
      <ExtendedData>
        <Data name="camada"><value>Linhas de Projeto veia</value></Data>
        <Data name="classificacao"><value>Linhas de Projeto veia</value></Data>
      </ExtendedData>
      <LineString><tessellate>1</tessellate><coordinates>-51.95034576,-23.31069555,0 -51.94981995,-23.30659073,0</coordinates></LineString>
    </Placemark>
    <Placemark>
      <name>Linhas de Projeto veia 165</name>
      <Style><LineStyle><color>ff37508c</color><width>3</width></LineStyle></Style>
      <ExtendedData>
        <Data name="camada"><value>Linhas de Projeto veia</value></Data>
        <Data name="classificacao"><value>Linhas de Projeto veia</value></Data>
      </ExtendedData>
      <LineString><tessellate>1</tessellate><coordinates>-51.95036080,-23.31031491,0 -51.94988046,-23.30654390,0</coordinates></LineString>
    </Placemark>
    <Placemark>
      <name>Linhas de Projeto veia 166</name>
      <Style><LineStyle><color>ff37508c</color><width>3</width></LineStyle></Style>
      <ExtendedData>
        <Data name="camada"><value>Linhas de Projeto veia</value></Data>
        <Data name="classificacao"><value>Linhas de Projeto veia</value></Data>
      </ExtendedData>
      <LineString><tessellate>1</tessellate><coordinates>-51.95039466,-23.31008627,0 -51.95010229,-23.30776741,0 -51.95011834,-23.30770283,0 -51.95008626,-23.30764118,0 -51.94994042,-23.30649268,0</coordinates></LineString>
    </Placemark>
    <Placemark>
      <name>Linhas de Projeto veia 167</name>
      <Style><LineStyle><color>ff37508c</color><width>3</width></LineStyle></Style>
      <ExtendedData>
        <Data name="camada"><value>Linhas de Projeto veia</value></Data>
        <Data name="classificacao"><value>Linhas de Projeto veia</value></Data>
      </ExtendedData>
      <LineString><tessellate>1</tessellate><coordinates>-51.95044329,-23.30995678,0 -51.95000017,-23.30643982,0</coordinates></LineString>
    </Placemark>
    <Placemark>
      <name>Linhas de Projeto veia 168</name>
      <Style><LineStyle><color>ff37508c</color><width>3</width></LineStyle></Style>
      <ExtendedData>
        <Data name="camada"><value>Linhas de Projeto veia</value></Data>
        <Data name="classificacao"><value>Linhas de Projeto veia</value></Data>
      </ExtendedData>
      <LineString><tessellate>1</tessellate><coordinates>-51.95046778,-23.30963787,0 -51.95005968,-23.30638511,0</coordinates></LineString>
    </Placemark>
    <Placemark>
      <name>Linhas de Projeto veia 169</name>
      <Style><LineStyle><color>ff37508c</color><width>3</width></LineStyle></Style>
      <ExtendedData>
        <Data name="camada"><value>Linhas de Projeto veia</value></Data>
        <Data name="classificacao"><value>Linhas de Projeto veia</value></Data>
      </ExtendedData>
      <LineString><tessellate>1</tessellate><coordinates>-51.95043974,-23.30887311,0 -51.95016314,-23.30667648,0 -51.95017135,-23.30662439,0 -51.95015077,-23.30657845,0 -51.95011919,-23.30633043,0</coordinates></LineString>
    </Placemark>
    <Placemark>
      <name>Linhas de Projeto veia 170</name>
      <Style><LineStyle><color>ff37508c</color><width>3</width></LineStyle></Style>
      <ExtendedData>
        <Data name="camada"><value>Linhas de Projeto veia</value></Data>
        <Data name="classificacao"><value>Linhas de Projeto veia</value></Data>
      </ExtendedData>
      <LineString><tessellate>1</tessellate><coordinates>-51.95046508,-23.30853635,0 -51.95017896,-23.30627769,0</coordinates></LineString>
    </Placemark>
    <Placemark>
      <name>Linhas de Projeto veia 171</name>
      <Style><LineStyle><color>ff37508c</color><width>3</width></LineStyle></Style>
      <ExtendedData>
        <Data name="camada"><value>Linhas de Projeto veia</value></Data>
        <Data name="classificacao"><value>Linhas de Projeto veia</value></Data>
      </ExtendedData>
      <LineString><tessellate>1</tessellate><coordinates>-51.95045521,-23.30792971,0 -51.95023922,-23.30622891,0</coordinates></LineString>
    </Placemark>
    <Placemark>
      <name>Linhas de Projeto veia 172</name>
      <Style><LineStyle><color>ff37508c</color><width>3</width></LineStyle></Style>
      <ExtendedData>
        <Data name="camada"><value>Linhas de Projeto veia</value></Data>
        <Data name="classificacao"><value>Linhas de Projeto veia</value></Data>
      </ExtendedData>
      <LineString><tessellate>1</tessellate><coordinates>-51.95045664,-23.30741767,0 -51.95029881,-23.30617476,0</coordinates></LineString>
    </Placemark>
    <Placemark>
      <name>Linhas de Projeto veia 173</name>
      <Style><LineStyle><color>ff37508c</color><width>3</width></LineStyle></Style>
      <ExtendedData>
        <Data name="camada"><value>Linhas de Projeto veia</value></Data>
        <Data name="classificacao"><value>Linhas de Projeto veia</value></Data>
      </ExtendedData>
      <LineString><tessellate>1</tessellate><coordinates>-51.95048299,-23.30710180,0 -51.95036645,-23.30618404,0</coordinates></LineString>
    </Placemark>
    <Placemark>
      <name>Linhas de Projeto veia 174</name>
      <Style><LineStyle><color>ff37508c</color><width>3</width></LineStyle></Style>
      <ExtendedData>
        <Data name="camada"><value>Linhas de Projeto veia</value></Data>
        <Data name="classificacao"><value>Linhas de Projeto veia</value></Data>
      </ExtendedData>
      <LineString><tessellate>1</tessellate><coordinates>-51.95052031,-23.30687228,0 -51.95044177,-23.30625381,0</coordinates></LineString>
    </Placemark>
    <Placemark>
      <name>Linhas de Projeto veia 175</name>
      <Style><LineStyle><color>ff37508c</color><width>3</width></LineStyle></Style>
      <ExtendedData>
        <Data name="camada"><value>Linhas de Projeto veia</value></Data>
        <Data name="classificacao"><value>Linhas de Projeto veia</value></Data>
      </ExtendedData>
      <LineString><tessellate>1</tessellate><coordinates>-51.95056038,-23.30666453,0 -51.95051725,-23.30632483,0</coordinates></LineString>
    </Placemark>
    <Placemark>
      <name>linha_bordadura veia 1</name>
      <Style><LineStyle><color>ff000000</color><width>3</width></LineStyle></Style>
      <ExtendedData>
        <Data name="camada"><value>linha_bordadura veia</value></Data>
        <Data name="classificacao"><value>linha_bordadura veia</value></Data>
      </ExtendedData>
      <LineString><tessellate>1</tessellate><coordinates>-51.94730549,-23.31870601,0 -51.94733109,-23.31868345,0</coordinates></LineString>
    </Placemark>
    <Placemark>
      <name>linha_bordadura veia 2</name>
      <Style><LineStyle><color>ff000000</color><width>3</width></LineStyle></Style>
      <ExtendedData>
        <Data name="camada"><value>linha_bordadura veia</value></Data>
        <Data name="classificacao"><value>linha_bordadura veia</value></Data>
      </ExtendedData>
      <LineString><tessellate>1</tessellate><coordinates>-51.94733109,-23.31868345,0 -51.94915907,-23.31718522,0 -51.94949083,-23.31691016,0 -51.94960974,-23.31679642,0 -51.94973976,-23.31670269,0 -51.95094436,-23.31569267,0 -51.95105095,-23.31562034,0 -51.95147760,-23.31524843,0 -51.95156235,-23.31515731,0 -51.95155583,-23.31509933,0 -51.95131834,-23.31489025,0</coordinates></LineString>
    </Placemark>
    <Placemark>
      <name>linha_bordadura veia 3</name>
      <Style><LineStyle><color>ff000000</color><width>3</width></LineStyle></Style>
      <ExtendedData>
        <Data name="camada"><value>linha_bordadura veia</value></Data>
        <Data name="classificacao"><value>linha_bordadura veia</value></Data>
      </ExtendedData>
      <LineString><tessellate>1</tessellate><coordinates>-51.95127818,-23.31481757,0 -51.95127024,-23.31478273,0 -51.95128836,-23.31473473,0 -51.95136886,-23.31464405,0 -51.95139860,-23.31458914,0 -51.95140916,-23.31444235,0 -51.95139602,-23.31429155,0 -51.95132312,-23.31407135,0 -51.95129258,-23.31381048,0 -51.95119737,-23.31358562,0 -51.95110247,-23.31329932,0 -51.95107702,-23.31312079,0 -51.95102164,-23.31294773,0 -51.95088899,-23.31268515,0 -51.95072995,-23.31241557,0 -51.95071679,-23.31237218,0 -51.95071539,-23.31217918,0 -51.95069863,-23.31211406,0 -51.95067719,-23.31203619,0 -51.95059174,-23.31186582,0 -51.95051489,-23.31160192,0 -51.95047540,-23.31124271,0 -51.95042315,-23.31098211,0 -51.95047797,-23.31071107,0 -51.95049426,-23.31053110,0 -51.95049247,-23.31032384,0 -51.95051024,-23.31017084,0 -51.95056565,-23.31001416,0 -51.95058600,-23.30990041,0 -51.95061286,-23.30940984,0 -51.95056682,-23.30903909,0 -51.95060227,-23.30838002,0 -51.95058770,-23.30743687,0 -51.95062207,-23.30703483,0 -51.95069369,-23.30666890,0 -51.95071383,-23.30640208,0 -51.95069467,-23.30633676,0 -51.95065667,-23.30628136,0 -51.95042313,-23.30606069,0 -51.95038285,-23.30599943,0 -51.95033778,-23.30598284,0 -51.94983374,-23.30641905,0 -51.94860073,-23.30741008,0 -51.94567337,-23.30980587,0 -51.94507268,-23.31026873,0 -51.94434802,-23.31087509,0 -51.94185398,-23.31290559,0 -51.94175224,-23.31301976,0 -51.94175070,-23.31304622,0 -51.94178719,-23.31309501,0 -51.94215552,-23.31344439,0 -51.94294879,-23.31424296,0 -51.94733109,-23.31868345,0</coordinates></LineString>
    </Placemark>
    <Placemark>
      <name>linha_bordadura veia 4</name>
      <Style><LineStyle><color>ff000000</color><width>3</width></LineStyle></Style>
      <ExtendedData>
        <Data name="camada"><value>linha_bordadura veia</value></Data>
        <Data name="classificacao"><value>linha_bordadura veia</value></Data>
      </ExtendedData>
      <LineString><tessellate>1</tessellate><coordinates>-51.94733109,-23.31868345,0 -51.94736312,-23.31869735,0</coordinates></LineString>
    </Placemark>
    <Placemark>
      <name>linha_bordadura veia 5</name>
      <Style><LineStyle><color>ff000000</color><width>3</width></LineStyle></Style>
      <ExtendedData>
        <Data name="camada"><value>linha_bordadura veia</value></Data>
        <Data name="classificacao"><value>linha_bordadura veia</value></Data>
      </ExtendedData>
      <LineString><tessellate>1</tessellate><coordinates>-51.95041328,-23.30599210,0 -51.94984693,-23.30649013,0 -51.94837281,-23.30767685,0 -51.94573914,-23.30983413,0 -51.94499103,-23.31041566,0 -51.94441360,-23.31090314,0 -51.94191938,-23.31293345,0 -51.94182312,-23.31302764,0 -51.94177084,-23.31311388,0</coordinates></LineString>
    </Placemark>
    <Placemark>
      <name>linha_bordadura veia 6</name>
      <Style><LineStyle><color>ff000000</color><width>3</width></LineStyle></Style>
      <ExtendedData>
        <Data name="camada"><value>linha_bordadura veia</value></Data>
        <Data name="classificacao"><value>linha_bordadura veia</value></Data>
      </ExtendedData>
      <LineString><tessellate>1</tessellate><coordinates>-51.94177427,-23.31295457,0 -51.94181934,-23.31303638,0 -51.94190199,-23.31311294,0 -51.94197856,-23.31313712,0 -51.94200398,-23.31321190,0 -51.94236937,-23.31357005,0 -51.94244429,-23.31360390,0 -51.94247055,-23.31367173,0 -51.94282508,-23.31402920,0 -51.94290363,-23.31406313,0 -51.94292970,-23.31413442,0 -51.94328185,-23.31449601,0 -51.94336600,-23.31452929,0 -51.94339247,-23.31460739,0 -51.94375253,-23.31497236,0 -51.94383106,-23.31499959,0 -51.94385013,-23.31506829,0 -51.94413838,-23.31535852,0 -51.94422261,-23.31544077,0 -51.94429000,-23.31546576,0 -51.94431685,-23.31553688,0 -51.94460288,-23.31583025,0 -51.94468497,-23.31586356,0 -51.94470981,-23.31593751,0 -51.94497881,-23.31621376,0 -51.94506657,-23.31624834,0 -51.94508969,-23.31632638,0 -51.94537732,-23.31661900,0 -51.94539380,-23.31669064,0 -51.94546499,-23.31670922,0 -51.94551856,-23.31675886,0 -51.94739453,-23.31866283,0</coordinates></LineString>
    </Placemark>
    <Placemark>
      <name>linha_bordadura veia 7</name>
      <Style><LineStyle><color>ff000000</color><width>3</width></LineStyle></Style>
      <ExtendedData>
        <Data name="camada"><value>linha_bordadura veia</value></Data>
        <Data name="classificacao"><value>linha_bordadura veia</value></Data>
      </ExtendedData>
      <LineString><tessellate>1</tessellate><coordinates>-51.94724964,-23.31864806,0 -51.94740801,-23.31854215,0 -51.94814163,-23.31794490,0 -51.94945221,-23.31685965,0 -51.94956529,-23.31675067,0 -51.94963858,-23.31670402,0 -51.95133848,-23.31528937,0 -51.95149918,-23.31513567,0 -51.95147482,-23.31510255,0 -51.95127379,-23.31493627,0</coordinates></LineString>
    </Placemark>
    <Placemark>
      <name>linha_bordadura veia 8</name>
      <Style><LineStyle><color>ff000000</color><width>3</width></LineStyle></Style>
      <ExtendedData>
        <Data name="camada"><value>linha_bordadura veia</value></Data>
        <Data name="classificacao"><value>linha_bordadura veia</value></Data>
      </ExtendedData>
      <LineString><tessellate>1</tessellate><coordinates>-51.95121066,-23.31481729,0 -51.95120186,-23.31477868,0 -51.95122970,-23.31470494,0 -51.95133459,-23.31457326,0 -51.95134189,-23.31441144,0 -51.95131280,-23.31423352,0 -51.95125909,-23.31408744,0 -51.95122600,-23.31381194,0 -51.95113544,-23.31360689,0 -51.95103771,-23.31331333,0 -51.95100913,-23.31311755,0 -51.95095076,-23.31294462,0 -51.95084842,-23.31274306,0 -51.95066881,-23.31244000,0 -51.95065118,-23.31238189,0 -51.95064907,-23.31218462,0 -51.95061410,-23.31205443,0 -51.95052927,-23.31188593,0 -51.95045104,-23.31162011,0 -51.95040333,-23.31119632,0 -51.95035702,-23.31098424,0 -51.95041278,-23.31070147,0 -51.95042994,-23.31050539,0 -51.95042639,-23.31032209,0 -51.95044605,-23.31015501,0 -51.95050199,-23.30999739,0 -51.95052054,-23.30989221,0 -51.95054683,-23.30941223,0 -51.95050082,-23.30904179,0 -51.95053624,-23.30837823,0 -51.95052034,-23.30791070,0 -51.95052165,-23.30743601,0 -51.95055947,-23.30700950,0 -51.95061894,-23.30673118,0 -51.95064844,-23.30641077,0 -51.95062344,-23.30634125,0 -51.95036958,-23.30609685,0 -51.95028992,-23.30597762,0</coordinates></LineString>
    </Placemark>
    <Placemark>
      <name>linha_bordadura veia 9</name>
      <Style><LineStyle><color>ff000000</color><width>3</width></LineStyle></Style>
      <ExtendedData>
        <Data name="camada"><value>linha_bordadura veia</value></Data>
        <Data name="classificacao"><value>linha_bordadura veia</value></Data>
      </ExtendedData>
      <LineString><tessellate>1</tessellate><coordinates>-51.95148986,-23.31519053,0 -51.95133588,-23.31507925,0 -51.95123275,-23.31498627,0 -51.95118762,-23.31493509,0 -51.95115482,-23.31486828,0 -51.95113348,-23.31477463,0 -51.95117104,-23.31467514,0 -51.95127058,-23.31455738,0 -51.95127644,-23.31445842,0 -51.95127219,-23.31434263,0 -51.95118442,-23.31404420,0 -51.95116145,-23.31382526,0 -51.95107351,-23.31362816,0 -51.95097432,-23.31333075,0 -51.95095097,-23.31316112,0 -51.95088887,-23.31296591,0 -51.95078927,-23.31277029,0 -51.95060767,-23.31246443,0 -51.95058557,-23.31239160,0 -51.95058448,-23.31219724,0 -51.95054426,-23.31205601,0 -51.95046269,-23.31189225,0 -51.95038620,-23.31163197,0 -51.95033330,-23.31118229,0 -51.95029783,-23.31104774,0 -51.95029317,-23.31092541,0 -51.95035171,-23.31065028,0 -51.95037426,-23.31018653,0 -51.95039340,-23.31008961,0 -51.95043833,-23.30998062,0 -51.95045787,-23.30985796,0 -51.95048039,-23.30947554,0 -51.95047042,-23.30927199,0 -51.95043481,-23.30904008,0 -51.95047013,-23.30837743,0 -51.95045271,-23.30777731,0 -51.95045663,-23.30741650,0 -51.95048752,-23.30705642,0 -51.95055643,-23.30670106,0 -51.95058258,-23.30641714,0 -51.95056721,-23.30637378,0 -51.95026459,-23.30607998,0</coordinates></LineString>
    </Placemark>
    <Placemark>
      <name>linha_bordadura veia 10</name>
      <Style><LineStyle><color>ff000000</color><width>3</width></LineStyle></Style>
      <ExtendedData>
        <Data name="camada"><value>linha_bordadura veia</value></Data>
        <Data name="classificacao"><value>linha_bordadura veia</value></Data>
      </ExtendedData>
      <LineString><tessellate>1</tessellate><coordinates>-51.95040040,-23.30608471,0 -51.94988721,-23.30653867,0 -51.94850584,-23.30764918,0 -51.94587266,-23.30980695,0 -51.94512429,-23.31038821,0 -51.94454714,-23.31087598,0 -51.94194142,-23.31299694,0 -51.94184109,-23.31309944,0</coordinates></LineString>
    </Placemark>
    <Placemark>
      <name>linha_bordadura veia 11</name>
      <Style><LineStyle><color>ff000000</color><width>3</width></LineStyle></Style>
      <ExtendedData>
        <Data name="camada"><value>linha_bordadura veia</value></Data>
        <Data name="classificacao"><value>linha_bordadura veia</value></Data>
      </ExtendedData>
      <LineString><tessellate>1</tessellate><coordinates>-51.94183580,-23.31296809,0 -51.94224621,-23.31335529,0 -51.94303939,-23.31415394,0 -51.94740426,-23.31858152,0</coordinates></LineString>
    </Placemark>
    <Placemark>
      <name>linha_bordadura veia 12</name>
      <Style><LineStyle><color>ff000000</color><width>3</width></LineStyle></Style>
      <ExtendedData>
        <Data name="camada"><value>linha_bordadura veia</value></Data>
        <Data name="classificacao"><value>linha_bordadura veia</value></Data>
      </ExtendedData>
      <LineString><tessellate>1</tessellate><coordinates>-51.94725937,-23.31856675,0 -51.94735692,-23.31850244,0 -51.94785484,-23.31809880,0 -51.94940013,-23.31682150,0 -51.94952083,-23.31670492,0 -51.94960159,-23.31665297,0 -51.95076525,-23.31568751,0 -51.95085799,-23.31559925,0 -51.95098366,-23.31551272,0 -51.95147968,-23.31506939,0</coordinates></LineString>
    </Placemark>
    <Placemark>
      <name>obstaculos veia 1</name>
      <Style><LineStyle><color>ff141edc</color><width>3</width></LineStyle></Style>
      <ExtendedData>
        <Data name="camada"><value>obstaculos veia</value></Data>
        <Data name="classificacao"><value>obstaculos veia - circulo</value></Data>
      </ExtendedData>
      <MultiGeometry>
        <LineString><tessellate>1</tessellate><coordinates>-51.94541643,-23.31666455,0 -51.94542517,-23.31665637,0 -51.94543403,-23.31666445,0 -51.94542529,-23.31667263,0 -51.94541643,-23.31666455,0</coordinates></LineString>
        <LineString><tessellate>1</tessellate><coordinates>-51.94542527,-23.31667003,0 -51.94542390,-23.31666622,0</coordinates></LineString>
        <LineString><tessellate>1</tessellate><coordinates>-51.94542390,-23.31666622,0 -51.94542305,-23.31666386,0</coordinates></LineString>
        <LineString><tessellate>1</tessellate><coordinates>-51.94542305,-23.31666386,0 -51.94542168,-23.31666005,0 -51.94542521,-23.31666239,0</coordinates></LineString>
        <LineString><tessellate>1</tessellate><coordinates>-51.94542521,-23.31666239,0 -51.94542740,-23.31666383,0</coordinates></LineString>
        <LineString><tessellate>1</tessellate><coordinates>-51.94542740,-23.31666383,0 -51.94543093,-23.31666617,0 -51.94542659,-23.31666620,0</coordinates></LineString>
        <LineString><tessellate>1</tessellate><coordinates>-51.94542659,-23.31666620,0 -51.94542390,-23.31666622,0</coordinates></LineString>
        <LineString><tessellate>1</tessellate><coordinates>-51.94542390,-23.31666622,0 -51.94541955,-23.31666624,0 -51.94542305,-23.31666386,0</coordinates></LineString>
        <LineString><tessellate>1</tessellate><coordinates>-51.94542305,-23.31666386,0 -51.94542521,-23.31666239,0</coordinates></LineString>
        <LineString><tessellate>1</tessellate><coordinates>-51.94542521,-23.31666239,0 -51.94542872,-23.31666001,0 -51.94542740,-23.31666383,0</coordinates></LineString>
        <LineString><tessellate>1</tessellate><coordinates>-51.94542740,-23.31666383,0 -51.94542659,-23.31666620,0</coordinates></LineString>
        <LineString><tessellate>1</tessellate><coordinates>-51.94542659,-23.31666620,0 -51.94542527,-23.31667003,0</coordinates></LineString>
      </MultiGeometry>
    </Placemark>
    <Placemark>
      <name>obstaculos veia 2</name>
      <Style><LineStyle><color>ff141edc</color><width>3</width></LineStyle></Style>
      <ExtendedData>
        <Data name="camada"><value>obstaculos veia</value></Data>
        <Data name="classificacao"><value>obstaculos veia - circulo</value></Data>
      </ExtendedData>
      <MultiGeometry>
        <LineString><tessellate>1</tessellate><coordinates>-51.94502559,-23.31627375,0 -51.94503433,-23.31626557,0 -51.94504319,-23.31627364,0 -51.94503445,-23.31628182,0 -51.94502559,-23.31627375,0</coordinates></LineString>
        <LineString><tessellate>1</tessellate><coordinates>-51.94503443,-23.31627922,0 -51.94503306,-23.31627541,0</coordinates></LineString>
        <LineString><tessellate>1</tessellate><coordinates>-51.94503306,-23.31627541,0 -51.94503221,-23.31627306,0</coordinates></LineString>
        <LineString><tessellate>1</tessellate><coordinates>-51.94503221,-23.31627306,0 -51.94503084,-23.31626924,0 -51.94503438,-23.31627158,0</coordinates></LineString>
        <LineString><tessellate>1</tessellate><coordinates>-51.94503438,-23.31627158,0 -51.94503656,-23.31627303,0</coordinates></LineString>
        <LineString><tessellate>1</tessellate><coordinates>-51.94503656,-23.31627303,0 -51.94504009,-23.31627537,0 -51.94503575,-23.31627540,0</coordinates></LineString>
        <LineString><tessellate>1</tessellate><coordinates>-51.94503575,-23.31627540,0 -51.94503306,-23.31627541,0</coordinates></LineString>
        <LineString><tessellate>1</tessellate><coordinates>-51.94503306,-23.31627541,0 -51.94502871,-23.31627544,0 -51.94503221,-23.31627306,0</coordinates></LineString>
        <LineString><tessellate>1</tessellate><coordinates>-51.94503221,-23.31627306,0 -51.94503438,-23.31627158,0</coordinates></LineString>
        <LineString><tessellate>1</tessellate><coordinates>-51.94503438,-23.31627158,0 -51.94503788,-23.31626920,0 -51.94503656,-23.31627303,0</coordinates></LineString>
        <LineString><tessellate>1</tessellate><coordinates>-51.94503656,-23.31627303,0 -51.94503575,-23.31627540,0</coordinates></LineString>
        <LineString><tessellate>1</tessellate><coordinates>-51.94503575,-23.31627540,0 -51.94503443,-23.31627922,0</coordinates></LineString>
      </MultiGeometry>
    </Placemark>
    <Placemark>
      <name>obstaculos veia 3</name>
      <Style><LineStyle><color>ff141edc</color><width>3</width></LineStyle></Style>
      <ExtendedData>
        <Data name="camada"><value>obstaculos veia</value></Data>
        <Data name="classificacao"><value>obstaculos veia - circulo</value></Data>
      </ExtendedData>
      <MultiGeometry>
        <LineString><tessellate>1</tessellate><coordinates>-51.94464500,-23.31589003,0 -51.94465374,-23.31588185,0 -51.94466260,-23.31588992,0 -51.94465386,-23.31589810,0 -51.94464500,-23.31589003,0</coordinates></LineString>
        <LineString><tessellate>1</tessellate><coordinates>-51.94465384,-23.31589550,0 -51.94465247,-23.31589169,0</coordinates></LineString>
        <LineString><tessellate>1</tessellate><coordinates>-51.94465247,-23.31589169,0 -51.94465162,-23.31588933,0</coordinates></LineString>
        <LineString><tessellate>1</tessellate><coordinates>-51.94465162,-23.31588933,0 -51.94465025,-23.31588552,0 -51.94465379,-23.31588786,0</coordinates></LineString>
        <LineString><tessellate>1</tessellate><coordinates>-51.94465379,-23.31588786,0 -51.94465597,-23.31588931,0</coordinates></LineString>
        <LineString><tessellate>1</tessellate><coordinates>-51.94465597,-23.31588931,0 -51.94465951,-23.31589165,0 -51.94465516,-23.31589167,0</coordinates></LineString>
        <LineString><tessellate>1</tessellate><coordinates>-51.94465516,-23.31589167,0 -51.94465247,-23.31589169,0</coordinates></LineString>
        <LineString><tessellate>1</tessellate><coordinates>-51.94465247,-23.31589169,0 -51.94464812,-23.31589172,0 -51.94465162,-23.31588933,0</coordinates></LineString>
        <LineString><tessellate>1</tessellate><coordinates>-51.94465162,-23.31588933,0 -51.94465379,-23.31588786,0</coordinates></LineString>
        <LineString><tessellate>1</tessellate><coordinates>-51.94465379,-23.31588786,0 -51.94465729,-23.31588548,0 -51.94465597,-23.31588931,0</coordinates></LineString>
        <LineString><tessellate>1</tessellate><coordinates>-51.94465597,-23.31588931,0 -51.94465516,-23.31589167,0</coordinates></LineString>
        <LineString><tessellate>1</tessellate><coordinates>-51.94465516,-23.31589167,0 -51.94465384,-23.31589550,0</coordinates></LineString>
      </MultiGeometry>
    </Placemark>
    <Placemark>
      <name>obstaculos veia 4</name>
      <Style><LineStyle><color>ff141edc</color><width>3</width></LineStyle></Style>
      <ExtendedData>
        <Data name="camada"><value>obstaculos veia</value></Data>
        <Data name="classificacao"><value>obstaculos veia - circulo</value></Data>
      </ExtendedData>
      <MultiGeometry>
        <LineString><tessellate>1</tessellate><coordinates>-51.94425007,-23.31549226,0 -51.94425882,-23.31548408,0 -51.94426767,-23.31549216,0 -51.94425893,-23.31550034,0 -51.94425007,-23.31549226,0</coordinates></LineString>
        <LineString><tessellate>1</tessellate><coordinates>-51.94425891,-23.31549774,0 -51.94425754,-23.31549393,0</coordinates></LineString>
        <LineString><tessellate>1</tessellate><coordinates>-51.94425754,-23.31549393,0 -51.94425669,-23.31549157,0</coordinates></LineString>
        <LineString><tessellate>1</tessellate><coordinates>-51.94425669,-23.31549157,0 -51.94425532,-23.31548776,0 -51.94425886,-23.31549010,0</coordinates></LineString>
        <LineString><tessellate>1</tessellate><coordinates>-51.94425886,-23.31549010,0 -51.94426104,-23.31549154,0</coordinates></LineString>
        <LineString><tessellate>1</tessellate><coordinates>-51.94426104,-23.31549154,0 -51.94426458,-23.31549388,0 -51.94426023,-23.31549391,0</coordinates></LineString>
        <LineString><tessellate>1</tessellate><coordinates>-51.94426023,-23.31549391,0 -51.94425754,-23.31549393,0</coordinates></LineString>
        <LineString><tessellate>1</tessellate><coordinates>-51.94425754,-23.31549393,0 -51.94425319,-23.31549395,0 -51.94425669,-23.31549157,0</coordinates></LineString>
        <LineString><tessellate>1</tessellate><coordinates>-51.94425669,-23.31549157,0 -51.94425886,-23.31549010,0</coordinates></LineString>
        <LineString><tessellate>1</tessellate><coordinates>-51.94425886,-23.31549010,0 -51.94426236,-23.31548772,0 -51.94426104,-23.31549154,0</coordinates></LineString>
        <LineString><tessellate>1</tessellate><coordinates>-51.94426104,-23.31549154,0 -51.94426023,-23.31549391,0</coordinates></LineString>
        <LineString><tessellate>1</tessellate><coordinates>-51.94426023,-23.31549391,0 -51.94425891,-23.31549774,0</coordinates></LineString>
      </MultiGeometry>
    </Placemark>
    <Placemark>
      <name>obstaculos veia 5</name>
      <Style><LineStyle><color>ff141edc</color><width>3</width></LineStyle></Style>
      <ExtendedData>
        <Data name="camada"><value>obstaculos veia</value></Data>
        <Data name="classificacao"><value>obstaculos veia - circulo</value></Data>
      </ExtendedData>
      <MultiGeometry>
        <LineString><tessellate>1</tessellate><coordinates>-51.94379172,-23.31502667,0 -51.94380046,-23.31501849,0 -51.94380932,-23.31502657,0 -51.94380058,-23.31503475,0 -51.94379172,-23.31502667,0</coordinates></LineString>
        <LineString><tessellate>1</tessellate><coordinates>-51.94380056,-23.31503215,0 -51.94379919,-23.31502833,0</coordinates></LineString>
        <LineString><tessellate>1</tessellate><coordinates>-51.94379919,-23.31502833,0 -51.94379834,-23.31502598,0</coordinates></LineString>
        <LineString><tessellate>1</tessellate><coordinates>-51.94379834,-23.31502598,0 -51.94379697,-23.31502217,0 -51.94380050,-23.31502451,0</coordinates></LineString>
        <LineString><tessellate>1</tessellate><coordinates>-51.94380050,-23.31502451,0 -51.94380269,-23.31502595,0</coordinates></LineString>
        <LineString><tessellate>1</tessellate><coordinates>-51.94380269,-23.31502595,0 -51.94380622,-23.31502829,0 -51.94380187,-23.31502832,0</coordinates></LineString>
        <LineString><tessellate>1</tessellate><coordinates>-51.94380187,-23.31502832,0 -51.94379919,-23.31502833,0</coordinates></LineString>
        <LineString><tessellate>1</tessellate><coordinates>-51.94379919,-23.31502833,0 -51.94379484,-23.31502836,0 -51.94379834,-23.31502598,0</coordinates></LineString>
        <LineString><tessellate>1</tessellate><coordinates>-51.94379834,-23.31502598,0 -51.94380050,-23.31502451,0</coordinates></LineString>
        <LineString><tessellate>1</tessellate><coordinates>-51.94380050,-23.31502451,0 -51.94380400,-23.31502213,0 -51.94380269,-23.31502595,0</coordinates></LineString>
        <LineString><tessellate>1</tessellate><coordinates>-51.94380269,-23.31502595,0 -51.94380187,-23.31502832,0</coordinates></LineString>
        <LineString><tessellate>1</tessellate><coordinates>-51.94380187,-23.31502832,0 -51.94380056,-23.31503215,0</coordinates></LineString>
      </MultiGeometry>
    </Placemark>
    <Placemark>
      <name>obstaculos veia 6</name>
      <Style><LineStyle><color>ff141edc</color><width>3</width></LineStyle></Style>
      <ExtendedData>
        <Data name="camada"><value>obstaculos veia</value></Data>
        <Data name="classificacao"><value>obstaculos veia - circulo</value></Data>
      </ExtendedData>
      <MultiGeometry>
        <LineString><tessellate>1</tessellate><coordinates>-51.94332602,-23.31455573,0 -51.94333476,-23.31454755,0 -51.94334362,-23.31455563,0 -51.94333488,-23.31456381,0 -51.94332602,-23.31455573,0</coordinates></LineString>
        <LineString><tessellate>1</tessellate><coordinates>-51.94333486,-23.31456121,0 -51.94333349,-23.31455740,0</coordinates></LineString>
        <LineString><tessellate>1</tessellate><coordinates>-51.94333349,-23.31455740,0 -51.94333264,-23.31455504,0</coordinates></LineString>
        <LineString><tessellate>1</tessellate><coordinates>-51.94333264,-23.31455504,0 -51.94333127,-23.31455123,0 -51.94333481,-23.31455357,0</coordinates></LineString>
        <LineString><tessellate>1</tessellate><coordinates>-51.94333481,-23.31455357,0 -51.94333699,-23.31455502,0</coordinates></LineString>
        <LineString><tessellate>1</tessellate><coordinates>-51.94333699,-23.31455502,0 -51.94334053,-23.31455736,0 -51.94333618,-23.31455738,0</coordinates></LineString>
        <LineString><tessellate>1</tessellate><coordinates>-51.94333618,-23.31455738,0 -51.94333349,-23.31455740,0</coordinates></LineString>
        <LineString><tessellate>1</tessellate><coordinates>-51.94333349,-23.31455740,0 -51.94332914,-23.31455742,0 -51.94333264,-23.31455504,0</coordinates></LineString>
        <LineString><tessellate>1</tessellate><coordinates>-51.94333264,-23.31455504,0 -51.94333481,-23.31455357,0</coordinates></LineString>
        <LineString><tessellate>1</tessellate><coordinates>-51.94333481,-23.31455357,0 -51.94333831,-23.31455119,0 -51.94333699,-23.31455502,0</coordinates></LineString>
        <LineString><tessellate>1</tessellate><coordinates>-51.94333699,-23.31455502,0 -51.94333618,-23.31455738,0</coordinates></LineString>
        <LineString><tessellate>1</tessellate><coordinates>-51.94333618,-23.31455738,0 -51.94333486,-23.31456121,0</coordinates></LineString>
      </MultiGeometry>
    </Placemark>
    <Placemark>
      <name>obstaculos veia 7</name>
      <Style><LineStyle><color>ff141edc</color><width>3</width></LineStyle></Style>
      <ExtendedData>
        <Data name="camada"><value>obstaculos veia</value></Data>
        <Data name="classificacao"><value>obstaculos veia - circulo</value></Data>
      </ExtendedData>
      <MultiGeometry>
        <LineString><tessellate>1</tessellate><coordinates>-51.94286284,-23.31408874,0 -51.94287158,-23.31408056,0 -51.94288044,-23.31408863,0 -51.94287170,-23.31409681,0 -51.94286284,-23.31408874,0</coordinates></LineString>
        <LineString><tessellate>1</tessellate><coordinates>-51.94287168,-23.31409421,0 -51.94287031,-23.31409040,0</coordinates></LineString>
        <LineString><tessellate>1</tessellate><coordinates>-51.94287031,-23.31409040,0 -51.94286946,-23.31408805,0</coordinates></LineString>
        <LineString><tessellate>1</tessellate><coordinates>-51.94286946,-23.31408805,0 -51.94286809,-23.31408424,0 -51.94287162,-23.31408657,0</coordinates></LineString>
        <LineString><tessellate>1</tessellate><coordinates>-51.94287162,-23.31408657,0 -51.94287381,-23.31408802,0</coordinates></LineString>
        <LineString><tessellate>1</tessellate><coordinates>-51.94287381,-23.31408802,0 -51.94287734,-23.31409036,0 -51.94287299,-23.31409039,0</coordinates></LineString>
        <LineString><tessellate>1</tessellate><coordinates>-51.94287299,-23.31409039,0 -51.94287031,-23.31409040,0</coordinates></LineString>
        <LineString><tessellate>1</tessellate><coordinates>-51.94287031,-23.31409040,0 -51.94286596,-23.31409043,0 -51.94286946,-23.31408805,0</coordinates></LineString>
        <LineString><tessellate>1</tessellate><coordinates>-51.94286946,-23.31408805,0 -51.94287162,-23.31408657,0</coordinates></LineString>
        <LineString><tessellate>1</tessellate><coordinates>-51.94287162,-23.31408657,0 -51.94287512,-23.31408419,0 -51.94287381,-23.31408802,0</coordinates></LineString>
        <LineString><tessellate>1</tessellate><coordinates>-51.94287381,-23.31408802,0 -51.94287299,-23.31409039,0</coordinates></LineString>
        <LineString><tessellate>1</tessellate><coordinates>-51.94287299,-23.31409039,0 -51.94287168,-23.31409421,0</coordinates></LineString>
      </MultiGeometry>
    </Placemark>
    <Placemark>
      <name>obstaculos veia 8</name>
      <Style><LineStyle><color>ff141edc</color><width>3</width></LineStyle></Style>
      <ExtendedData>
        <Data name="camada"><value>obstaculos veia</value></Data>
        <Data name="classificacao"><value>obstaculos veia - circulo</value></Data>
      </ExtendedData>
      <MultiGeometry>
        <LineString><tessellate>1</tessellate><coordinates>-51.94240348,-23.31362948,0 -51.94241223,-23.31362130,0 -51.94242108,-23.31362938,0 -51.94241234,-23.31363756,0 -51.94240348,-23.31362948,0</coordinates></LineString>
        <LineString><tessellate>1</tessellate><coordinates>-51.94241232,-23.31363496,0 -51.94241095,-23.31363115,0</coordinates></LineString>
        <LineString><tessellate>1</tessellate><coordinates>-51.94241095,-23.31363115,0 -51.94241010,-23.31362879,0</coordinates></LineString>
        <LineString><tessellate>1</tessellate><coordinates>-51.94241010,-23.31362879,0 -51.94240873,-23.31362498,0 -51.94241227,-23.31362732,0</coordinates></LineString>
        <LineString><tessellate>1</tessellate><coordinates>-51.94241227,-23.31362732,0 -51.94241445,-23.31362877,0</coordinates></LineString>
        <LineString><tessellate>1</tessellate><coordinates>-51.94241445,-23.31362877,0 -51.94241799,-23.31363110,0 -51.94241364,-23.31363113,0</coordinates></LineString>
        <LineString><tessellate>1</tessellate><coordinates>-51.94241364,-23.31363113,0 -51.94241095,-23.31363115,0</coordinates></LineString>
        <LineString><tessellate>1</tessellate><coordinates>-51.94241095,-23.31363115,0 -51.94240660,-23.31363117,0 -51.94241010,-23.31362879,0</coordinates></LineString>
        <LineString><tessellate>1</tessellate><coordinates>-51.94241010,-23.31362879,0 -51.94241227,-23.31362732,0</coordinates></LineString>
        <LineString><tessellate>1</tessellate><coordinates>-51.94241227,-23.31362732,0 -51.94241577,-23.31362494,0 -51.94241445,-23.31362877,0</coordinates></LineString>
        <LineString><tessellate>1</tessellate><coordinates>-51.94241445,-23.31362877,0 -51.94241364,-23.31363113,0</coordinates></LineString>
        <LineString><tessellate>1</tessellate><coordinates>-51.94241364,-23.31363113,0 -51.94241232,-23.31363496,0</coordinates></LineString>
      </MultiGeometry>
    </Placemark>
    <Placemark>
      <name>obstaculos veia 9</name>
      <Style><LineStyle><color>ff141edc</color><width>3</width></LineStyle></Style>
      <ExtendedData>
        <Data name="camada"><value>obstaculos veia</value></Data>
        <Data name="classificacao"><value>obstaculos veia - circulo</value></Data>
      </ExtendedData>
      <MultiGeometry>
        <LineString><tessellate>1</tessellate><coordinates>-51.94193846,-23.31316344,0 -51.94194720,-23.31315526,0 -51.94195606,-23.31316333,0 -51.94194731,-23.31317152,0 -51.94193846,-23.31316344,0</coordinates></LineString>
        <LineString><tessellate>1</tessellate><coordinates>-51.94194730,-23.31316892,0 -51.94194592,-23.31316510,0</coordinates></LineString>
        <LineString><tessellate>1</tessellate><coordinates>-51.94194592,-23.31316510,0 -51.94194508,-23.31316275,0</coordinates></LineString>
        <LineString><tessellate>1</tessellate><coordinates>-51.94194508,-23.31316275,0 -51.94194371,-23.31315894,0 -51.94194724,-23.31316128,0</coordinates></LineString>
        <LineString><tessellate>1</tessellate><coordinates>-51.94194724,-23.31316128,0 -51.94194943,-23.31316272,0</coordinates></LineString>
        <LineString><tessellate>1</tessellate><coordinates>-51.94194943,-23.31316272,0 -51.94195296,-23.31316506,0 -51.94194861,-23.31316509,0</coordinates></LineString>
        <LineString><tessellate>1</tessellate><coordinates>-51.94194861,-23.31316509,0 -51.94194592,-23.31316510,0</coordinates></LineString>
        <LineString><tessellate>1</tessellate><coordinates>-51.94194592,-23.31316510,0 -51.94194158,-23.31316513,0 -51.94194508,-23.31316275,0</coordinates></LineString>
        <LineString><tessellate>1</tessellate><coordinates>-51.94194508,-23.31316275,0 -51.94194724,-23.31316128,0</coordinates></LineString>
        <LineString><tessellate>1</tessellate><coordinates>-51.94194724,-23.31316128,0 -51.94195074,-23.31315889,0 -51.94194943,-23.31316272,0</coordinates></LineString>
        <LineString><tessellate>1</tessellate><coordinates>-51.94194943,-23.31316272,0 -51.94194861,-23.31316509,0</coordinates></LineString>
        <LineString><tessellate>1</tessellate><coordinates>-51.94194861,-23.31316509,0 -51.94194730,-23.31316892,0</coordinates></LineString>
      </MultiGeometry>
    </Placemark>
    <Placemark>
      <name>obstaculos veia 10</name>
      <Style><LineStyle><color>ff141edc</color><width>3</width></LineStyle></Style>
      <ExtendedData>
        <Data name="camada"><value>obstaculos veia</value></Data>
        <Data name="classificacao"><value>obstaculos veia - circulo</value></Data>
      </ExtendedData>
      <LineString><tessellate>1</tessellate><coordinates>-51.95011432,-23.30612875,0 -51.95010875,-23.30613294,0</coordinates></LineString>
    </Placemark>
    <Placemark>
      <name>obstaculos veia 11</name>
      <Style><LineStyle><color>ff141edc</color><width>3</width></LineStyle></Style>
      <ExtendedData>
        <Data name="camada"><value>obstaculos veia</value></Data>
        <Data name="classificacao"><value>obstaculos veia - circulo</value></Data>
      </ExtendedData>
      <MultiGeometry>
        <LineString><tessellate>1</tessellate><coordinates>-51.95012103,-23.30662894,0 -51.95012978,-23.30662076,0 -51.95013863,-23.30662883,0 -51.95012989,-23.30663702,0 -51.95012103,-23.30662894,0</coordinates></LineString>
        <LineString><tessellate>1</tessellate><coordinates>-51.95012987,-23.30663441,0 -51.95012850,-23.30663060,0</coordinates></LineString>
        <LineString><tessellate>1</tessellate><coordinates>-51.95012850,-23.30663060,0 -51.95012765,-23.30662825,0</coordinates></LineString>
        <LineString><tessellate>1</tessellate><coordinates>-51.95012765,-23.30662825,0 -51.95012628,-23.30662444,0 -51.95012982,-23.30662678,0</coordinates></LineString>
        <LineString><tessellate>1</tessellate><coordinates>-51.95012982,-23.30662678,0 -51.95013200,-23.30662822,0</coordinates></LineString>
        <LineString><tessellate>1</tessellate><coordinates>-51.95013200,-23.30662822,0 -51.95013554,-23.30663056,0 -51.95013119,-23.30663059,0</coordinates></LineString>
        <LineString><tessellate>1</tessellate><coordinates>-51.95013119,-23.30663059,0 -51.95012850,-23.30663060,0</coordinates></LineString>
        <LineString><tessellate>1</tessellate><coordinates>-51.95012850,-23.30663060,0 -51.95012415,-23.30663063,0 -51.95012765,-23.30662825,0</coordinates></LineString>
        <LineString><tessellate>1</tessellate><coordinates>-51.95012765,-23.30662825,0 -51.95012982,-23.30662678,0</coordinates></LineString>
        <LineString><tessellate>1</tessellate><coordinates>-51.95012982,-23.30662678,0 -51.95013332,-23.30662439,0 -51.95013200,-23.30662822,0</coordinates></LineString>
        <LineString><tessellate>1</tessellate><coordinates>-51.95013200,-23.30662822,0 -51.95013119,-23.30663059,0</coordinates></LineString>
        <LineString><tessellate>1</tessellate><coordinates>-51.95013119,-23.30663059,0 -51.95012987,-23.30663441,0</coordinates></LineString>
      </MultiGeometry>
    </Placemark>
    <Placemark>
      <name>obstaculos veia 12</name>
      <Style><LineStyle><color>ff141edc</color><width>3</width></LineStyle></Style>
      <ExtendedData>
        <Data name="camada"><value>obstaculos veia</value></Data>
        <Data name="classificacao"><value>obstaculos veia - circulo</value></Data>
      </ExtendedData>
      <MultiGeometry>
        <LineString><tessellate>1</tessellate><coordinates>-51.95006789,-23.30770625,0 -51.95007664,-23.30769807,0 -51.95008550,-23.30770615,0 -51.95007675,-23.30771433,0 -51.95006789,-23.30770625,0</coordinates></LineString>
        <LineString><tessellate>1</tessellate><coordinates>-51.95007673,-23.30771173,0 -51.95007536,-23.30770792,0</coordinates></LineString>
        <LineString><tessellate>1</tessellate><coordinates>-51.95007536,-23.30770792,0 -51.95007452,-23.30770556,0</coordinates></LineString>
        <LineString><tessellate>1</tessellate><coordinates>-51.95007452,-23.30770556,0 -51.95007314,-23.30770175,0 -51.95007668,-23.30770409,0</coordinates></LineString>
        <LineString><tessellate>1</tessellate><coordinates>-51.95007668,-23.30770409,0 -51.95007886,-23.30770554,0</coordinates></LineString>
        <LineString><tessellate>1</tessellate><coordinates>-51.95007886,-23.30770554,0 -51.95008240,-23.30770788,0 -51.95007805,-23.30770790,0</coordinates></LineString>
        <LineString><tessellate>1</tessellate><coordinates>-51.95007805,-23.30770790,0 -51.95007536,-23.30770792,0</coordinates></LineString>
        <LineString><tessellate>1</tessellate><coordinates>-51.95007536,-23.30770792,0 -51.95007101,-23.30770794,0 -51.95007452,-23.30770556,0</coordinates></LineString>
        <LineString><tessellate>1</tessellate><coordinates>-51.95007452,-23.30770556,0 -51.95007668,-23.30770409,0</coordinates></LineString>
        <LineString><tessellate>1</tessellate><coordinates>-51.95007668,-23.30770409,0 -51.95008018,-23.30770171,0 -51.95007886,-23.30770554,0</coordinates></LineString>
        <LineString><tessellate>1</tessellate><coordinates>-51.95007886,-23.30770554,0 -51.95007805,-23.30770790,0</coordinates></LineString>
        <LineString><tessellate>1</tessellate><coordinates>-51.95007805,-23.30770790,0 -51.95007673,-23.30771173,0</coordinates></LineString>
      </MultiGeometry>
    </Placemark>
    <Placemark>
      <name>obstaculos veia 13</name>
      <Style><LineStyle><color>ff141edc</color><width>3</width></LineStyle></Style>
      <ExtendedData>
        <Data name="camada"><value>obstaculos veia</value></Data>
        <Data name="classificacao"><value>obstaculos veia - circulo</value></Data>
      </ExtendedData>
      <MultiGeometry>
        <LineString><tessellate>1</tessellate><coordinates>-51.95001170,-23.30883578,0 -51.95002044,-23.30882760,0 -51.95002930,-23.30883567,0 -51.95002056,-23.30884385,0 -51.95001170,-23.30883578,0</coordinates></LineString>
        <LineString><tessellate>1</tessellate><coordinates>-51.95002054,-23.30884125,0 -51.95001917,-23.30883744,0</coordinates></LineString>
        <LineString><tessellate>1</tessellate><coordinates>-51.95001917,-23.30883744,0 -51.95001832,-23.30883508,0</coordinates></LineString>
        <LineString><tessellate>1</tessellate><coordinates>-51.95001832,-23.30883508,0 -51.95001695,-23.30883127,0 -51.95002048,-23.30883361,0</coordinates></LineString>
        <LineString><tessellate>1</tessellate><coordinates>-51.95002048,-23.30883361,0 -51.95002267,-23.30883506,0</coordinates></LineString>
        <LineString><tessellate>1</tessellate><coordinates>-51.95002267,-23.30883506,0 -51.95002620,-23.30883740,0 -51.95002185,-23.30883742,0</coordinates></LineString>
        <LineString><tessellate>1</tessellate><coordinates>-51.95002185,-23.30883742,0 -51.95001917,-23.30883744,0</coordinates></LineString>
        <LineString><tessellate>1</tessellate><coordinates>-51.95001917,-23.30883744,0 -51.95001482,-23.30883747,0 -51.95001832,-23.30883508,0</coordinates></LineString>
        <LineString><tessellate>1</tessellate><coordinates>-51.95001832,-23.30883508,0 -51.95002048,-23.30883361,0</coordinates></LineString>
        <LineString><tessellate>1</tessellate><coordinates>-51.95002048,-23.30883361,0 -51.95002398,-23.30883123,0 -51.95002267,-23.30883506,0</coordinates></LineString>
        <LineString><tessellate>1</tessellate><coordinates>-51.95002267,-23.30883506,0 -51.95002185,-23.30883742,0</coordinates></LineString>
        <LineString><tessellate>1</tessellate><coordinates>-51.95002185,-23.30883742,0 -51.95002054,-23.30884125,0</coordinates></LineString>
      </MultiGeometry>
    </Placemark>
    <Placemark>
      <name>obstaculos veia 14</name>
      <Style><LineStyle><color>ff141edc</color><width>3</width></LineStyle></Style>
      <ExtendedData>
        <Data name="camada"><value>obstaculos veia</value></Data>
        <Data name="classificacao"><value>obstaculos veia - circulo</value></Data>
      </ExtendedData>
      <MultiGeometry>
        <LineString><tessellate>1</tessellate><coordinates>-51.94995368,-23.30991343,0 -51.94996242,-23.30990524,0 -51.94997128,-23.30991332,0 -51.94996254,-23.30992150,0 -51.94995368,-23.30991343,0</coordinates></LineString>
        <LineString><tessellate>1</tessellate><coordinates>-51.94996252,-23.30991890,0 -51.94996115,-23.30991509,0</coordinates></LineString>
        <LineString><tessellate>1</tessellate><coordinates>-51.94996115,-23.30991509,0 -51.94996030,-23.30991273,0</coordinates></LineString>
        <LineString><tessellate>1</tessellate><coordinates>-51.94996030,-23.30991273,0 -51.94995893,-23.30990892,0 -51.94996247,-23.30991126,0</coordinates></LineString>
        <LineString><tessellate>1</tessellate><coordinates>-51.94996247,-23.30991126,0 -51.94996465,-23.30991271,0</coordinates></LineString>
        <LineString><tessellate>1</tessellate><coordinates>-51.94996465,-23.30991271,0 -51.94996819,-23.30991505,0 -51.94996384,-23.30991507,0</coordinates></LineString>
        <LineString><tessellate>1</tessellate><coordinates>-51.94996384,-23.30991507,0 -51.94996115,-23.30991509,0</coordinates></LineString>
        <LineString><tessellate>1</tessellate><coordinates>-51.94996115,-23.30991509,0 -51.94995680,-23.30991511,0 -51.94996030,-23.30991273,0</coordinates></LineString>
        <LineString><tessellate>1</tessellate><coordinates>-51.94996030,-23.30991273,0 -51.94996247,-23.30991126,0</coordinates></LineString>
        <LineString><tessellate>1</tessellate><coordinates>-51.94996247,-23.30991126,0 -51.94996597,-23.30990888,0 -51.94996465,-23.30991271,0</coordinates></LineString>
        <LineString><tessellate>1</tessellate><coordinates>-51.94996465,-23.30991271,0 -51.94996384,-23.30991507,0</coordinates></LineString>
        <LineString><tessellate>1</tessellate><coordinates>-51.94996384,-23.30991507,0 -51.94996252,-23.30991890,0</coordinates></LineString>
      </MultiGeometry>
    </Placemark>
    <Placemark>
      <name>obstaculos veia 15</name>
      <Style><LineStyle><color>ff141edc</color><width>3</width></LineStyle></Style>
      <ExtendedData>
        <Data name="camada"><value>obstaculos veia</value></Data>
        <Data name="classificacao"><value>obstaculos veia - circulo</value></Data>
      </ExtendedData>
      <MultiGeometry>
        <LineString><tessellate>1</tessellate><coordinates>-51.95025097,-23.31177573,0 -51.95025971,-23.31176755,0 -51.95026857,-23.31177562,0 -51.95025983,-23.31178381,0 -51.95025097,-23.31177573,0</coordinates></LineString>
        <LineString><tessellate>1</tessellate><coordinates>-51.95025981,-23.31178120,0 -51.95025844,-23.31177739,0</coordinates></LineString>
        <LineString><tessellate>1</tessellate><coordinates>-51.95025844,-23.31177739,0 -51.95025759,-23.31177504,0</coordinates></LineString>
        <LineString><tessellate>1</tessellate><coordinates>-51.95025759,-23.31177504,0 -51.95025622,-23.31177123,0 -51.95025975,-23.31177357,0</coordinates></LineString>
        <LineString><tessellate>1</tessellate><coordinates>-51.95025975,-23.31177357,0 -51.95026194,-23.31177501,0</coordinates></LineString>
        <LineString><tessellate>1</tessellate><coordinates>-51.95026194,-23.31177501,0 -51.95026547,-23.31177735,0 -51.95026113,-23.31177738,0</coordinates></LineString>
        <LineString><tessellate>1</tessellate><coordinates>-51.95026113,-23.31177738,0 -51.95025844,-23.31177739,0</coordinates></LineString>
        <LineString><tessellate>1</tessellate><coordinates>-51.95025844,-23.31177739,0 -51.95025409,-23.31177742,0 -51.95025759,-23.31177504,0</coordinates></LineString>
        <LineString><tessellate>1</tessellate><coordinates>-51.95025759,-23.31177504,0 -51.95025975,-23.31177357,0</coordinates></LineString>
        <LineString><tessellate>1</tessellate><coordinates>-51.95025975,-23.31177357,0 -51.95026326,-23.31177118,0 -51.95026194,-23.31177501,0</coordinates></LineString>
        <LineString><tessellate>1</tessellate><coordinates>-51.95026194,-23.31177501,0 -51.95026113,-23.31177738,0</coordinates></LineString>
        <LineString><tessellate>1</tessellate><coordinates>-51.95026113,-23.31177738,0 -51.95025981,-23.31178120,0</coordinates></LineString>
      </MultiGeometry>
    </Placemark>
    <Placemark>
      <name>obstaculos veia 16</name>
      <Style><LineStyle><color>ff141edc</color><width>3</width></LineStyle></Style>
      <ExtendedData>
        <Data name="camada"><value>obstaculos veia</value></Data>
        <Data name="classificacao"><value>obstaculos veia - circulo</value></Data>
      </ExtendedData>
      <MultiGeometry>
        <LineString><tessellate>1</tessellate><coordinates>-51.95059696,-23.31282687,0 -51.95060571,-23.31281869,0 -51.95061457,-23.31282677,0 -51.95060582,-23.31283495,0 -51.95059696,-23.31282687,0</coordinates></LineString>
        <LineString><tessellate>1</tessellate><coordinates>-51.95060580,-23.31283235,0 -51.95060443,-23.31282854,0</coordinates></LineString>
        <LineString><tessellate>1</tessellate><coordinates>-51.95060443,-23.31282854,0 -51.95060359,-23.31282618,0</coordinates></LineString>
        <LineString><tessellate>1</tessellate><coordinates>-51.95060359,-23.31282618,0 -51.95060221,-23.31282237,0 -51.95060575,-23.31282471,0</coordinates></LineString>
        <LineString><tessellate>1</tessellate><coordinates>-51.95060575,-23.31282471,0 -51.95060793,-23.31282615,0</coordinates></LineString>
        <LineString><tessellate>1</tessellate><coordinates>-51.95060793,-23.31282615,0 -51.95061147,-23.31282849,0 -51.95060712,-23.31282852,0</coordinates></LineString>
        <LineString><tessellate>1</tessellate><coordinates>-51.95060712,-23.31282852,0 -51.95060443,-23.31282854,0</coordinates></LineString>
        <LineString><tessellate>1</tessellate><coordinates>-51.95060443,-23.31282854,0 -51.95060008,-23.31282856,0 -51.95060359,-23.31282618,0</coordinates></LineString>
        <LineString><tessellate>1</tessellate><coordinates>-51.95060359,-23.31282618,0 -51.95060575,-23.31282471,0</coordinates></LineString>
        <LineString><tessellate>1</tessellate><coordinates>-51.95060575,-23.31282471,0 -51.95060925,-23.31282233,0 -51.95060793,-23.31282615,0</coordinates></LineString>
        <LineString><tessellate>1</tessellate><coordinates>-51.95060793,-23.31282615,0 -51.95060712,-23.31282852,0</coordinates></LineString>
        <LineString><tessellate>1</tessellate><coordinates>-51.95060712,-23.31282852,0 -51.95060580,-23.31283235,0</coordinates></LineString>
      </MultiGeometry>
    </Placemark>
    <Placemark>
      <name>obstaculos veia 17</name>
      <Style><LineStyle><color>ff141edc</color><width>3</width></LineStyle></Style>
      <ExtendedData>
        <Data name="camada"><value>obstaculos veia</value></Data>
        <Data name="classificacao"><value>obstaculos veia - circulo</value></Data>
      </ExtendedData>
      <MultiGeometry>
        <LineString><tessellate>1</tessellate><coordinates>-51.95093429,-23.31385401,0 -51.95094303,-23.31384583,0 -51.95095189,-23.31385391,0 -51.95094315,-23.31386209,0 -51.95093429,-23.31385401,0</coordinates></LineString>
        <LineString><tessellate>1</tessellate><coordinates>-51.95094313,-23.31385949,0 -51.95094176,-23.31385568,0</coordinates></LineString>
        <LineString><tessellate>1</tessellate><coordinates>-51.95094176,-23.31385568,0 -51.95094091,-23.31385332,0</coordinates></LineString>
        <LineString><tessellate>1</tessellate><coordinates>-51.95094091,-23.31385332,0 -51.95093954,-23.31384951,0 -51.95094307,-23.31385185,0</coordinates></LineString>
        <LineString><tessellate>1</tessellate><coordinates>-51.95094307,-23.31385185,0 -51.95094526,-23.31385329,0</coordinates></LineString>
        <LineString><tessellate>1</tessellate><coordinates>-51.95094526,-23.31385329,0 -51.95094879,-23.31385563,0 -51.95094444,-23.31385566,0</coordinates></LineString>
        <LineString><tessellate>1</tessellate><coordinates>-51.95094444,-23.31385566,0 -51.95094176,-23.31385568,0</coordinates></LineString>
        <LineString><tessellate>1</tessellate><coordinates>-51.95094176,-23.31385568,0 -51.95093741,-23.31385570,0 -51.95094091,-23.31385332,0</coordinates></LineString>
        <LineString><tessellate>1</tessellate><coordinates>-51.95094091,-23.31385332,0 -51.95094307,-23.31385185,0</coordinates></LineString>
        <LineString><tessellate>1</tessellate><coordinates>-51.95094307,-23.31385185,0 -51.95094657,-23.31384947,0 -51.95094526,-23.31385329,0</coordinates></LineString>
        <LineString><tessellate>1</tessellate><coordinates>-51.95094526,-23.31385329,0 -51.95094444,-23.31385566,0</coordinates></LineString>
        <LineString><tessellate>1</tessellate><coordinates>-51.95094444,-23.31385566,0 -51.95094313,-23.31385949,0</coordinates></LineString>
      </MultiGeometry>
    </Placemark>
    <Placemark>
      <name>obstaculos veia 18</name>
      <Style><LineStyle><color>ff141edc</color><width>3</width></LineStyle></Style>
      <ExtendedData>
        <Data name="camada"><value>obstaculos veia</value></Data>
        <Data name="classificacao"><value>obstaculos veia - circulo</value></Data>
      </ExtendedData>
      <MultiGeometry>
        <LineString><tessellate>1</tessellate><coordinates>-51.94991304,-23.31074609,0 -51.94992179,-23.31073791,0 -51.94993065,-23.31074599,0 -51.94992190,-23.31075417,0 -51.94991304,-23.31074609,0</coordinates></LineString>
        <LineString><tessellate>1</tessellate><coordinates>-51.94992188,-23.31075157,0 -51.94992051,-23.31074776,0</coordinates></LineString>
        <LineString><tessellate>1</tessellate><coordinates>-51.94992051,-23.31074776,0 -51.94991967,-23.31074540,0</coordinates></LineString>
        <LineString><tessellate>1</tessellate><coordinates>-51.94991967,-23.31074540,0 -51.94991830,-23.31074159,0 -51.94992183,-23.31074393,0</coordinates></LineString>
        <LineString><tessellate>1</tessellate><coordinates>-51.94992183,-23.31074393,0 -51.94992401,-23.31074538,0</coordinates></LineString>
        <LineString><tessellate>1</tessellate><coordinates>-51.94992401,-23.31074538,0 -51.94992755,-23.31074772,0 -51.94992320,-23.31074774,0</coordinates></LineString>
        <LineString><tessellate>1</tessellate><coordinates>-51.94992320,-23.31074774,0 -51.94992051,-23.31074776,0</coordinates></LineString>
        <LineString><tessellate>1</tessellate><coordinates>-51.94992051,-23.31074776,0 -51.94991617,-23.31074778,0 -51.94991967,-23.31074540,0</coordinates></LineString>
        <LineString><tessellate>1</tessellate><coordinates>-51.94991967,-23.31074540,0 -51.94992183,-23.31074393,0</coordinates></LineString>
        <LineString><tessellate>1</tessellate><coordinates>-51.94992183,-23.31074393,0 -51.94992533,-23.31074155,0 -51.94992401,-23.31074538,0</coordinates></LineString>
        <LineString><tessellate>1</tessellate><coordinates>-51.94992401,-23.31074538,0 -51.94992320,-23.31074774,0</coordinates></LineString>
        <LineString><tessellate>1</tessellate><coordinates>-51.94992320,-23.31074774,0 -51.94992188,-23.31075157,0</coordinates></LineString>
      </MultiGeometry>
    </Placemark>
    <Placemark>
      <name>obstaculos veia 20</name>
      <Style><LineStyle><color>ff141edc</color><width>3</width></LineStyle></Style>
      <ExtendedData>
        <Data name="camada"><value>obstaculos veia</value></Data>
        <Data name="classificacao"><value>obstaculos veia - poligono</value></Data>
      </ExtendedData>
      <LineString><tessellate>1</tessellate><coordinates>-51.94983556,-23.31076180,0 -51.94985868,-23.31079117,0 -51.94991272,-23.31084544,0 -51.94993200,-23.31081188,0 -51.94993065,-23.31073937,0 -51.94990018,-23.31067184,0 -51.94983556,-23.31076180,0</coordinates></LineString>
    </Placemark>
    <Placemark>
      <name>obstaculos veia 21</name>
      <Style><LineStyle><color>ff141edc</color><width>3</width></LineStyle></Style>
      <ExtendedData>
        <Data name="camada"><value>obstaculos veia</value></Data>
        <Data name="classificacao"><value>obstaculos veia - poligono</value></Data>
      </ExtendedData>
      <LineString><tessellate>1</tessellate><coordinates>-51.95067669,-23.31364931,0 -51.95068155,-23.31383627,0 -51.95072383,-23.31398662,0 -51.95075694,-23.31405630,0 -51.95083143,-23.31414633,0 -51.95085653,-23.31411831,0 -51.95084816,-23.31408278,0 -51.95072786,-23.31374337,0 -51.95067669,-23.31364931,0</coordinates></LineString>
    </Placemark>
    <Placemark>
      <name>obstaculos veia 22</name>
      <Style><LineStyle><color>ff141edc</color><width>3</width></LineStyle></Style>
      <ExtendedData>
        <Data name="camada"><value>obstaculos veia</value></Data>
        <Data name="classificacao"><value>obstaculos veia - poligono</value></Data>
      </ExtendedData>
      <LineString><tessellate>1</tessellate><coordinates>-51.95123163,-23.31484140,0 -51.95124312,-23.31487775,0 -51.95126936,-23.31490561,0 -51.95128950,-23.31487453,0 -51.95126368,-23.31484545,0 -51.95123163,-23.31484140,0</coordinates></LineString>
    </Placemark>
    <Placemark>
      <name>Obstacles for field VEIA</name>
      <Style><IconStyle><color>ff2626dc</color><scale>1.1</scale><Icon><href>http://maps.google.com/mapfiles/kml/paddle/red-circle.png</href></Icon></IconStyle></Style>
      <ExtendedData>
        <Data name="camada"><value>Documentos_-_Pontos_-_Obstacles_for_field_VEIA</value></Data>
        <Data name="classificacao"><value>Documentos_-_Pontos_-_Obstacles_for_field_VEIA</value></Data>
      </ExtendedData>
      <Point><coordinates>-51.95011217,-23.30613088,0</coordinates></Point>
    </Placemark>
    <Placemark>
      <name>Obstacles for field VEIA</name>
      <Style><IconStyle><color>ff2626dc</color><scale>1.1</scale><Icon><href>http://maps.google.com/mapfiles/kml/paddle/red-circle.png</href></Icon></IconStyle></Style>
      <ExtendedData>
        <Data name="camada"><value>Documentos_-_Pontos_-_Obstacles_for_field_VEIA</value></Data>
        <Data name="classificacao"><value>Documentos_-_Pontos_-_Obstacles_for_field_VEIA</value></Data>
      </ExtendedData>
      <Point><coordinates>-51.95096595,-23.31571603,0</coordinates></Point>
    </Placemark>
    <Placemark>
      <name>Obstacles for field VEIA</name>
      <Style><IconStyle><color>ff2626dc</color><scale>1.1</scale><Icon><href>http://maps.google.com/mapfiles/kml/paddle/red-circle.png</href></Icon></IconStyle></Style>
      <ExtendedData>
        <Data name="camada"><value>Documentos_-_Pontos_-_Obstacles_for_field_VEIA</value></Data>
        <Data name="classificacao"><value>Documentos_-_Pontos_-_Obstacles_for_field_VEIA</value></Data>
      </ExtendedData>
      <Point><coordinates>-51.95031359,-23.31625724,0</coordinates></Point>
    </Placemark>
    <Placemark>
      <name>Obstacles for field VEIA</name>
      <Style><IconStyle><color>ff2626dc</color><scale>1.1</scale><Icon><href>http://maps.google.com/mapfiles/kml/paddle/red-circle.png</href></Icon></IconStyle></Style>
      <ExtendedData>
        <Data name="camada"><value>Documentos_-_Pontos_-_Obstacles_for_field_VEIA</value></Data>
        <Data name="classificacao"><value>Documentos_-_Pontos_-_Obstacles_for_field_VEIA</value></Data>
      </ExtendedData>
      <Point><coordinates>-51.94963805,-23.31681416,0</coordinates></Point>
    </Placemark>
    <Placemark>
      <name>Obstacles for field VEIA</name>
      <Style><IconStyle><color>ff2626dc</color><scale>1.1</scale><Icon><href>http://maps.google.com/mapfiles/kml/paddle/red-circle.png</href></Icon></IconStyle></Style>
      <ExtendedData>
        <Data name="camada"><value>Documentos_-_Pontos_-_Obstacles_for_field_VEIA</value></Data>
        <Data name="classificacao"><value>Documentos_-_Pontos_-_Obstacles_for_field_VEIA</value></Data>
      </ExtendedData>
      <Point><coordinates>-51.94740250,-23.31865859,0</coordinates></Point>
    </Placemark>
    <Placemark>
      <name>Obstacles for field VEIA</name>
      <Style><IconStyle><color>ff2626dc</color><scale>1.1</scale><Icon><href>http://maps.google.com/mapfiles/kml/paddle/red-circle.png</href></Icon></IconStyle></Style>
      <ExtendedData>
        <Data name="camada"><value>Documentos_-_Pontos_-_Obstacles_for_field_VEIA</value></Data>
        <Data name="classificacao"><value>Documentos_-_Pontos_-_Obstacles_for_field_VEIA</value></Data>
      </ExtendedData>
      <Point><coordinates>-51.94543148,-23.31665794,0</coordinates></Point>
    </Placemark>
    <Placemark>
      <name>Obstacles for field VEIA</name>
      <Style><IconStyle><color>ff2626dc</color><scale>1.1</scale><Icon><href>http://maps.google.com/mapfiles/kml/paddle/red-circle.png</href></Icon></IconStyle></Style>
      <ExtendedData>
        <Data name="camada"><value>Documentos_-_Pontos_-_Obstacles_for_field_VEIA</value></Data>
        <Data name="classificacao"><value>Documentos_-_Pontos_-_Obstacles_for_field_VEIA</value></Data>
      </ExtendedData>
      <Point><coordinates>-51.94542202,-23.31667302,0</coordinates></Point>
    </Placemark>
    <Placemark>
      <name>Obstacles for field VEIA</name>
      <Style><IconStyle><color>ff2626dc</color><scale>1.1</scale><Icon><href>http://maps.google.com/mapfiles/kml/paddle/red-circle.png</href></Icon></IconStyle></Style>
      <ExtendedData>
        <Data name="camada"><value>Documentos_-_Pontos_-_Obstacles_for_field_VEIA</value></Data>
        <Data name="classificacao"><value>Documentos_-_Pontos_-_Obstacles_for_field_VEIA</value></Data>
      </ExtendedData>
      <Point><coordinates>-51.94504041,-23.31626746,0</coordinates></Point>
    </Placemark>
    <Placemark>
      <name>Obstacles for field VEIA</name>
      <Style><IconStyle><color>ff2626dc</color><scale>1.1</scale><Icon><href>http://maps.google.com/mapfiles/kml/paddle/red-circle.png</href></Icon></IconStyle></Style>
      <ExtendedData>
        <Data name="camada"><value>Documentos_-_Pontos_-_Obstacles_for_field_VEIA</value></Data>
        <Data name="classificacao"><value>Documentos_-_Pontos_-_Obstacles_for_field_VEIA</value></Data>
      </ExtendedData>
      <Point><coordinates>-51.94466031,-23.31588378,0</coordinates></Point>
    </Placemark>
    <Placemark>
      <name>Obstacles for field VEIA</name>
      <Style><IconStyle><color>ff2626dc</color><scale>1.1</scale><Icon><href>http://maps.google.com/mapfiles/kml/paddle/red-circle.png</href></Icon></IconStyle></Style>
      <ExtendedData>
        <Data name="camada"><value>Documentos_-_Pontos_-_Obstacles_for_field_VEIA</value></Data>
        <Data name="classificacao"><value>Documentos_-_Pontos_-_Obstacles_for_field_VEIA</value></Data>
      </ExtendedData>
      <Point><coordinates>-51.94426568,-23.31548618,0</coordinates></Point>
    </Placemark>
    <Placemark>
      <name>Obstacles for field VEIA</name>
      <Style><IconStyle><color>ff2626dc</color><scale>1.1</scale><Icon><href>http://maps.google.com/mapfiles/kml/paddle/red-circle.png</href></Icon></IconStyle></Style>
      <ExtendedData>
        <Data name="camada"><value>Documentos_-_Pontos_-_Obstacles_for_field_VEIA</value></Data>
        <Data name="classificacao"><value>Documentos_-_Pontos_-_Obstacles_for_field_VEIA</value></Data>
      </ExtendedData>
      <Point><coordinates>-51.94380659,-23.31502073,0</coordinates></Point>
    </Placemark>
    <Placemark>
      <name>Obstacles for field VEIA</name>
      <Style><IconStyle><color>ff2626dc</color><scale>1.1</scale><Icon><href>http://maps.google.com/mapfiles/kml/paddle/red-circle.png</href></Icon></IconStyle></Style>
      <ExtendedData>
        <Data name="camada"><value>Documentos_-_Pontos_-_Obstacles_for_field_VEIA</value></Data>
        <Data name="classificacao"><value>Documentos_-_Pontos_-_Obstacles_for_field_VEIA</value></Data>
      </ExtendedData>
      <Point><coordinates>-51.94334087,-23.31454971,0</coordinates></Point>
    </Placemark>
    <Placemark>
      <name>Obstacles for field VEIA</name>
      <Style><IconStyle><color>ff2626dc</color><scale>1.1</scale><Icon><href>http://maps.google.com/mapfiles/kml/paddle/red-circle.png</href></Icon></IconStyle></Style>
      <ExtendedData>
        <Data name="camada"><value>Documentos_-_Pontos_-_Obstacles_for_field_VEIA</value></Data>
        <Data name="classificacao"><value>Documentos_-_Pontos_-_Obstacles_for_field_VEIA</value></Data>
      </ExtendedData>
      <Point><coordinates>-51.94287762,-23.31408286,0</coordinates></Point>
    </Placemark>
    <Placemark>
      <name>Obstacles for field VEIA</name>
      <Style><IconStyle><color>ff2626dc</color><scale>1.1</scale><Icon><href>http://maps.google.com/mapfiles/kml/paddle/red-circle.png</href></Icon></IconStyle></Style>
      <ExtendedData>
        <Data name="camada"><value>Documentos_-_Pontos_-_Obstacles_for_field_VEIA</value></Data>
        <Data name="classificacao"><value>Documentos_-_Pontos_-_Obstacles_for_field_VEIA</value></Data>
      </ExtendedData>
      <Point><coordinates>-51.94241824,-23.31362355,0</coordinates></Point>
    </Placemark>
    <Placemark>
      <name>Obstacles for field VEIA</name>
      <Style><IconStyle><color>ff2626dc</color><scale>1.1</scale><Icon><href>http://maps.google.com/mapfiles/kml/paddle/red-circle.png</href></Icon></IconStyle></Style>
      <ExtendedData>
        <Data name="camada"><value>Documentos_-_Pontos_-_Obstacles_for_field_VEIA</value></Data>
        <Data name="classificacao"><value>Documentos_-_Pontos_-_Obstacles_for_field_VEIA</value></Data>
      </ExtendedData>
      <Point><coordinates>-51.94195342,-23.31315771,0</coordinates></Point>
    </Placemark>
    <Placemark>
      <name>Obstacles for field VEIA</name>
      <Style><IconStyle><color>ff2626dc</color><scale>1.1</scale><Icon><href>http://maps.google.com/mapfiles/kml/paddle/red-circle.png</href></Icon></IconStyle></Style>
      <ExtendedData>
        <Data name="camada"><value>Documentos_-_Pontos_-_Obstacles_for_field_VEIA</value></Data>
        <Data name="classificacao"><value>Documentos_-_Pontos_-_Obstacles_for_field_VEIA</value></Data>
      </ExtendedData>
      <Point><coordinates>-51.95006776,-23.30770567,0</coordinates></Point>
    </Placemark>
    <Placemark>
      <name>Obstacles for field VEIA</name>
      <Style><IconStyle><color>ff2626dc</color><scale>1.1</scale><Icon><href>http://maps.google.com/mapfiles/kml/paddle/red-circle.png</href></Icon></IconStyle></Style>
      <ExtendedData>
        <Data name="camada"><value>Documentos_-_Pontos_-_Obstacles_for_field_VEIA</value></Data>
        <Data name="classificacao"><value>Documentos_-_Pontos_-_Obstacles_for_field_VEIA</value></Data>
      </ExtendedData>
      <Point><coordinates>-51.95001130,-23.30883574,0</coordinates></Point>
    </Placemark>
    <Placemark>
      <name>Obstacles for field VEIA</name>
      <Style><IconStyle><color>ff2626dc</color><scale>1.1</scale><Icon><href>http://maps.google.com/mapfiles/kml/paddle/red-circle.png</href></Icon></IconStyle></Style>
      <ExtendedData>
        <Data name="camada"><value>Documentos_-_Pontos_-_Obstacles_for_field_VEIA</value></Data>
        <Data name="classificacao"><value>Documentos_-_Pontos_-_Obstacles_for_field_VEIA</value></Data>
      </ExtendedData>
      <Point><coordinates>-51.94995353,-23.30991279,0</coordinates></Point>
    </Placemark>
    <Placemark>
      <name>Obstacles for field VEIA</name>
      <Style><IconStyle><color>ff2626dc</color><scale>1.1</scale><Icon><href>http://maps.google.com/mapfiles/kml/paddle/red-circle.png</href></Icon></IconStyle></Style>
      <ExtendedData>
        <Data name="camada"><value>Documentos_-_Pontos_-_Obstacles_for_field_VEIA</value></Data>
        <Data name="classificacao"><value>Documentos_-_Pontos_-_Obstacles_for_field_VEIA</value></Data>
      </ExtendedData>
      <Point><coordinates>-51.94983556,-23.31076180,0</coordinates></Point>
    </Placemark>
    <Placemark>
      <name>Obstacles for field VEIA</name>
      <Style><IconStyle><color>ff2626dc</color><scale>1.1</scale><Icon><href>http://maps.google.com/mapfiles/kml/paddle/red-circle.png</href></Icon></IconStyle></Style>
      <ExtendedData>
        <Data name="camada"><value>Documentos_-_Pontos_-_Obstacles_for_field_VEIA</value></Data>
        <Data name="classificacao"><value>Documentos_-_Pontos_-_Obstacles_for_field_VEIA</value></Data>
      </ExtendedData>
      <Point><coordinates>-51.94991873,-23.31085008,0</coordinates></Point>
    </Placemark>
    <Placemark>
      <name>Obstacles for field VEIA</name>
      <Style><IconStyle><color>ff2626dc</color><scale>1.1</scale><Icon><href>http://maps.google.com/mapfiles/kml/paddle/red-circle.png</href></Icon></IconStyle></Style>
      <ExtendedData>
        <Data name="camada"><value>Documentos_-_Pontos_-_Obstacles_for_field_VEIA</value></Data>
        <Data name="classificacao"><value>Documentos_-_Pontos_-_Obstacles_for_field_VEIA</value></Data>
      </ExtendedData>
      <Point><coordinates>-51.94993145,-23.31074592,0</coordinates></Point>
    </Placemark>
    <Placemark>
      <name>Obstacles for field VEIA</name>
      <Style><IconStyle><color>ff2626dc</color><scale>1.1</scale><Icon><href>http://maps.google.com/mapfiles/kml/paddle/red-circle.png</href></Icon></IconStyle></Style>
      <ExtendedData>
        <Data name="camada"><value>Documentos_-_Pontos_-_Obstacles_for_field_VEIA</value></Data>
        <Data name="classificacao"><value>Documentos_-_Pontos_-_Obstacles_for_field_VEIA</value></Data>
      </ExtendedData>
      <Point><coordinates>-51.94990568,-23.31067470,0</coordinates></Point>
    </Placemark>
    <Placemark>
      <name>Obstacles for field VEIA</name>
      <Style><IconStyle><color>ff2626dc</color><scale>1.1</scale><Icon><href>http://maps.google.com/mapfiles/kml/paddle/red-circle.png</href></Icon></IconStyle></Style>
      <ExtendedData>
        <Data name="camada"><value>Documentos_-_Pontos_-_Obstacles_for_field_VEIA</value></Data>
        <Data name="classificacao"><value>Documentos_-_Pontos_-_Obstacles_for_field_VEIA</value></Data>
      </ExtendedData>
      <Point><coordinates>-51.95025129,-23.31177807,0</coordinates></Point>
    </Placemark>
    <Placemark>
      <name>Obstacles for field VEIA</name>
      <Style><IconStyle><color>ff2626dc</color><scale>1.1</scale><Icon><href>http://maps.google.com/mapfiles/kml/paddle/red-circle.png</href></Icon></IconStyle></Style>
      <ExtendedData>
        <Data name="camada"><value>Documentos_-_Pontos_-_Obstacles_for_field_VEIA</value></Data>
        <Data name="classificacao"><value>Documentos_-_Pontos_-_Obstacles_for_field_VEIA</value></Data>
      </ExtendedData>
      <Point><coordinates>-51.95059751,-23.31282947,0</coordinates></Point>
    </Placemark>
    <Placemark>
      <name>Obstacles for field VEIA</name>
      <Style><IconStyle><color>ff2626dc</color><scale>1.1</scale><Icon><href>http://maps.google.com/mapfiles/kml/paddle/red-circle.png</href></Icon></IconStyle></Style>
      <ExtendedData>
        <Data name="camada"><value>Documentos_-_Pontos_-_Obstacles_for_field_VEIA</value></Data>
        <Data name="classificacao"><value>Documentos_-_Pontos_-_Obstacles_for_field_VEIA</value></Data>
      </ExtendedData>
      <Point><coordinates>-51.95093487,-23.31385695,0</coordinates></Point>
    </Placemark>
    <Placemark>
      <name>Obstacles for field VEIA</name>
      <Style><IconStyle><color>ff2626dc</color><scale>1.1</scale><Icon><href>http://maps.google.com/mapfiles/kml/paddle/red-circle.png</href></Icon></IconStyle></Style>
      <ExtendedData>
        <Data name="camada"><value>Documentos_-_Pontos_-_Obstacles_for_field_VEIA</value></Data>
        <Data name="classificacao"><value>Documentos_-_Pontos_-_Obstacles_for_field_VEIA</value></Data>
      </ExtendedData>
      <Point><coordinates>-51.95123163,-23.31484140,0</coordinates></Point>
    </Placemark>
    <Placemark>
      <name>Obstacles for field VEIA</name>
      <Style><IconStyle><color>ff2626dc</color><scale>1.1</scale><Icon><href>http://maps.google.com/mapfiles/kml/paddle/red-circle.png</href></Icon></IconStyle></Style>
      <ExtendedData>
        <Data name="camada"><value>Documentos_-_Pontos_-_Obstacles_for_field_VEIA</value></Data>
        <Data name="classificacao"><value>Documentos_-_Pontos_-_Obstacles_for_field_VEIA</value></Data>
      </ExtendedData>
      <Point><coordinates>-51.95129579,-23.31490526,0</coordinates></Point>
    </Placemark>
    <Placemark>
      <name>Obstacles for field VEIA</name>
      <Style><IconStyle><color>ff2626dc</color><scale>1.1</scale><Icon><href>http://maps.google.com/mapfiles/kml/paddle/red-circle.png</href></Icon></IconStyle></Style>
      <ExtendedData>
        <Data name="camada"><value>Documentos_-_Pontos_-_Obstacles_for_field_VEIA</value></Data>
        <Data name="classificacao"><value>Documentos_-_Pontos_-_Obstacles_for_field_VEIA</value></Data>
      </ExtendedData>
      <Point><coordinates>-51.95013871,-23.30662897,0</coordinates></Point>
    </Placemark>
    <Placemark>
      <name>Limite</name>
      <Style><LineStyle><color>ff2c579d</color><width>2</width></LineStyle><PolyStyle><color>552c579d</color></PolyStyle></Style>
      <ExtendedData>
        <Data name="camada"><value>Limites_Internos</value></Data>
        <Data name="classificacao"><value>Limites_Internos</value></Data>
      </ExtendedData>
      <Polygon><tessellate>1</tessellate>
        <outerBoundaryIs><LinearRing><coordinates>-51.94983556,-23.31076180,0 -51.94991272,-23.31084544,0 -51.94993200,-23.31081188,0 -51.94993065,-23.31073937,0 -51.94990018,-23.31067184,0 -51.94983556,-23.31076180,0</coordinates></LinearRing></outerBoundaryIs>

      </Polygon>
    </Placemark>
    <Placemark>
      <name>Limite</name>
      <Style><LineStyle><color>ff2c579d</color><width>2</width></LineStyle><PolyStyle><color>552c579d</color></PolyStyle></Style>
      <ExtendedData>
        <Data name="camada"><value>Limites_Internos</value></Data>
        <Data name="classificacao"><value>Limites_Internos</value></Data>
      </ExtendedData>
      <Polygon><tessellate>1</tessellate>
        <outerBoundaryIs><LinearRing><coordinates>-51.95124312,-23.31487775,0 -51.95126936,-23.31490561,0 -51.95128950,-23.31487453,0 -51.95126368,-23.31484545,0 -51.95123163,-23.31484140,0 -51.95124312,-23.31487775,0</coordinates></LinearRing></outerBoundaryIs>

      </Polygon>
    </Placemark>
    <Placemark>
      <name>Limite</name>
      <Style><LineStyle><color>ff2c579d</color><width>2</width></LineStyle><PolyStyle><color>552c579d</color></PolyStyle></Style>
      <ExtendedData>
        <Data name="camada"><value>Limites_Internos</value></Data>
        <Data name="classificacao"><value>Limites_Internos</value></Data>
      </ExtendedData>
      <Polygon><tessellate>1</tessellate>
        <outerBoundaryIs><LinearRing><coordinates>-51.95067669,-23.31364931,0 -51.95068155,-23.31383627,0 -51.95072383,-23.31398662,0 -51.95075694,-23.31405630,0 -51.95083143,-23.31414633,0 -51.95085653,-23.31411831,0 -51.95084816,-23.31408278,0 -51.95072786,-23.31374337,0 -51.95067669,-23.31364931,0</coordinates></LinearRing></outerBoundaryIs>

      </Polygon>
    </Placemark>
  </Document>
</kml>
