<?xml version="1.0" encoding="UTF-8"?>
<kml xmlns="http://www.opengis.net/kml/2.2">
  <Document>
    <name>Publicar Maps 08/10/2026 07:42</name>
    <Placemark>
      <name>terra boa</name>
      <Style><LineStyle><color>ffff0000</color><width>2</width></LineStyle><PolyStyle><color>55ff0000</color></PolyStyle></Style>
      <ExtendedData>
        <Data name="camada"><value>LimitesExternos</value></Data>
        <Data name="classificacao"><value>LimitesExternos</value></Data>
      </ExtendedData>
      <Polygon><tessellate>1</tessellate>
        <outerBoundaryIs><LinearRing><coordinates>-52.40409743,-23.80135318,0 -52.40413617,-23.80120324,0 -52.40414224,-23.80116319,0 -52.40414354,-23.80112367,0 -52.40413873,-23.80108610,0 -52.40412477,-23.80104898,0 -52.40410278,-23.80101886,0 -52.40407338,-23.80098996,0 -52.40404169,-23.80096226,0 -52.40400797,-23.80093840,0 -52.40397211,-23.80091898,0 -52.40393301,-23.80090566,0 -52.40380581,-23.80088246,0 -52.40376410,-23.80087176,0 -52.40368994,-23.80084301,0 -52.40354505,-23.80077330,0 -52.40350600,-23.80076003,0 -52.40346669,-23.80075831,0 -52.40342884,-23.80077195,0 -52.40340079,-23.80079756,0 -52.40335724,-23.80086042,0 -52.40331702,-23.80093179,0 -52.40329073,-23.80100135,0 -52.40328082,-23.80103636,0 -52.40327429,-23.80111280,0 -52.40327739,-23.80118934,0 -52.40319652,-23.80119431,0 -52.40289950,-23.80118169,0 -52.40259618,-23.80118292,0 -52.40107767,-23.80122144,0 -52.40034682,-23.80124717,0 -52.39976561,-23.80125176,0 -52.39950160,-23.80125786,0 -52.39892823,-23.80126424,0 -52.39801867,-23.80127073,0 -52.39742537,-23.80128253,0 -52.39725375,-23.80128926,0 -52.39635568,-23.80130966,0 -52.39596216,-23.80132598,0 -52.39582520,-23.80132554,0 -52.39574450,-23.80131854,0 -52.39570273,-23.80131023,0 -52.39562672,-23.80128254,0 -52.39558796,-23.80125990,0 -52.39555297,-23.80123420,0 -52.39552512,-23.80120758,0 -52.39549856,-23.80117628,0 -52.39545440,-23.80110858,0 -52.39535540,-23.80088925,0 -52.39505990,-23.80019125,0 -52.39497186,-23.79996528,0 -52.39450238,-23.79868781,0 -52.39420561,-23.79781311,0 -52.39407970,-23.79747568,0 -52.39402712,-23.79732261,0 -52.39393138,-23.79707125,0 -52.39390449,-23.79709800,0 -52.39400229,-23.79735459,0 -52.39423993,-23.79800960,0 -52.39430471,-23.79820007,0 -52.39436885,-23.79840154,0 -52.39483860,-23.79972184,0 -52.39504924,-23.80027453,0 -52.39532298,-23.80092766,0 -52.39539296,-23.80108301,0 -52.39543369,-23.80115675,0 -52.39548235,-23.80122408,0 -52.39551049,-23.80125376,0 -52.39554052,-23.80127814,0 -52.39557320,-23.80129902,0 -52.39564888,-23.80133501,0 -52.39569161,-23.80134672,0 -52.39573228,-23.80135323,0 -52.39586339,-23.80135981,0 -52.39604331,-23.80135650,0 -52.39663279,-23.80133725,0 -52.39676575,-23.80133676,0 -52.39698818,-23.80133085,0 -52.39721686,-23.80132191,0 -52.39735247,-23.80132236,0 -52.39815925,-23.80130792,0 -52.39898663,-23.80130192,0 -52.40034974,-23.80128349,0 -52.40088238,-23.80126164,0 -52.40101122,-23.80125858,0 -52.40114215,-23.80125940,0 -52.40176375,-23.80124748,0 -52.40279102,-23.80121565,0 -52.40287838,-23.80121589,0 -52.40296559,-23.80122105,0 -52.40320949,-23.80125962,0 -52.40324874,-23.80127079,0 -52.40327764,-23.80129644,0 -52.40328932,-23.80133438,0 -52.40330333,-23.80148966,0 -52.40331130,-23.80153080,0 -52.40332523,-23.80156983,0 -52.40334353,-23.80160449,0 -52.40337525,-23.80163164,0 -52.40344714,-23.80166318,0 -52.40352266,-23.80168894,0 -52.40360236,-23.80171050,0 -52.40385104,-23.80175960,0 -52.40389187,-23.80176465,0 -52.40393240,-23.80176095,0 -52.40394972,-23.80172580,0 -52.40394914,-23.80168907,0 -52.40396005,-23.80165111,0 -52.40399508,-23.80163083,0 -52.40403845,-23.80162817,0 -52.40412147,-23.80162976,0 -52.40421166,-23.80163943,0 -52.40429586,-23.80165673,0 -52.40433279,-23.80167065,0 -52.40437234,-23.80169392,0 -52.40440440,-23.80172479,0 -52.40442655,-23.80176274,0 -52.40445123,-23.80184283,0 -52.40452331,-23.80220269,0 -52.40460131,-23.80254790,0 -52.40466464,-23.80277778,0 -52.40479515,-23.80318586,0 -52.40484190,-23.80334405,0 -52.40489170,-23.80353374,0 -52.40491683,-23.80364292,0 -52.40495135,-23.80383243,0 -52.40496670,-23.80394522,0 -52.40497903,-23.80409823,0 -52.40498042,-23.80428804,0 -52.40495714,-23.80452640,0 -52.40489773,-23.80491033,0 -52.40486707,-23.80506655,0 -52.40484821,-23.80514624,0 -52.40480906,-23.80526292,0 -52.40477778,-23.80533298,0 -52.40474169,-23.80540139,0 -52.40472072,-23.80543244,0 -52.40469351,-23.80545972,0 -52.40463135,-23.80550899,0 -52.40456310,-23.80555351,0 -52.40340890,-23.80627348,0 -52.40302250,-23.80652201,0 -52.40295034,-23.80655591,0 -52.40289005,-23.80660600,0 -52.40285709,-23.80662779,0 -52.40256494,-23.80680648,0 -52.40190630,-23.80722448,0 -52.40183174,-23.80725683,0 -52.40177012,-23.80730590,0 -52.40163566,-23.80739377,0 -52.40068267,-23.80798882,0 -52.39974265,-23.80858302,0 -52.39967229,-23.80861895,0 -52.39960823,-23.80866766,0 -52.39946244,-23.80875943,0 -52.39792830,-23.80972080,0 -52.39781419,-23.80978826,0 -52.39724701,-23.81014598,0 -52.39681355,-23.81042951,0 -52.39676506,-23.81045062,0 -52.39664208,-23.81035419,0 -52.39632579,-23.81009226,0 -52.39566393,-23.80953373,0 -52.39560851,-23.80947744,0 -52.39554273,-23.80943052,0 -52.39547922,-23.80937849,0 -52.39406840,-23.80818153,0 -52.39401191,-23.80812818,0 -52.39394961,-23.80807826,0 -52.39379308,-23.80794062,0 -52.39373328,-23.80788292,0 -52.39368719,-23.80781896,0 -52.39367330,-23.80778153,0 -52.39367710,-23.80774269,0 -52.39369941,-23.80771237,0 -52.39373653,-23.80769405,0 -52.39385831,-23.80765233,0 -52.39389610,-23.80763563,0 -52.39402665,-23.80754561,0 -52.39409900,-23.80750326,0 -52.39417611,-23.80746770,0 -52.39421643,-23.80745339,0 -52.39430205,-23.80743738,0 -52.39447223,-23.80744049,0 -52.39451471,-23.80743786,0 -52.39455417,-23.80742921,0 -52.39459289,-23.80741526,0 -52.39463009,-23.80739790,0 -52.39470252,-23.80735159,0 -52.39473609,-23.80732638,0 -52.39485804,-23.80721024,0 -52.39495175,-23.80713529,0 -52.39502076,-23.80707585,0 -52.39514186,-23.80694772,0 -52.39517477,-23.80691749,0 -52.39521062,-23.80688982,0 -52.39524907,-23.80686504,0 -52.39529010,-23.80684399,0 -52.39533392,-23.80682713,0 -52.39542414,-23.80680448,0 -52.39546554,-23.80679073,0 -52.39550591,-23.80677177,0 -52.39570884,-23.80665435,0 -52.39593784,-23.80651416,0 -52.39622960,-23.80635443,0 -52.39639895,-23.80627149,0 -52.39647470,-23.80623017,0 -52.39654657,-23.80617792,0 -52.39665197,-23.80609348,0 -52.39672994,-23.80604391,0 -52.39681371,-23.80600107,0 -52.39685700,-23.80598234,0 -52.39723126,-23.80585880,0 -52.39731480,-23.80582735,0 -52.39746702,-23.80576107,0 -52.39754335,-23.80571728,0 -52.39786159,-23.80551220,0 -52.39832858,-23.80524058,0 -52.39839716,-23.80519418,0 -52.39850161,-23.80511442,0 -52.39856658,-23.80507264,0 -52.39860180,-23.80505440,0 -52.39868013,-23.80502006,0 -52.39876461,-23.80498774,0 -52.39880250,-23.80497660,0 -52.39896471,-23.80494310,0 -52.39912860,-23.80491595,0 -52.39920455,-23.80489622,0 -52.39924640,-23.80487856,0 -52.39928714,-23.80485642,0 -52.39952193,-23.80468158,0 -52.39962904,-23.80461236,0 -52.39970278,-23.80457143,0 -52.39993664,-23.80446016,0 -52.40016823,-23.80435643,0 -52.40036303,-23.80428358,0 -52.40040129,-23.80426685,0 -52.40047687,-23.80422766,0 -52.40058315,-23.80416426,0 -52.40068427,-23.80409618,0 -52.40074795,-23.80404850,0 -52.40084161,-23.80396945,0 -52.40087115,-23.80393752,0 -52.40089485,-23.80390034,0 -52.40091049,-23.80386597,0 -52.40092184,-23.80382390,0 -52.40092841,-23.80378083,0 -52.40093595,-23.80370500,0 -52.40093522,-23.80366221,0 -52.40092853,-23.80362183,0 -52.40091816,-23.80358668,0 -52.40090136,-23.80354816,0 -52.40088270,-23.80351023,0 -52.40083787,-23.80344216,0 -52.40075612,-23.80335790,0 -52.40069401,-23.80330372,0 -52.40059961,-23.80322810,0 -52.40043193,-23.80311486,0 -52.40030314,-23.80300869,0 -52.40021210,-23.80292470,0 -52.40017882,-23.80289993,0 -52.40010890,-23.80285507,0 -52.40007382,-23.80283676,0 -52.40003556,-23.80282089,0 -52.39999562,-23.80280903,0 -52.39991122,-23.80279607,0 -52.39978392,-23.80278353,0 -52.39952766,-23.80277138,0 -52.39914364,-23.80273427,0 -52.39901486,-23.80273046,0 -52.39888433,-23.80273444,0 -52.39853457,-23.80275389,0 -52.39836332,-23.80276006,0 -52.39816333,-23.80276326,0 -52.39804270,-23.80277929,0 -52.39800411,-23.80279172,0 -52.39780720,-23.80288431,0 -52.39773439,-23.80291506,0 -52.39750747,-23.80302288,0 -52.39735417,-23.80308187,0 -52.39731747,-23.80309893,0 -52.39728238,-23.80311917,0 -52.39724992,-23.80314351,0 -52.39715449,-23.80322860,0 -52.39709302,-23.80327844,0 -52.39705950,-23.80330010,0 -52.39698896,-23.80333473,0 -52.39695230,-23.80334997,0 -52.39687666,-23.80337474,0 -52.39679604,-23.80339582,0 -52.39659181,-23.80343736,0 -52.39650363,-23.80345167,0 -52.39637188,-23.80347983,0 -52.39629590,-23.80351718,0 -52.39622466,-23.80356542,0 -52.39616602,-23.80361450,0 -52.39611003,-23.80367074,0 -52.39596930,-23.80382741,0 -52.39594174,-23.80385427,0 -52.39587279,-23.80390705,0 -52.39583286,-23.80393010,0 -52.39563722,-23.80402880,0 -52.39555768,-23.80405904,0 -52.39531033,-23.80410740,0 -52.39523286,-23.80414013,0 -52.39508911,-23.80421995,0 -52.39482835,-23.80435572,0 -52.39468788,-23.80444354,0 -52.39461659,-23.80449838,0 -52.39458565,-23.80453117,0 -52.39451130,-23.80462219,0 -52.39448145,-23.80465008,0 -52.39444850,-23.80467551,0 -52.39437626,-23.80472121,0 -52.39430001,-23.80475919,0 -52.39402884,-23.80487458,0 -52.39395008,-23.80490599,0 -52.39375312,-23.80497748,0 -52.39349406,-23.80511393,0 -52.39342009,-23.80515801,0 -52.39335930,-23.80520577,0 -52.39333102,-23.80523362,0 -52.39328445,-23.80529802,0 -52.39320453,-23.80538276,0 -52.39301579,-23.80553577,0 -52.39298819,-23.80556153,0 -52.39296321,-23.80559080,0 -52.39294059,-23.80562432,0 -52.39290222,-23.80569386,0 -52.39278471,-23.80595133,0 -52.39276473,-23.80598644,0 -52.39271837,-23.80605271,0 -52.39266271,-23.80611439,0 -52.39262971,-23.80614376,0 -52.39252828,-23.80621988,0 -52.39243303,-23.80630294,0 -52.39236262,-23.80635001,0 -52.39225337,-23.80640602,0 -52.39209838,-23.80646409,0 -52.39205571,-23.80646229,0 -52.39202213,-23.80644077,0 -52.39192440,-23.80636853,0 -52.39179918,-23.80626689,0 -52.39174001,-23.80621223,0 -52.39152456,-23.80603449,0 -52.39146592,-23.80597820,0 -52.39143108,-23.80595361,0 -52.39130535,-23.80585159,0 -52.39111361,-23.80568747,0 -52.39108810,-23.80565899,0 -52.39092986,-23.80553219,0 -52.39074176,-23.80537212,0 -52.39071612,-23.80534277,0 -52.39065501,-23.80529550,0 -52.39037760,-23.80506425,0 -52.39035273,-23.80503351,0 -52.39035299,-23.80499336,0 -52.39036663,-23.80491930,0 -52.39037786,-23.80480522,0 -52.39056565,-23.80356055,0 -52.39058444,-23.80348266,0 -52.39072456,-23.80251980,0 -52.39085144,-23.80160796,0 -52.39087380,-23.80141361,0 -52.39088489,-23.80133816,0 -52.39089546,-23.80130306,0 -52.39092373,-23.80106898,0 -52.39098787,-23.80065137,0 -52.39108179,-23.79997914,0 -52.39109095,-23.79994304,0 -52.39110274,-23.79983285,0 -52.39119260,-23.79921934,0 -52.39122363,-23.79897803,0 -52.39122964,-23.79894073,0 -52.39123991,-23.79890587,0 -52.39126109,-23.79871370,0 -52.39132581,-23.79829469,0 -52.39145924,-23.79733325,0 -52.39147145,-23.79729739,0 -52.39148352,-23.79718418,0 -52.39160040,-23.79641793,0 -52.39160772,-23.79634225,0 -52.39162281,-23.79630736,0 -52.39165532,-23.79628521,0 -52.39167935,-23.79625510,0 -52.39169760,-23.79622060,0 -52.39173988,-23.79615508,0 -52.39183946,-23.79602544,0 -52.39197934,-23.79588207,0 -52.39209469,-23.79577529,0 -52.39219645,-23.79570084,0 -52.39230144,-23.79563738,0 -52.39241820,-23.79557661,0 -52.39261103,-23.79548823,0 -52.39268328,-23.79544677,0 -52.39282188,-23.79535807,0 -52.39302323,-23.79521958,0 -52.39309021,-23.79516707,0 -52.39316817,-23.79509131,0 -52.39319258,-23.79505935,0 -52.39327808,-23.79497551,0 -52.39333656,-23.79492664,0 -52.39337097,-23.79490646,0 -52.39340614,-23.79489015,0 -52.39348028,-23.79486211,0 -52.39356580,-23.79484154,0 -52.39365192,-23.79482796,0 -52.39370066,-23.79482231,0 -52.39389352,-23.79481209,0 -52.39398902,-23.79481653,0 -52.39408076,-23.79482830,0 -52.39421204,-23.79485499,0 -52.39439045,-23.79487433,0 -52.39447999,-23.79487939,0 -52.39452514,-23.79487902,0 -52.39456788,-23.79487371,0 -52.39464717,-23.79485415,0 -52.39468560,-23.79484379,0 -52.39475943,-23.79481515,0 -52.39479934,-23.79480594,0 -52.39484116,-23.79480201,0 -52.39488126,-23.79480564,0 -52.39491944,-23.79481653,0 -52.39511381,-23.79488946,0 -52.39543046,-23.79502069,0 -52.39554215,-23.79507354,0 -52.39597000,-23.79524482,0 -52.39619569,-23.79535304,0 -52.39651499,-23.79547070,0 -52.39671292,-23.79555374,0 -52.39691401,-23.79563333,0 -52.39702676,-23.79568339,0 -52.39710180,-23.79572542,0 -52.39713896,-23.79574273,0 -52.39726536,-23.79578129,0 -52.39741536,-23.79583886,0 -52.39760126,-23.79592289,0 -52.39767412,-23.79596415,0 -52.39771284,-23.79598126,0 -52.39800675,-23.79608158,0 -52.39865573,-23.79634281,0 -52.39892879,-23.79645762,0 -52.39908410,-23.79651565,0 -52.39959451,-23.79672316,0 -52.39967247,-23.79675799,0 -52.39970981,-23.79677063,0 -52.40087249,-23.79724116,0 -52.40102579,-23.79730630,0 -52.40207367,-23.79772571,0 -52.40219520,-23.79777741,0 -52.40231437,-23.79783806,0 -52.40235880,-23.79785519,0 -52.40247199,-23.79789057,0 -52.40254568,-23.79791826,0 -52.40291698,-23.79807344,0 -52.40314668,-23.79816424,0 -52.40365353,-23.79837449,0 -52.40402279,-23.79852346,0 -52.40424915,-23.79861946,0 -52.40484282,-23.79886145,0 -52.40491941,-23.79889634,0 -52.40504011,-23.79894131,0 -52.40577615,-23.79924450,0 -52.40584974,-23.79928102,0 -52.40592292,-23.79932252,0 -52.40602548,-23.79938660,0 -52.40613938,-23.79945296,0 -52.40617929,-23.79947433,0 -52.40630579,-23.79953147,0 -52.40668644,-23.79973185,0 -52.40672090,-23.79975228,0 -52.40674893,-23.79978239,0 -52.40675769,-23.79981774,0 -52.40675443,-23.79985779,0 -52.40673925,-23.79993888,0 -52.40673511,-23.79997834,0 -52.40675327,-23.80001389,0 -52.40694382,-23.80016821,0 -52.40697044,-23.80019497,0 -52.40701624,-23.80025645,0 -52.40705625,-23.80032472,0 -52.40710770,-23.80043146,0 -52.40713486,-23.80046256,0 -52.40716014,-23.80049908,0 -52.40717796,-23.80053180,0 -52.40721049,-23.80060562,0 -52.40725121,-23.80072116,0 -52.40730138,-23.80083658,0 -52.40733713,-23.80091129,0 -52.40735879,-23.80094748,0 -52.40738369,-23.80098184,0 -52.40743695,-23.80104488,0 -52.40749387,-23.80110087,0 -52.40756667,-23.80115354,0 -52.40782571,-23.80129845,0 -52.40785627,-23.80132620,0 -52.40786592,-23.80136571,0 -52.40785323,-23.80140014,0 -52.40782134,-23.80142423,0 -52.40777559,-23.80143166,0 -52.40769647,-23.80141218,0 -52.40737788,-23.80128884,0 -52.40717870,-23.80122265,0 -52.40687741,-23.80113242,0 -52.40679746,-23.80111295,0 -52.40663336,-23.80107634,0 -52.40633639,-23.80102596,0 -52.40619360,-23.80100954,0 -52.40593161,-23.80098969,0 -52.40580264,-23.80097682,0 -52.40547612,-23.80098383,0 -52.40539486,-23.80099292,0 -52.40530760,-23.80100687,0 -52.40521921,-23.80102558,0 -52.40501407,-23.80108515,0 -52.40488902,-23.80112617,0 -52.40480362,-23.80115949,0 -52.40472266,-23.80119896,0 -52.40468569,-23.80122225,0 -52.40461596,-23.80127737,0 -52.40455520,-23.80133758,0 -52.40449973,-23.80140146,0 -52.40447669,-23.80143229,0 -52.40443716,-23.80150056,0 -52.40442388,-23.80153481,0 -52.40440265,-23.80156623,0 -52.40436416,-23.80158582,0 -52.40428327,-23.80159186,0 -52.40419617,-23.80158380,0 -52.40415341,-23.80157464,0 -52.40411723,-23.80155591,0 -52.40409068,-23.80152716,0 -52.40407531,-23.80149261,0 -52.40407135,-23.80145455,0 -52.40407596,-23.80141836,0 -52.40409743,-23.80135318,0</coordinates></LinearRing></outerBoundaryIs>

      </Polygon>
    </Placemark>
    <Placemark>
      <name>terra boa</name>
      <Style><LineStyle><color>ffff0000</color><width>2</width></LineStyle><PolyStyle><color>55ff0000</color></PolyStyle></Style>
      <ExtendedData>
        <Data name="camada"><value>LimitesExternos</value></Data>
        <Data name="classificacao"><value>LimitesExternos</value></Data>
      </ExtendedData>
      <Polygon><tessellate>1</tessellate>
        <outerBoundaryIs><LinearRing><coordinates>-52.40449171,-23.80173092,0 -52.40450096,-23.80169311,0 -52.40451727,-23.80165681,0 -52.40457741,-23.80155655,0 -52.40459583,-23.80152213,0 -52.40461748,-23.80148508,0 -52.40463806,-23.80145330,0 -52.40466047,-23.80142248,0 -52.40469149,-23.80138659,0 -52.40472227,-23.80135624,0 -52.40475722,-23.80132854,0 -52.40479308,-23.80130531,0 -52.40483030,-23.80128675,0 -52.40490926,-23.80125481,0 -52.40498963,-23.80122457,0 -52.40510911,-23.80118427,0 -52.40515207,-23.80117087,0 -52.40527884,-23.80113575,0 -52.40532134,-23.80112677,0 -52.40540976,-23.80111400,0 -52.40545333,-23.80110967,0 -52.40554052,-23.80110399,0 -52.40562959,-23.80110058,0 -52.40575856,-23.80110044,0 -52.40580272,-23.80110236,0 -52.40597571,-23.80110611,0 -52.40606143,-23.80111113,0 -52.40623555,-23.80112743,0 -52.40632089,-23.80113834,0 -52.40657930,-23.80118157,0 -52.40662115,-23.80118961,0 -52.40682978,-23.80123886,0 -52.40687081,-23.80124962,0 -52.40703326,-23.80129654,0 -52.40711640,-23.80132346,0 -52.40740234,-23.80142260,0 -52.40756422,-23.80148414,0 -52.40768417,-23.80153244,0 -52.40785918,-23.80159623,0 -52.40800059,-23.80164580,0 -52.40804663,-23.80166004,0 -52.40813181,-23.80168277,0 -52.40823022,-23.80170656,0 -52.40837896,-23.80173761,0 -52.40853029,-23.80176510,0 -52.40858091,-23.80177252,0 -52.40868266,-23.80178377,0 -52.40873372,-23.80178865,0 -52.40883648,-23.80179551,0 -52.40888754,-23.80180008,0 -52.40899038,-23.80180420,0 -52.40908082,-23.80180550,0 -52.40913249,-23.80180514,0 -52.40923613,-23.80180855,0 -52.40938956,-23.80182135,0 -52.40944085,-23.80182680,0 -52.40954392,-23.80184001,0 -52.40964279,-23.80185535,0 -52.40985277,-23.80189314,0 -52.40989527,-23.80190255,0 -52.40997782,-23.80192602,0 -52.41001875,-23.80193627,0 -52.41005630,-23.80194754,0 -52.41013354,-23.80197371,0 -52.41017219,-23.80198848,0 -52.41017657,-23.80202481,0 -52.41014669,-23.80204899,0 -52.41011570,-23.80207148,0 -52.40997439,-23.80216221,0 -52.40951670,-23.80244304,0 -52.40905236,-23.80273347,0 -52.40901466,-23.80275523,0 -52.40897890,-23.80277069,0 -52.40894583,-23.80279372,0 -52.40813797,-23.80331114,0 -52.40810166,-23.80333030,0 -52.40806860,-23.80334995,0 -52.40800017,-23.80339640,0 -52.40771456,-23.80358000,0 -52.40764193,-23.80361813,0 -52.40760878,-23.80364159,0 -52.40746724,-23.80373143,0 -52.40735466,-23.80380115,0 -52.40727664,-23.80385142,0 -52.40565842,-23.80486621,0 -52.40543002,-23.80501370,0 -52.40495781,-23.80530987,0 -52.40488698,-23.80535664,0 -52.40484980,-23.80537958,0 -52.40481240,-23.80539847,0 -52.40481578,-23.80535815,0 -52.40482493,-23.80531937,0 -52.40486965,-23.80521136,0 -52.40488291,-23.80517353,0 -52.40489914,-23.80509149,0 -52.40491400,-23.80500871,0 -52.40501402,-23.80437020,0 -52.40501857,-23.80433003,0 -52.40502074,-23.80428733,0 -52.40502166,-23.80420317,0 -52.40501397,-23.80402621,0 -52.40501019,-23.80398135,0 -52.40499982,-23.80389255,0 -52.40497865,-23.80376000,0 -52.40495343,-23.80362814,0 -52.40492363,-23.80349862,0 -52.40490167,-23.80341312,0 -52.40480364,-23.80307668,0 -52.40476161,-23.80295020,0 -52.40473624,-23.80286539,0 -52.40467975,-23.80269831,0 -52.40464247,-23.80257152,0 -52.40463195,-23.80252955,0 -52.40460439,-23.80240286,0 -52.40455627,-23.80219489,0 -52.40453195,-23.80207017,0 -52.40449629,-23.80183635,0 -52.40449225,-23.80179999,0 -52.40449171,-23.80173092,0</coordinates></LinearRing></outerBoundaryIs>

      </Polygon>
    </Placemark>
    <Placemark>
      <name>terra boa</name>
      <Style><LineStyle><color>ff000000</color><width>3</width></LineStyle></Style>
      <ExtendedData>
        <Data name="camada"><value>LP1</value></Data>
        <Data name="classificacao"><value>LP1 - LP1</value></Data>
      </ExtendedData>
      <LineString><tessellate>1</tessellate><coordinates>-52.40845434,-23.80310851,0 -52.40833527,-23.80313632,0 -52.40824506,-23.80316424,0 -52.40815147,-23.80319938,0 -52.40805453,-23.80324173,0 -52.40797616,-23.80328045,0 -52.40788639,-23.80333001,0 -52.40781062,-23.80337732,0 -52.40773037,-23.80343726,0 -52.40769467,-23.80347108,0 -52.40766845,-23.80350078,0 -52.40762162,-23.80356720,0 -52.40756865,-23.80366706,0</coordinates></LineString>
    </Placemark>
    <Placemark>
      <name>terra boa</name>
      <Style><LineStyle><color>ff000000</color><width>3</width></LineStyle></Style>
      <ExtendedData>
        <Data name="camada"><value>LP1</value></Data>
        <Data name="classificacao"><value>LP1 - LP1</value></Data>
      </ExtendedData>
      <LineString><tessellate>1</tessellate><coordinates>-52.40858586,-23.80302427,0 -52.40841561,-23.80305367,0 -52.40833440,-23.80307303,0 -52.40824757,-23.80309854,0 -52.40814965,-23.80313369,0 -52.40807222,-23.80316577,0 -52.40797304,-23.80321234,0 -52.40789114,-23.80325554,0 -52.40780543,-23.80330619,0 -52.40771380,-23.80336930,0 -52.40765455,-23.80342110,0 -52.40759693,-23.80348796,0 -52.40754481,-23.80357012,0 -52.40751116,-23.80363543,0 -52.40746914,-23.80373023,0</coordinates></LineString>
    </Placemark>
    <Placemark>
      <name>terra boa</name>
      <Style><LineStyle><color>ff000000</color><width>3</width></LineStyle></Style>
      <ExtendedData>
        <Data name="camada"><value>LP1</value></Data>
        <Data name="classificacao"><value>LP1 - LP1</value></Data>
      </ExtendedData>
      <LineString><tessellate>1</tessellate><coordinates>-52.40870976,-23.80294492,0 -52.40852520,-23.80297108,0 -52.40843369,-23.80298749,0 -52.40833358,-23.80300992,0 -52.40825265,-23.80303247,0 -52.40814796,-23.80306830,0 -52.40806885,-23.80309990,0 -52.40797014,-23.80314463,0 -52.40787859,-23.80319146,0 -52.40780077,-23.80323578,0 -52.40770409,-23.80329830,0 -52.40764431,-23.80334448,0 -52.40758137,-23.80340542,0 -52.40752097,-23.80348418,0 -52.40747255,-23.80356692,0 -52.40743419,-23.80364598,0 -52.40737686,-23.80378740,0</coordinates></LineString>
    </Placemark>
    <Placemark>
      <name>terra boa</name>
      <Style><LineStyle><color>ff000000</color><width>3</width></LineStyle></Style>
      <ExtendedData>
        <Data name="camada"><value>LP1</value></Data>
        <Data name="classificacao"><value>LP1 - LP1</value></Data>
      </ExtendedData>
      <LineString><tessellate>1</tessellate><coordinates>-52.40882700,-23.80286983,0 -52.40852471,-23.80290924,0 -52.40841973,-23.80292790,0 -52.40833282,-23.80294702,0 -52.40823170,-23.80297465,0 -52.40814640,-23.80300321,0 -52.40806744,-23.80303360,0 -52.40796749,-23.80307733,0 -52.40789137,-23.80311451,0 -52.40779654,-23.80316597,0 -52.40770016,-23.80322513,0 -52.40763632,-23.80327009,0 -52.40756144,-23.80333412,0 -52.40750160,-23.80340074,0 -52.40744849,-23.80347738,0 -52.40740427,-23.80355725,0 -52.40736721,-23.80363540,0 -52.40732996,-23.80372436,0 -52.40728625,-23.80384523,0</coordinates></LineString>
    </Placemark>
    <Placemark>
      <name>terra boa</name>
      <Style><LineStyle><color>ff000000</color><width>3</width></LineStyle></Style>
      <ExtendedData>
        <Data name="camada"><value>LP1</value></Data>
        <Data name="classificacao"><value>LP1 - LP1</value></Data>
      </ExtendedData>
      <MultiGeometry>
        <LineString><tessellate>1</tessellate><coordinates>-52.40894280,-23.80279566,0 -52.40871833,-23.80282072,0 -52.40852422,-23.80284744,0 -52.40833209,-23.80288420,0 -52.40824091,-23.80290785,0 -52.40814497,-23.80293842,0 -52.40806804,-23.80296688,0 -52.40796501,-23.80301037,0 -52.40788379,-23.80304883,0 -52.40779266,-23.80309667,0 -52.40770149,-23.80315006,0 -52.40762972,-23.80319722,0 -52.40754888,-23.80325957,0 -52.40748638,-23.80332005,0 -52.40743240,-23.80338536,0 -52.40737745,-23.80346986,0 -52.40734125,-23.80353730,0 -52.40729633,-23.80363422,0 -52.40722997,-23.80380416,0 -52.40719829,-23.80390056,0</coordinates></LineString>
        <LineString><tessellate>1</tessellate><coordinates>-52.40719829,-23.80390056,0 -52.40719829,-23.80390056,0</coordinates></LineString>
      </MultiGeometry>
    </Placemark>
    <Placemark>
      <name>terra boa</name>
      <Style><LineStyle><color>ff000000</color><width>3</width></LineStyle></Style>
      <ExtendedData>
        <Data name="camada"><value>LP1</value></Data>
        <Data name="classificacao"><value>LP1 - LP1</value></Data>
      </ExtendedData>
      <LineString><tessellate>1</tessellate><coordinates>-52.40907182,-23.80272130,0 -52.40871791,-23.80275929,0 -52.40852374,-23.80278571,0 -52.40833141,-23.80282156,0 -52.40822115,-23.80284967,0 -52.40814365,-23.80287387,0 -52.40804204,-23.80291081,0 -52.40787810,-23.80298256,0 -52.40778908,-23.80302783,0 -52.40770809,-23.80307315,0 -52.40762398,-23.80312539,0 -52.40754300,-23.80318287,0 -52.40747423,-23.80324176,0 -52.40741060,-23.80330913,0 -52.40735440,-23.80338432,0 -52.40730629,-23.80346370,0 -52.40726498,-23.80354493,0 -52.40719360,-23.80371312,0 -52.40713314,-23.80388493,0 -52.40711207,-23.80395463,0</coordinates></LineString>
    </Placemark>
    <Placemark>
      <name>terra boa</name>
      <Style><LineStyle><color>ff000000</color><width>3</width></LineStyle></Style>
      <ExtendedData>
        <Data name="camada"><value>LP1</value></Data>
        <Data name="classificacao"><value>LP1 - LP1</value></Data>
      </ExtendedData>
      <LineString><tessellate>1</tessellate><coordinates>-52.40918713,-23.80264918,0 -52.40871748,-23.80269786,0 -52.40852327,-23.80272399,0 -52.40833075,-23.80275900,0 -52.40823480,-23.80278220,0 -52.40814240,-23.80280953,0 -52.40804565,-23.80284335,0 -52.40796056,-23.80287737,0 -52.40787432,-23.80291574,0 -52.40778574,-23.80295939,0 -52.40769582,-23.80300822,0 -52.40761886,-23.80305436,0 -52.40754247,-23.80310507,0 -52.40746437,-23.80316549,0 -52.40739661,-23.80322905,0 -52.40733497,-23.80330084,0 -52.40729040,-23.80336371,0 -52.40723619,-23.80345666,0 -52.40719571,-23.80353870,0 -52.40715902,-23.80362266,0 -52.40709457,-23.80379323,0 -52.40702724,-23.80400782,0</coordinates></LineString>
    </Placemark>
    <Placemark>
      <name>terra boa</name>
      <Style><LineStyle><color>ff000000</color><width>3</width></LineStyle></Style>
      <ExtendedData>
        <Data name="camada"><value>LP1</value></Data>
        <Data name="classificacao"><value>LP1 - LP1</value></Data>
      </ExtendedData>
      <LineString><tessellate>1</tessellate><coordinates>-52.40930161,-23.80257757,0 -52.40891192,-23.80261471,0 -52.40871706,-23.80263643,0 -52.40852280,-23.80266227,0 -52.40833011,-23.80269651,0 -52.40821626,-23.80272368,0 -52.40805151,-23.80277553,0 -52.40795856,-23.80281131,0 -52.40787250,-23.80284841,0 -52.40778263,-23.80289131,0 -52.40768549,-23.80294256,0 -52.40761416,-23.80298388,0 -52.40752401,-23.80304154,0 -52.40745612,-23.80309082,0 -52.40739047,-23.80314615,0 -52.40731884,-23.80321951,0 -52.40726786,-23.80328275,0 -52.40721042,-23.80336976,0 -52.40717420,-23.80343450,0 -52.40712654,-23.80353294,0 -52.40705754,-23.80370199,0 -52.40699839,-23.80387418,0 -52.40694363,-23.80406025,0</coordinates></LineString>
    </Placemark>
    <Placemark>
      <name>terra boa</name>
      <Style><LineStyle><color>ff000000</color><width>3</width></LineStyle></Style>
      <ExtendedData>
        <Data name="camada"><value>LP1</value></Data>
        <Data name="classificacao"><value>LP1 - LP1</value></Data>
      </ExtendedData>
      <LineString><tessellate>1</tessellate><coordinates>-52.40941373,-23.80250744,0 -52.40910665,-23.80253391,0 -52.40871663,-23.80257500,0 -52.40852233,-23.80260056,0 -52.40832950,-23.80263417,0 -52.40823443,-23.80265567,0 -52.40814018,-23.80268157,0 -52.40805979,-23.80270736,0 -52.40795670,-23.80274556,0 -52.40787269,-23.80278059,0 -52.40777973,-23.80282358,0 -52.40760986,-23.80291397,0 -52.40752998,-23.80296262,0 -52.40744913,-23.80301751,0 -52.40736738,-23.80308189,0 -52.40730539,-23.80314016,0 -52.40725335,-23.80319727,0 -52.40718783,-23.80328447,0 -52.40714407,-23.80335433,0 -52.40709625,-23.80344406,0 -52.40702218,-23.80361127,0 -52.40695933,-23.80378235,0 -52.40690466,-23.80395579,0 -52.40686174,-23.80411161,0</coordinates></LineString>
    </Placemark>
    <Placemark>
      <name>terra boa</name>
      <Style><LineStyle><color>ff000000</color><width>3</width></LineStyle></Style>
      <ExtendedData>
        <Data name="camada"><value>LP1</value></Data>
        <Data name="classificacao"><value>LP1 - LP1</value></Data>
      </ExtendedData>
      <LineString><tessellate>1</tessellate><coordinates>-52.40952540,-23.80243770,0 -52.40910624,-23.80247266,0 -52.40871621,-23.80251359,0 -52.40852187,-23.80253894,0 -52.40832890,-23.80257183,0 -52.40821710,-23.80259683,0 -52.40813915,-23.80261782,0 -52.40803663,-23.80265025,0 -52.40795495,-23.80268004,0 -52.40777701,-23.80275618,0 -52.40760585,-23.80284449,0 -52.40751608,-23.80289749,0 -52.40744293,-23.80294511,0 -52.40737219,-23.80299643,0 -52.40729403,-23.80306253,0 -52.40722383,-23.80313362,0 -52.40716836,-23.80320096,0 -52.40711981,-23.80326985,0 -52.40706844,-23.80335622,0 -52.40702650,-23.80343809,0 -52.40698871,-23.80352119,0 -52.40692173,-23.80369093,0 -52.40686384,-23.80386349,0 -52.40681290,-23.80403790,0 -52.40678098,-23.80416225,0</coordinates></LineString>
    </Placemark>
    <Placemark>
      <name>terra boa</name>
      <Style><LineStyle><color>ff000000</color><width>3</width></LineStyle></Style>
      <ExtendedData>
        <Data name="camada"><value>LP1</value></Data>
        <Data name="classificacao"><value>LP1 - LP1</value></Data>
      </ExtendedData>
      <LineString><tessellate>1</tessellate><coordinates>-52.40963767,-23.80236881,0 -52.40910584,-23.80241142,0 -52.40871579,-23.80245221,0 -52.40852141,-23.80247731,0 -52.40832831,-23.80250959,0 -52.40823971,-23.80252841,0 -52.40813822,-23.80255435,0 -52.40804872,-23.80258134,0 -52.40795330,-23.80261474,0 -52.40777447,-23.80268907,0 -52.40760211,-23.80277540,0 -52.40752980,-23.80281629,0 -52.40743739,-23.80287353,0 -52.40735542,-23.80293021,0 -52.40728443,-23.80298650,0 -52.40722376,-23.80304160,0 -52.40715157,-23.80311917,0 -52.40710333,-23.80318015,0 -52.40704340,-23.80326967,0 -52.40699519,-23.80335505,0 -52.40695723,-23.80343185,0 -52.40688572,-23.80360000,0 -52.40682433,-23.80377153,0 -52.40677053,-23.80394521,0 -52.40670075,-23.80421257,0</coordinates></LineString>
    </Placemark>
    <Placemark>
      <name>terra boa</name>
      <Style><LineStyle><color>ff000000</color><width>3</width></LineStyle></Style>
      <ExtendedData>
        <Data name="camada"><value>LP1</value></Data>
        <Data name="classificacao"><value>LP1 - LP1</value></Data>
      </ExtendedData>
      <LineString><tessellate>1</tessellate><coordinates>-52.40974887,-23.80230058,0 -52.40930082,-23.80233282,0 -52.40891028,-23.80236953,0 -52.40871537,-23.80239083,0 -52.40852096,-23.80241568,0 -52.40832775,-23.80244745,0 -52.40822357,-23.80246929,0 -52.40813730,-23.80249093,0 -52.40802663,-23.80252387,0 -52.40795175,-23.80254965,0 -52.40777207,-23.80262226,0 -52.40759861,-23.80270669,0 -52.40743230,-23.80280253,0 -52.40734044,-23.80286353,0 -52.40727609,-23.80291173,0 -52.40720329,-23.80297353,0 -52.40713727,-23.80303916,0 -52.40707166,-23.80311548,0 -52.40702126,-23.80318461,0 -52.40696870,-23.80326827,0 -52.40692793,-23.80334337,0 -52.40685139,-23.80350963,0 -52.40678621,-23.80367997,0 -52.40672938,-23.80385282,0 -52.40667921,-23.80402742,0 -52.40662103,-23.80426256,0</coordinates></LineString>
    </Placemark>
    <Placemark>
      <name>terra boa</name>
      <Style><LineStyle><color>ff000000</color><width>3</width></LineStyle></Style>
      <ExtendedData>
        <Data name="camada"><value>LP1</value></Data>
        <Data name="classificacao"><value>LP1 - LP1</value></Data>
      </ExtendedData>
      <LineString><tessellate>1</tessellate><coordinates>-52.40985910,-23.80223295,0 -52.40930042,-23.80227164,0 -52.40890988,-23.80230824,0 -52.40852050,-23.80235406,0 -52.40832719,-23.80238530,0 -52.40813646,-23.80242774,0 -52.40804312,-23.80245420,0 -52.40795031,-23.80248484,0 -52.40776981,-23.80255569,0 -52.40759532,-23.80263832,0 -52.40742757,-23.80273203,0 -52.40735288,-23.80277919,0 -52.40726871,-23.80283799,0 -52.40718589,-23.80290420,0 -52.40712477,-23.80296056,0 -52.40707060,-23.80301713,0 -52.40700175,-23.80310108,0 -52.40694922,-23.80317599,0 -52.40690102,-23.80325593,0 -52.40686000,-23.80333302,0 -52.40681889,-23.80341990,0 -52.40674957,-23.80358884,0 -52.40668947,-23.80376076,0 -52.40663655,-23.80393466,0 -52.40658958,-23.80411001,0 -52.40654179,-23.80431225,0</coordinates></LineString>
    </Placemark>
    <Placemark>
      <name>terra boa</name>
      <Style><LineStyle><color>ff000000</color><width>3</width></LineStyle></Style>
      <ExtendedData>
        <Data name="camada"><value>LP1</value></Data>
        <Data name="classificacao"><value>LP1 - LP1</value></Data>
      </ExtendedData>
      <LineString><tessellate>1</tessellate><coordinates>-52.40996793,-23.80216618,0 -52.40949561,-23.80219519,0 -52.40910464,-23.80222775,0 -52.40871453,-23.80226806,0 -52.40852005,-23.80229245,0 -52.40832664,-23.80232317,0 -52.40813564,-23.80236464,0 -52.40802217,-23.80239637,0 -52.40794892,-23.80242015,0 -52.40776767,-23.80248936,0 -52.40759223,-23.80257028,0 -52.40742317,-23.80266197,0 -52.40734089,-23.80271238,0 -52.40726215,-23.80276517,0 -52.40717117,-23.80283403,0 -52.40711396,-23.80288342,0 -52.40704887,-23.80294668,0 -52.40698460,-23.80301904,0 -52.40693879,-23.80307754,0 -52.40687661,-23.80316969,0 -52.40683343,-23.80324344,0 -52.40678834,-23.80333092,0 -52.40671449,-23.80349822,0 -52.40665087,-23.80366905,0 -52.40659503,-23.80384218,0 -52.40654555,-23.80401695,0 -52.40650142,-23.80419292,0 -52.40646313,-23.80436158,0</coordinates></LineString>
    </Placemark>
    <Placemark>
      <name>terra boa</name>
      <Style><LineStyle><color>ff000000</color><width>3</width></LineStyle></Style>
      <ExtendedData>
        <Data name="camada"><value>LP1</value></Data>
        <Data name="classificacao"><value>LP1 - LP1</value></Data>
      </ExtendedData>
      <LineString><tessellate>1</tessellate><coordinates>-52.41007132,-23.80209998,0 -52.40949522,-23.80213407,0 -52.40910424,-23.80216652,0 -52.40871411,-23.80220667,0 -52.40851960,-23.80223090,0 -52.40832612,-23.80226120,0 -52.40813485,-23.80230161,0 -52.40804333,-23.80232602,0 -52.40794764,-23.80235572,0 -52.40776566,-23.80242330,0 -52.40758932,-23.80250253,0 -52.40741907,-23.80259236,0 -52.40725624,-23.80269313,0 -52.40718943,-23.80274014,0 -52.40710449,-23.80280751,0 -52.40703080,-23.80287445,0 -52.40696944,-23.80293839,0 -52.40691062,-23.80300828,0 -52.40685469,-23.80308476,0 -52.40681367,-23.80314804,0 -52.40675989,-23.80324280,0 -52.40668109,-23.80340817,0 -52.40661367,-23.80357776,0 -52.40655470,-23.80375001,0 -52.40650258,-23.80392412,0 -52.40645620,-23.80409960,0 -52.40638522,-23.80441043,0</coordinates></LineString>
    </Placemark>
    <Placemark>
      <name>terra boa</name>
      <Style><LineStyle><color>ff000000</color><width>3</width></LineStyle></Style>
      <ExtendedData>
        <Data name="camada"><value>LP1</value></Data>
        <Data name="classificacao"><value>LP1 - LP1</value></Data>
      </ExtendedData>
      <LineString><tessellate>1</tessellate><coordinates>-52.41016408,-23.80203492,0 -52.40969058,-23.80205968,0 -52.40929924,-23.80208813,0 -52.40910384,-23.80210530,0 -52.40871369,-23.80214529,0 -52.40851916,-23.80216936,0 -52.40832559,-23.80219922,0 -52.40813412,-23.80223879,0 -52.40802357,-23.80226784,0 -52.40794641,-23.80229142,0 -52.40776377,-23.80235748,0 -52.40758656,-23.80243506,0 -52.40741522,-23.80252310,0 -52.40725080,-23.80262167,0 -52.40717882,-23.80267030,0 -52.40709605,-23.80273264,0 -52.40701610,-23.80280091,0 -52.40695624,-23.80285922,0 -52.40688642,-23.80293627,0 -52.40683515,-23.80300120,0 -52.40677864,-23.80308214,0 -52.40669683,-23.80322263,0 -52.40664949,-23.80331877,0 -52.40657793,-23.80348692,0 -52.40651567,-23.80365818,0 -52.40646079,-23.80383157,0 -52.40641195,-23.80400649,0 -52.40636826,-23.80418256,0 -52.40630749,-23.80445918,0</coordinates></LineString>
    </Placemark>
    <Placemark>
      <name>terra boa</name>
      <Style><LineStyle><color>ff000000</color><width>3</width></LineStyle></Style>
      <ExtendedData>
        <Data name="camada"><value>LP1</value></Data>
        <Data name="classificacao"><value>LP1 - LP1</value></Data>
      </ExtendedData>
      <LineString><tessellate>1</tessellate><coordinates>-52.41013703,-23.80197504,0 -52.40969020,-23.80199861,0 -52.40929884,-23.80202696,0 -52.40910344,-23.80204407,0 -52.40871327,-23.80208390,0 -52.40851872,-23.80210781,0 -52.40832507,-23.80213724,0 -52.40813338,-23.80217597,0 -52.40804939,-23.80219699,0 -52.40794526,-23.80222733,0 -52.40776196,-23.80229182,0 -52.40758395,-23.80236784,0 -52.40741158,-23.80245417,0 -52.40724573,-23.80255070,0 -52.40716908,-23.80260072,0 -52.40708848,-23.80265868,0 -52.40700439,-23.80272652,0 -52.40694448,-23.80278125,0 -52.40686629,-23.80286181,0 -52.40677426,-23.80297494,0 -52.40670986,-23.80306974,0 -52.40665611,-23.80316084,0 -52.40661976,-23.80323012,0 -52.40654376,-23.80339660,0 -52.40647797,-23.80356674,0 -52.40642013,-23.80373931,0 -52.40636876,-23.80391361,0 -52.40632289,-23.80408921,0 -52.40628145,-23.80426574,0 -52.40622995,-23.80450780,0</coordinates></LineString>
    </Placemark>
    <Placemark>
      <name>terra boa</name>
      <Style><LineStyle><color>ff000000</color><width>3</width></LineStyle></Style>
      <ExtendedData>
        <Data name="camada"><value>LP1</value></Data>
        <Data name="classificacao"><value>LP1 - LP1</value></Data>
      </ExtendedData>
      <LineString><tessellate>1</tessellate><coordinates>-52.40996430,-23.80192217,0 -52.40949405,-23.80195071,0 -52.40929845,-23.80196579,0 -52.40890784,-23.80200178,0 -52.40851827,-23.80204626,0 -52.40832455,-23.80207527,0 -52.40813268,-23.80211325,0 -52.40794414,-23.80216334,0 -52.40776026,-23.80222640,0 -52.40758146,-23.80230084,0 -52.40740814,-23.80238555,0 -52.40724100,-23.80248018,0 -52.40715995,-23.80253145,0 -52.40708163,-23.80258553,0 -52.40699517,-23.80265173,0 -52.40693398,-23.80270439,0 -52.40685017,-23.80278532,0 -52.40674959,-23.80290108,0 -52.40668812,-23.80298490,0 -52.40664054,-23.80305822,0 -52.40659214,-23.80314236,0 -52.40651124,-23.80330686,0 -52.40644165,-23.80347571,0 -52.40638067,-23.80364736,0 -52.40632663,-23.80382098,0 -52.40627843,-23.80399605,0 -52.40623515,-23.80417220,0 -52.40615262,-23.80455630,0</coordinates></LineString>
    </Placemark>
    <Placemark>
      <name>terra boa</name>
      <Style><LineStyle><color>ff000000</color><width>3</width></LineStyle></Style>
      <ExtendedData>
        <Data name="camada"><value>LP1</value></Data>
        <Data name="classificacao"><value>LP1 - LP1</value></Data>
      </ExtendedData>
      <LineString><tessellate>1</tessellate><coordinates>-52.40974281,-23.80187335,0 -52.40929806,-23.80190462,0 -52.40910264,-23.80192162,0 -52.40871244,-23.80196120,0 -52.40851783,-23.80198472,0 -52.40832405,-23.80201344,0 -52.40813202,-23.80205069,0 -52.40794312,-23.80209959,0 -52.40775865,-23.80216118,0 -52.40757913,-23.80223414,0 -52.40740490,-23.80231726,0 -52.40723655,-23.80241007,0 -52.40707536,-23.80251306,0 -52.40698788,-23.80257696,0 -52.40692455,-23.80262852,0 -52.40683784,-23.80270730,0 -52.40672917,-23.80282441,0 -52.40666854,-23.80290132,0 -52.40660805,-23.80298828,0 -52.40656659,-23.80305555,0 -52.40651782,-23.80314318,0 -52.40648046,-23.80321778,0 -52.40640680,-23.80338516,0 -52.40634245,-23.80355577,0 -52.40628560,-23.80372862,0 -52.40623495,-23.80390310,0 -52.40618962,-23.80407882,0 -52.40614848,-23.80425541,0 -52.40607553,-23.80460464,0</coordinates></LineString>
    </Placemark>
    <Placemark>
      <name>terra boa</name>
      <Style><LineStyle><color>ff000000</color><width>3</width></LineStyle></Style>
      <ExtendedData>
        <Data name="camada"><value>LP1</value></Data>
        <Data name="classificacao"><value>LP1 - LP1</value></Data>
      </ExtendedData>
      <LineString><tessellate>1</tessellate><coordinates>-52.40946864,-23.80183036,0 -52.40910224,-23.80186040,0 -52.40890703,-23.80187923,0 -52.40851739,-23.80192320,0 -52.40832356,-23.80195160,0 -52.40813136,-23.80198812,0 -52.40794209,-23.80203584,0 -52.40775709,-23.80209609,0 -52.40757691,-23.80216766,0 -52.40740183,-23.80224924,0 -52.40723237,-23.80234033,0 -52.40706959,-23.80244118,0 -52.40698194,-23.80250255,0 -52.40691602,-23.80255355,0 -52.40682892,-23.80262829,0 -52.40677561,-23.80267962,0 -52.40671306,-23.80274532,0 -52.40660973,-23.80287233,0 -52.40654312,-23.80296979,0 -52.40650104,-23.80303878,0 -52.40645160,-23.80312949,0 -52.40637348,-23.80329514,0 -52.40630560,-23.80346458,0 -52.40624580,-23.80363659,0 -52.40619256,-23.80381041,0 -52.40614492,-23.80398561,0 -52.40610208,-23.80416186,0 -52.40606269,-23.80433879,0 -52.40599885,-23.80465273,0</coordinates></LineString>
    </Placemark>
    <Placemark>
      <name>terra boa</name>
      <Style><LineStyle><color>ff000000</color><width>3</width></LineStyle></Style>
      <ExtendedData>
        <Data name="camada"><value>LP1</value></Data>
        <Data name="classificacao"><value>LP1 - LP1</value></Data>
      </ExtendedData>
      <LineString><tessellate>1</tessellate><coordinates>-52.40904189,-23.80180494,0 -52.40871161,-23.80183851,0 -52.40851696,-23.80186172,0 -52.40832306,-23.80188976,0 -52.40813070,-23.80192557,0 -52.40794116,-23.80197238,0 -52.40775565,-23.80203126,0 -52.40757478,-23.80210134,0 -52.40739891,-23.80218148,0 -52.40722842,-23.80227092,0 -52.40706421,-23.80236981,0 -52.40697679,-23.80242877,0 -52.40690825,-23.80247938,0 -52.40682290,-23.80254883,0 -52.40676429,-23.80260202,0 -52.40670114,-23.80266430,0 -52.40658855,-23.80279387,0 -52.40652155,-23.80288505,0 -52.40646741,-23.80296840,0 -52.40642458,-23.80304200,0 -52.40634176,-23.80320570,0 -52.40627015,-23.80337383,0 -52.40620718,-23.80354488,0 -52.40615125,-23.80371798,0 -52.40610125,-23.80389262,0 -52.40605636,-23.80406843,0 -52.40601556,-23.80424509,0 -52.40592223,-23.80470078,0</coordinates></LineString>
    </Placemark>
    <Placemark>
      <name>terra boa</name>
      <Style><LineStyle><color>ff000000</color><width>3</width></LineStyle></Style>
      <ExtendedData>
        <Data name="camada"><value>LP1</value></Data>
        <Data name="classificacao"><value>LP1 - LP1</value></Data>
      </ExtendedData>
      <LineString><tessellate>1</tessellate><coordinates>-52.40866857,-23.80178221,0 -52.40851652,-23.80180023,0 -52.40832257,-23.80182792,0 -52.40813009,-23.80186323,0 -52.40794024,-23.80190896,0 -52.40775423,-23.80196650,0 -52.40757277,-23.80203528,0 -52.40739611,-23.80211394,0 -52.40722467,-23.80220183,0 -52.40705917,-23.80229887,0 -52.40690114,-23.80240593,0 -52.40681917,-23.80246943,0 -52.40669312,-23.80258194,0 -52.40662034,-23.80265750,0 -52.40657192,-23.80271255,0 -52.40650193,-23.80280144,0 -52.40643746,-23.80289442,0 -52.40636057,-23.80302317,0 -52.40631184,-23.80311696,0 -52.40623613,-23.80328356,0 -52.40616979,-23.80345352,0 -52.40611103,-23.80362583,0 -52.40605858,-23.80379986,0 -52.40601151,-23.80397519,0 -52.40592987,-23.80432849,0 -52.40584568,-23.80474878,0</coordinates></LineString>
    </Placemark>
    <Placemark>
      <name>terra boa</name>
      <Style><LineStyle><color>ff000000</color><width>3</width></LineStyle></Style>
      <ExtendedData>
        <Data name="camada"><value>LP1</value></Data>
        <Data name="classificacao"><value>LP1 - LP1</value></Data>
      </ExtendedData>
      <LineString><tessellate>1</tessellate><coordinates>-52.40844092,-23.80174936,0 -52.40832208,-23.80176613,0 -52.40812949,-23.80180089,0 -52.40793934,-23.80184556,0 -52.40775292,-23.80190200,0 -52.40757085,-23.80196940,0 -52.40739344,-23.80204661,0 -52.40722111,-23.80213303,0 -52.40705442,-23.80222834,0 -52.40689461,-23.80233314,0 -52.40681708,-23.80239053,0 -52.40668853,-23.80249883,0 -52.40660708,-23.80257828,0 -52.40655983,-23.80262883,0 -52.40648404,-23.80271890,0 -52.40644519,-23.80276973,0 -52.40637638,-23.80286984,0 -52.40632567,-23.80295272,0 -52.40628360,-23.80302893,0 -52.40620359,-23.80319382,0 -52.40613374,-23.80336258,0 -52.40607201,-23.80353401,0 -52.40601692,-23.80370735,0 -52.40596758,-23.80388215,0 -52.40592316,-23.80405806,0 -52.40588263,-23.80423477,0 -52.40576923,-23.80479672,0</coordinates></LineString>
    </Placemark>
    <Placemark>
      <name>terra boa</name>
      <Style><LineStyle><color>ff000000</color><width>3</width></LineStyle></Style>
      <ExtendedData>
        <Data name="camada"><value>LP1</value></Data>
        <Data name="classificacao"><value>LP1 - LP1</value></Data>
      </ExtendedData>
      <LineString><tessellate>1</tessellate><coordinates>-52.40826660,-23.80171415,0 -52.40812888,-23.80173856,0 -52.40793852,-23.80178246,0 -52.40775164,-23.80183757,0 -52.40756900,-23.80190366,0 -52.40739094,-23.80197959,0 -52.40721772,-23.80206449,0 -52.40704994,-23.80215817,0 -52.40688858,-23.80226095,0 -52.40681595,-23.80231248,0 -52.40673598,-23.80237446,0 -52.40664173,-23.80245567,0 -52.40659499,-23.80250002,0 -52.40650875,-23.80259000,0 -52.40646762,-23.80263736,0 -52.40642752,-23.80268667,0 -52.40635498,-23.80278519,0 -52.40629428,-23.80287858,0 -52.40625723,-23.80294174,0 -52.40617271,-23.80310470,0 -52.40609911,-23.80327211,0 -52.40603421,-23.80344254,0 -52.40597643,-23.80361513,0 -52.40592463,-23.80378932,0 -52.40587812,-23.80396478,0 -52.40579706,-23.80431819,0 -52.40569289,-23.80484459,0</coordinates></LineString>
    </Placemark>
    <Placemark>
      <name>terra boa</name>
      <Style><LineStyle><color>ff000000</color><width>3</width></LineStyle></Style>
      <ExtendedData>
        <Data name="camada"><value>LP1</value></Data>
        <Data name="classificacao"><value>LP1 - LP1</value></Data>
      </ExtendedData>
      <LineString><tessellate>1</tessellate><coordinates>-52.40811695,-23.80167881,0 -52.40793770,-23.80171935,0 -52.40775043,-23.80177332,0 -52.40756727,-23.80183818,0 -52.40738852,-23.80191273,0 -52.40721448,-23.80199619,0 -52.40704569,-23.80208833,0 -52.40688293,-23.80218923,0 -52.40672810,-23.80230016,0 -52.40664140,-23.80237115,0 -52.40658409,-23.80242279,0 -52.40650244,-23.80250295,0 -52.40645271,-23.80255688,0 -52.40637384,-23.80265093,0 -52.40633534,-23.80270156,0 -52.40623256,-23.80285537,0 -52.40614343,-23.80301623,0 -52.40606586,-23.80318211,0 -52.40599762,-23.80335143,0 -52.40593701,-23.80352319,0 -52.40588276,-23.80369676,0 -52.40583395,-23.80387168,0 -52.40578999,-23.80404770,0 -52.40571215,-23.80440172,0 -52.40561649,-23.80489329,0</coordinates></LineString>
    </Placemark>
    <Placemark>
      <name>terra boa</name>
      <Style><LineStyle><color>ff000000</color><width>3</width></LineStyle></Style>
      <ExtendedData>
        <Data name="camada"><value>LP1</value></Data>
        <Data name="classificacao"><value>LP1 - LP1</value></Data>
      </ExtendedData>
      <LineString><tessellate>1</tessellate><coordinates>-52.40799425,-23.80164358,0 -52.40793689,-23.80165624,0 -52.40774928,-23.80170922,0 -52.40756557,-23.80177276,0 -52.40738619,-23.80184603,0 -52.40721143,-23.80192821,0 -52.40704164,-23.80201879,0 -52.40687762,-23.80211794,0 -52.40672087,-23.80222658,0 -52.40664317,-23.80228713,0 -52.40657402,-23.80234632,0 -52.40650016,-23.80241479,0 -52.40643906,-23.80247736,0 -52.40636225,-23.80256341,0 -52.40631731,-23.80261894,0 -52.40620963,-23.80276989,0 -52.40611585,-23.80292849,0 -52.40603411,-23.80309266,0 -52.40596236,-23.80326074,0 -52.40589874,-23.80343158,0 -52.40584188,-23.80360444,0 -52.40579081,-23.80377882,0 -52.40574474,-23.80395437,0 -52.40566424,-23.80430789,0 -52.40553998,-23.80494269,0</coordinates></LineString>
    </Placemark>
    <Placemark>
      <name>terra boa</name>
      <Style><LineStyle><color>ff000000</color><width>3</width></LineStyle></Style>
      <ExtendedData>
        <Data name="camada"><value>LP1</value></Data>
        <Data name="classificacao"><value>LP1 - LP1</value></Data>
      </ExtendedData>
      <LineString><tessellate>1</tessellate><coordinates>-52.40788847,-23.80160650,0 -52.40774812,-23.80164513,0 -52.40756400,-23.80170763,0 -52.40738401,-23.80177963,0 -52.40720849,-23.80186043,0 -52.40703779,-23.80194953,0 -52.40687260,-23.80204704,0 -52.40671413,-23.80215354,0 -52.40664628,-23.80220410,0 -52.40650134,-23.80232621,0 -52.40642646,-23.80239868,0 -52.40635552,-23.80247351,0 -52.40630075,-23.80253729,0 -52.40618843,-23.80268535,0 -52.40608987,-23.80284148,0 -52.40600393,-23.80300382,0 -52.40592850,-23.80317053,0 -52.40586173,-23.80334035,0 -52.40580213,-23.80351241,0 -52.40574860,-23.80368616,0 -52.40570043,-23.80386124,0 -52.40565683,-23.80403733,0 -52.40557943,-23.80439144,0 -52.40546358,-23.80499203,0</coordinates></LineString>
    </Placemark>
    <Placemark>
      <name>terra boa</name>
      <Style><LineStyle><color>ff000000</color><width>3</width></LineStyle></Style>
      <ExtendedData>
        <Data name="camada"><value>LP1</value></Data>
        <Data name="classificacao"><value>LP1 - LP1</value></Data>
      </ExtendedData>
      <LineString><tessellate>1</tessellate><coordinates>-52.40778805,-23.80157030,0 -52.40774709,-23.80158135,0 -52.40756244,-23.80164254,0 -52.40738188,-23.80171332,0 -52.40720567,-23.80179282,0 -52.40703413,-23.80188057,0 -52.40686785,-23.80197649,0 -52.40670780,-23.80208100,0 -52.40655595,-23.80219537,0 -52.40641474,-23.80232074,0 -52.40635341,-23.80238193,0 -52.40628545,-23.80245655,0 -52.40621280,-23.80254373,0 -52.40616882,-23.80260174,0 -52.40606564,-23.80275532,0 -52.40597527,-23.80291560,0 -52.40589594,-23.80308077,0 -52.40582590,-23.80324948,0 -52.40576349,-23.80342070,0 -52.40570748,-23.80359378,0 -52.40565700,-23.80376831,0 -52.40561146,-23.80394398,0 -52.40556996,-23.80412050,0 -52.40549514,-23.80447508,0 -52.40538739,-23.80504044,0</coordinates></LineString>
    </Placemark>
    <Placemark>
      <name>terra boa</name>
      <Style><LineStyle><color>ff000000</color><width>3</width></LineStyle></Style>
      <ExtendedData>
        <Data name="camada"><value>LP1</value></Data>
        <Data name="classificacao"><value>LP1 - LP1</value></Data>
      </ExtendedData>
      <MultiGeometry>
        <LineString><tessellate>1</tessellate><coordinates>-52.40769180,-23.80153522,0 -52.40756099,-23.80157769,0 -52.40737988,-23.80164726,0 -52.40720299,-23.80172549,0 -52.40703065,-23.80181189,0 -52.40686332,-23.80190627,0 -52.40670187,-23.80200893,0 -52.40654806,-23.80212107,0 -52.40645991,-23.80219346,0 -52.40635544,-23.80228942,0 -52.40627124,-23.80237660,0 -52.40620499,-23.80245155,0 -52.40615071,-23.80251906,0 -52.40604305,-23.80267002,0 -52.40594815,-23.80282807,0 -52.40586497,-23.80299162,0 -52.40579142,-23.80315905,0 -52.40572596,-23.80332930,0 -52.40566736,-23.80350166,0 -52.40561459,-23.80367561,0 -52.40556691,-23.80385080,0 -52.40548396,-23.80420383,0 -52.40541129,-23.80455879,0 -52.40531136,-23.80508812,0</coordinates></LineString>
        <LineString><tessellate>1</tessellate><coordinates>-52.40531136,-23.80508812,0 -52.40531136,-23.80508812,0</coordinates></LineString>
      </MultiGeometry>
    </Placemark>
    <Placemark>
      <name>terra boa</name>
      <Style><LineStyle><color>ff000000</color><width>3</width></LineStyle></Style>
      <ExtendedData>
        <Data name="camada"><value>LP1</value></Data>
        <Data name="classificacao"><value>LP1 - LP1</value></Data>
      </ExtendedData>
      <LineString><tessellate>1</tessellate><coordinates>-52.40760208,-23.80149939,0 -52.40755957,-23.80151292,0 -52.40737793,-23.80158132,0 -52.40720042,-23.80165835,0 -52.40702730,-23.80174342,0 -52.40685901,-23.80183633,0 -52.40669628,-23.80193728,0 -52.40654064,-23.80204728,0 -52.40646717,-23.80210483,0 -52.40639404,-23.80216729,0 -52.40630720,-23.80224763,0 -52.40620229,-23.80235702,0 -52.40613389,-23.80243725,0 -52.40602192,-23.80258552,0 -52.40592277,-23.80274134,0 -52.40583534,-23.80290301,0 -52.40575825,-23.80306908,0 -52.40568971,-23.80323830,0 -52.40562834,-23.80340984,0 -52.40557313,-23.80358314,0 -52.40552329,-23.80375782,0 -52.40547819,-23.80393359,0 -52.40543696,-23.80411017,0 -52.40536248,-23.80446481,0 -52.40523583,-23.80513549,0</coordinates></LineString>
    </Placemark>
    <Placemark>
      <name>terra boa</name>
      <Style><LineStyle><color>ff000000</color><width>3</width></LineStyle></Style>
      <ExtendedData>
        <Data name="camada"><value>LP1</value></Data>
        <Data name="classificacao"><value>LP1 - LP1</value></Data>
      </ExtendedData>
      <LineString><tessellate>1</tessellate><coordinates>-52.40751342,-23.80146483,0 -52.40737608,-23.80151558,0 -52.40719792,-23.80159133,0 -52.40702407,-23.80167515,0 -52.40685489,-23.80176668,0 -52.40669103,-23.80186608,0 -52.40653364,-23.80197394,0 -52.40638473,-23.80209154,0 -52.40631416,-23.80215359,0 -52.40624584,-23.80221908,0 -52.40611819,-23.80235621,0 -52.40605177,-23.80243652,0 -52.40600230,-23.80250191,0 -52.40589890,-23.80265537,0 -52.40580731,-23.80281507,0 -52.40572646,-23.80297961,0 -52.40565459,-23.80314766,0 -52.40559045,-23.80331834,0 -52.40553272,-23.80349094,0 -52.40548060,-23.80366506,0 -52.40543343,-23.80384037,0 -52.40535109,-23.80419352,0 -52.40527868,-23.80454853,0 -52.40516054,-23.80518272,0</coordinates></LineString>
    </Placemark>
    <Placemark>
      <name>terra boa</name>
      <Style><LineStyle><color>ff000000</color><width>3</width></LineStyle></Style>
      <ExtendedData>
        <Data name="camada"><value>LP1</value></Data>
        <Data name="classificacao"><value>LP1 - LP1</value></Data>
      </ExtendedData>
      <LineString><tessellate>1</tessellate><coordinates>-52.40742551,-23.80143141,0 -52.40737428,-23.80144995,0 -52.40719558,-23.80152462,0 -52.40702103,-23.80160717,0 -52.40685099,-23.80169736,0 -52.40668604,-23.80179521,0 -52.40652711,-23.80190116,0 -52.40637599,-23.80201636,0 -52.40623454,-23.80214150,0 -52.40615470,-23.80222058,0 -52.40604774,-23.80233969,0 -52.40598410,-23.80241918,0 -52.40587648,-23.80257016,0 -52.40578079,-23.80272781,0 -52.40569602,-23.80289067,0 -52.40562087,-23.80305749,0 -52.40555367,-23.80322717,0 -52.40549334,-23.80339902,0 -52.40543889,-23.80357253,0 -52.40538962,-23.80374735,0 -52.40534493,-23.80392321,0 -52.40526590,-23.80427701,0 -52.40516145,-23.80481022,0 -52.40508542,-23.80522983,0</coordinates></LineString>
    </Placemark>
    <Placemark>
      <name>terra boa</name>
      <Style><LineStyle><color>ff000000</color><width>3</width></LineStyle></Style>
      <ExtendedData>
        <Data name="camada"><value>LP1</value></Data>
        <Data name="classificacao"><value>LP1 - LP1</value></Data>
      </ExtendedData>
      <LineString><tessellate>1</tessellate><coordinates>-52.40733589,-23.80139956,0 -52.40719328,-23.80145798,0 -52.40701808,-23.80153938,0 -52.40684724,-23.80162826,0 -52.40668127,-23.80172465,0 -52.40652102,-23.80182889,0 -52.40636803,-23.80194198,0 -52.40622379,-23.80206441,0 -52.40608996,-23.80219646,0 -52.40596704,-23.80233720,0 -52.40585540,-23.80248570,0 -52.40575575,-23.80264125,0 -52.40566710,-23.80280235,0 -52.40558832,-23.80296774,0 -52.40551812,-23.80313639,0 -52.40545504,-23.80330740,0 -52.40539817,-23.80348025,0 -52.40534668,-23.80365453,0 -52.40530005,-23.80382996,0 -52.40525755,-23.80400627,0 -52.40518130,-23.80436059,0 -52.40507845,-23.80489408,0 -52.40501045,-23.80527686,0</coordinates></LineString>
    </Placemark>
    <Placemark>
      <name>terra boa</name>
      <Style><LineStyle><color>ff000000</color><width>3</width></LineStyle></Style>
      <ExtendedData>
        <Data name="camada"><value>LP1</value></Data>
        <Data name="classificacao"><value>LP1 - LP1</value></Data>
      </ExtendedData>
      <LineString><tessellate>1</tessellate><coordinates>-52.40724746,-23.80136890,0 -52.40719112,-23.80139160,0 -52.40701523,-23.80147172,0 -52.40684363,-23.80155937,0 -52.40667671,-23.80165437,0 -52.40651521,-23.80175698,0 -52.40636042,-23.80186797,0 -52.40621406,-23.80198825,0 -52.40607731,-23.80211774,0 -52.40595093,-23.80225587,0 -52.40583579,-23.80240209,0 -52.40573215,-23.80255542,0 -52.40563956,-23.80271462,0 -52.40555723,-23.80287854,0 -52.40548373,-23.80304599,0 -52.40541786,-23.80321611,0 -52.40535846,-23.80338824,0 -52.40530473,-23.80356194,0 -52.40525596,-23.80373688,0 -52.40521173,-23.80391283,0 -52.40513313,-23.80426672,0 -52.40499561,-23.80497796,0 -52.40493572,-23.80532446,0</coordinates></LineString>
    </Placemark>
    <Placemark>
      <name>terra boa</name>
      <Style><LineStyle><color>ff000000</color><width>3</width></LineStyle></Style>
      <ExtendedData>
        <Data name="camada"><value>LP1</value></Data>
        <Data name="classificacao"><value>LP1 - LP1</value></Data>
      </ExtendedData>
      <LineString><tessellate>1</tessellate><coordinates>-52.40715964,-23.80133845,0 -52.40701254,-23.80140437,0 -52.40684018,-23.80149075,0 -52.40667234,-23.80158435,0 -52.40650968,-23.80168541,0 -52.40635327,-23.80179447,0 -52.40620479,-23.80191255,0 -52.40606522,-23.80203948,0 -52.40593603,-23.80217540,0 -52.40581750,-23.80231930,0 -52.40570991,-23.80247031,0 -52.40561344,-23.80262755,0 -52.40552743,-23.80278986,0 -52.40545063,-23.80295605,0 -52.40538180,-23.80312517,0 -52.40531980,-23.80329652,0 -52.40526371,-23.80346958,0 -52.40521287,-23.80364402,0 -52.40516667,-23.80381954,0 -52.40512448,-23.80399592,0 -52.40504861,-23.80435032,0 -52.40491313,-23.80506189,0 -52.40486174,-23.80537221,0</coordinates></LineString>
    </Placemark>
    <Placemark>
      <name>terra boa</name>
      <Style><LineStyle><color>ff000000</color><width>3</width></LineStyle></Style>
      <ExtendedData>
        <Data name="camada"><value>LP1</value></Data>
        <Data name="classificacao"><value>LP1 - LP1</value></Data>
      </ExtendedData>
      <LineString><tessellate>1</tessellate><coordinates>-52.40707295,-23.80130939,0 -52.40700991,-23.80133711,0 -52.40683688,-23.80142236,0 -52.40666821,-23.80151468,0 -52.40650445,-23.80161422,0 -52.40634663,-23.80172156,0 -52.40619605,-23.80183736,0 -52.40605434,-23.80196227,0 -52.40592214,-23.80209570,0 -52.40580019,-23.80223716,0 -52.40568889,-23.80238587,0 -52.40558874,-23.80254116,0 -52.40549894,-23.80270172,0 -52.40541881,-23.80286657,0 -52.40534690,-23.80303460,0 -52.40528221,-23.80320510,0 -52.40522369,-23.80337749,0 -52.40517060,-23.80355135,0 -52.40512243,-23.80372643,0 -52.40507856,-23.80390246,0 -52.40501998,-23.80416448,0</coordinates></LineString>
    </Placemark>
    <Placemark>
      <name>terra boa</name>
      <Style><LineStyle><color>ff000000</color><width>3</width></LineStyle></Style>
      <ExtendedData>
        <Data name="camada"><value>LP1</value></Data>
        <Data name="classificacao"><value>LP1 - LP1</value></Data>
      </ExtendedData>
      <LineString><tessellate>1</tessellate><coordinates>-52.40698284,-23.80128198,0 -52.40683367,-23.80135411,0 -52.40666422,-23.80144523,0 -52.40649948,-23.80154338,0 -52.40634025,-23.80164895,0 -52.40618800,-23.80176289,0 -52.40604381,-23.80188538,0 -52.40590878,-23.80201640,0 -52.40578375,-23.80215559,0 -52.40566927,-23.80230226,0 -52.40556541,-23.80245547,0 -52.40547181,-23.80261418,0 -52.40538820,-23.80277756,0 -52.40531324,-23.80294445,0 -52.40524568,-23.80311401,0 -52.40518468,-23.80328567,0 -52.40512936,-23.80345894,0 -52.40507905,-23.80363351,0 -52.40500434,-23.80393128,0</coordinates></LineString>
    </Placemark>
    <Placemark>
      <name>terra boa</name>
      <Style><LineStyle><color>ff000000</color><width>3</width></LineStyle></Style>
      <ExtendedData>
        <Data name="camada"><value>LP1</value></Data>
        <Data name="classificacao"><value>LP1 - LP1</value></Data>
      </ExtendedData>
      <LineString><tessellate>1</tessellate><coordinates>-52.40689357,-23.80125619,0 -52.40683063,-23.80128614,0 -52.40666036,-23.80137596,0 -52.40649470,-23.80147280,0 -52.40633423,-23.80157678,0 -52.40618019,-23.80168867,0 -52.40603408,-23.80180922,0 -52.40589669,-23.80193814,0 -52.40576877,-23.80207506,0 -52.40565089,-23.80221942,0 -52.40554334,-23.80237045,0 -52.40544608,-23.80252728,0 -52.40535894,-23.80268909,0 -52.40528070,-23.80285471,0 -52.40521034,-23.80302330,0 -52.40514669,-23.80319414,0 -52.40508901,-23.80336676,0 -52.40503662,-23.80354081,0 -52.40497838,-23.80375860,0</coordinates></LineString>
    </Placemark>
    <Placemark>
      <name>terra boa</name>
      <Style><LineStyle><color>ff000000</color><width>3</width></LineStyle></Style>
      <ExtendedData>
        <Data name="camada"><value>LP1</value></Data>
        <Data name="classificacao"><value>LP1 - LP1</value></Data>
      </ExtendedData>
      <LineString><tessellate>1</tessellate><coordinates>-52.40680112,-23.80123210,0 -52.40665670,-23.80130700,0 -52.40649010,-23.80140246,0 -52.40632856,-23.80150503,0 -52.40617304,-23.80161517,0 -52.40602486,-23.80173356,0 -52.40588499,-23.80186022,0 -52.40575431,-23.80199493,0 -52.40563334,-23.80213711,0 -52.40552237,-23.80228604,0 -52.40542173,-23.80244106,0 -52.40533102,-23.80260120,0 -52.40524948,-23.80276546,0 -52.40517605,-23.80293294,0 -52.40510979,-23.80310293,0 -52.40504968,-23.80327485,0 -52.40499502,-23.80344831,0 -52.40494916,-23.80360956,0</coordinates></LineString>
    </Placemark>
    <Placemark>
      <name>terra boa</name>
      <Style><LineStyle><color>ff000000</color><width>3</width></LineStyle></Style>
      <ExtendedData>
        <Data name="camada"><value>LP1</value></Data>
        <Data name="classificacao"><value>LP1 - LP1</value></Data>
      </ExtendedData>
      <LineString><tessellate>1</tessellate><coordinates>-52.40670819,-23.80121016,0 -52.40665316,-23.80123823,0 -52.40648573,-23.80133245,0 -52.40632310,-23.80143355,0 -52.40616614,-23.80154196,0 -52.40601612,-23.80165837,0 -52.40587415,-23.80178304,0 -52.40574086,-23.80191557,0 -52.40561690,-23.80205555,0 -52.40550276,-23.80220243,0 -52.40539867,-23.80235551,0 -52.40530436,-23.80251387,0 -52.40521952,-23.80267671,0 -52.40514302,-23.80284302,0 -52.40507389,-23.80301204,0 -52.40501135,-23.80318322,0 -52.40495446,-23.80335607,0 -52.40491826,-23.80347773,0</coordinates></LineString>
    </Placemark>
    <Placemark>
      <name>terra boa</name>
      <Style><LineStyle><color>ff000000</color><width>3</width></LineStyle></Style>
      <ExtendedData>
        <Data name="camada"><value>LP1</value></Data>
        <Data name="classificacao"><value>LP1 - LP1</value></Data>
      </ExtendedData>
      <LineString><tessellate>1</tessellate><coordinates>-52.40661552,-23.80118853,0 -52.40648153,-23.80126269,0 -52.40631786,-23.80136236,0 -52.40615961,-23.80146917,0 -52.40600796,-23.80158379,0 -52.40586383,-23.80170634,0 -52.40572816,-23.80183680,0 -52.40560151,-23.80197473,0 -52.40548429,-23.80211953,0 -52.40537678,-23.80227059,0 -52.40527895,-23.80242713,0 -52.40519077,-23.80258846,0 -52.40511116,-23.80275352,0 -52.40503921,-23.80292154,0 -52.40497399,-23.80309188,0 -52.40488562,-23.80335802,0</coordinates></LineString>
    </Placemark>
    <Placemark>
      <name>terra boa</name>
      <Style><LineStyle><color>ff000000</color><width>3</width></LineStyle></Style>
      <ExtendedData>
        <Data name="camada"><value>LP1</value></Data>
        <Data name="classificacao"><value>LP1 - LP1</value></Data>
      </ExtendedData>
      <LineString><tessellate>1</tessellate><coordinates>-52.40651765,-23.80117126,0 -52.40631291,-23.80129155,0 -52.40615346,-23.80139684,0 -52.40600008,-23.80150949,0 -52.40585410,-23.80163019,0 -52.40571607,-23.80175854,0 -52.40558660,-23.80189425,0 -52.40546649,-23.80203706,0 -52.40535586,-23.80218622,0 -52.40525471,-23.80234097,0 -52.40516327,-23.80250075,0 -52.40508045,-23.80266447,0 -52.40500561,-23.80283142,0 -52.40493777,-23.80300088,0 -52.40485261,-23.80324473,0</coordinates></LineString>
    </Placemark>
    <Placemark>
      <name>terra boa</name>
      <Style><LineStyle><color>ff000000</color><width>3</width></LineStyle></Style>
      <ExtendedData>
        <Data name="camada"><value>LP1</value></Data>
        <Data name="classificacao"><value>LP1 - LP1</value></Data>
      </ExtendedData>
      <LineString><tessellate>1</tessellate><coordinates>-52.40642044,-23.80115499,0 -52.40630813,-23.80122096,0 -52.40614750,-23.80132473,0 -52.40599281,-23.80143587,0 -52.40584492,-23.80155457,0 -52.40570480,-23.80168099,0 -52.40557304,-23.80181480,0 -52.40545005,-23.80195550,0 -52.40533624,-23.80210261,0 -52.40523193,-23.80225556,0 -52.40513701,-23.80241361,0 -52.40505093,-23.80257590,0 -52.40497309,-23.80274168,0 -52.40490255,-23.80291021,0 -52.40482039,-23.80313418,0</coordinates></LineString>
    </Placemark>
    <Placemark>
      <name>terra boa</name>
      <Style><LineStyle><color>ff000000</color><width>3</width></LineStyle></Style>
      <ExtendedData>
        <Data name="camada"><value>LP1</value></Data>
        <Data name="classificacao"><value>LP1 - LP1</value></Data>
      </ExtendedData>
      <LineString><tessellate>1</tessellate><coordinates>-52.40632385,-23.80113883,0 -52.40614191,-23.80125308,0 -52.40598566,-23.80136237,0 -52.40583618,-23.80147938,0 -52.40569395,-23.80160380,0 -52.40555963,-23.80173546,0 -52.40543425,-23.80187439,0 -52.40531768,-23.80201965,0 -52.40521021,-23.80217074,0 -52.40511193,-23.80232704,0 -52.40502261,-23.80248783,0 -52.40494174,-23.80265238,0 -52.40486837,-23.80281988,0 -52.40478816,-23.80302814,0</coordinates></LineString>
    </Placemark>
    <Placemark>
      <name>terra boa</name>
      <Style><LineStyle><color>ff000000</color><width>3</width></LineStyle></Style>
      <ExtendedData>
        <Data name="camada"><value>LP1</value></Data>
        <Data name="classificacao"><value>LP1 - LP1</value></Data>
      </ExtendedData>
      <LineString><tessellate>1</tessellate><coordinates>-52.40622529,-23.80112647,0 -52.40613651,-23.80118169,0 -52.40597913,-23.80128957,0 -52.40582793,-23.80140470,0 -52.40568386,-23.80152731,0 -52.40554754,-23.80165720,0 -52.40541934,-23.80179391,0 -52.40529967,-23.80193704,0 -52.40518934,-23.80208639,0 -52.40508794,-23.80224100,0 -52.40499552,-23.80240031,0 -52.40491161,-23.80256356,0 -52.40483541,-23.80272998,0 -52.40475514,-23.80292858,0</coordinates></LineString>
    </Placemark>
    <Placemark>
      <name>terra boa</name>
      <Style><LineStyle><color>ff000000</color><width>3</width></LineStyle></Style>
      <ExtendedData>
        <Data name="camada"><value>LP1</value></Data>
        <Data name="classificacao"><value>LP1 - LP1</value></Data>
      </ExtendedData>
      <LineString><tessellate>1</tessellate><coordinates>-52.40612190,-23.80111679,0 -52.40597269,-23.80121690,0 -52.40582005,-23.80133040,0 -52.40567413,-23.80145115,0 -52.40553545,-23.80157894,0 -52.40540522,-23.80171403,0 -52.40528320,-23.80185545,0 -52.40516973,-23.80200278,0 -52.40506519,-23.80215561,0 -52.40496965,-23.80231335,0 -52.40488261,-23.80247520,0 -52.40480351,-23.80264048,0 -52.40472379,-23.80282856,0</coordinates></LineString>
    </Placemark>
    <Placemark>
      <name>terra boa</name>
      <Style><LineStyle><color>ff000000</color><width>3</width></LineStyle></Style>
      <ExtendedData>
        <Data name="camada"><value>LP1</value></Data>
        <Data name="classificacao"><value>LP1 - LP1</value></Data>
      </ExtendedData>
      <LineString><tessellate>1</tessellate><coordinates>-52.40602134,-23.80110878,0 -52.40596668,-23.80114473,0 -52.40581259,-23.80125656,0 -52.40566499,-23.80137557,0 -52.40552460,-23.80150175,0 -52.40539177,-23.80163467,0 -52.40526699,-23.80177405,0 -52.40515108,-23.80191977,0 -52.40504364,-23.80207088,0 -52.40494492,-23.80222694,0 -52.40485473,-23.80238733,0 -52.40477271,-23.80255139,0 -52.40469176,-23.80273384,0</coordinates></LineString>
    </Placemark>
    <Placemark>
      <name>terra boa</name>
      <Style><LineStyle><color>ff000000</color><width>3</width></LineStyle></Style>
      <ExtendedData>
        <Data name="camada"><value>LP1</value></Data>
        <Data name="classificacao"><value>LP1 - LP1</value></Data>
      </ExtendedData>
      <LineString><tessellate>1</tessellate><coordinates>-52.40591571,-23.80110481,0 -52.40580544,-23.80118306,0 -52.40565624,-23.80130039,0 -52.40551376,-23.80142457,0 -52.40537901,-23.80155586,0 -52.40525208,-23.80169358,0 -52.40513306,-23.80183715,0 -52.40502283,-23.80198656,0 -52.40492119,-23.80214104,0 -52.40482794,-23.80229994,0 -52.40474302,-23.80246275,0 -52.40466182,-23.80263735,0</coordinates></LineString>
    </Placemark>
    <Placemark>
      <name>terra boa</name>
      <Style><LineStyle><color>ff000000</color><width>3</width></LineStyle></Style>
      <ExtendedData>
        <Data name="camada"><value>LP1</value></Data>
        <Data name="classificacao"><value>LP1 - LP1</value></Data>
      </ExtendedData>
      <LineString><tessellate>1</tessellate><coordinates>-52.40580940,-23.80110250,0 -52.40564790,-23.80122561,0 -52.40550388,-23.80134827,0 -52.40536692,-23.80147760,0 -52.40523739,-23.80161327,0 -52.40511635,-23.80175541,0 -52.40500322,-23.80190295,0 -52.40489845,-23.80205565,0 -52.40480229,-23.80221309,0 -52.40471444,-23.80237457,0 -52.40463428,-23.80253883,0</coordinates></LineString>
    </Placemark>
    <Placemark>
      <name>terra boa</name>
      <Style><LineStyle><color>ff000000</color><width>3</width></LineStyle></Style>
      <ExtendedData>
        <Data name="camada"><value>LP1</value></Data>
        <Data name="classificacao"><value>LP1 - LP1</value></Data>
      </ExtendedData>
      <LineString><tessellate>1</tessellate><coordinates>-52.40570774,-23.80110050,0 -52.40564002,-23.80115131,0 -52.40549415,-23.80127212,0 -52.40535526,-23.80139970,0 -52.40522394,-23.80153390,0 -52.40509991,-23.80167384,0 -52.40498447,-23.80181989,0 -52.40487708,-23.80197102,0 -52.40477791,-23.80212685,0 -52.40468698,-23.80228688,0 -52.40461143,-23.80243523,0</coordinates></LineString>
    </Placemark>
    <Placemark>
      <name>terra boa</name>
      <Style><LineStyle><color>ff000000</color><width>3</width></LineStyle></Style>
      <ExtendedData>
        <Data name="camada"><value>LP1</value></Data>
        <Data name="classificacao"><value>LP1 - LP1</value></Data>
      </ExtendedData>
      <MultiGeometry>
        <LineString><tessellate>1</tessellate><coordinates>-52.40560228,-23.80110163,0 -52.40560228,-23.80110163,0</coordinates></LineString>
        <LineString><tessellate>1</tessellate><coordinates>-52.40560228,-23.80110163,0 -52.40548505,-23.80119658,0 -52.40534441,-23.80132252,0 -52.40521049,-23.80145453,0 -52.40508482,-23.80159324,0 -52.40496646,-23.80173727,0 -52.40485632,-23.80188674,0 -52.40475445,-23.80204109,0 -52.40466058,-23.80219968,0 -52.40458871,-23.80233507,0</coordinates></LineString>
      </MultiGeometry>
    </Placemark>
    <Placemark>
      <name>terra boa</name>
      <Style><LineStyle><color>ff000000</color><width>3</width></LineStyle></Style>
      <ExtendedData>
        <Data name="camada"><value>LP1</value></Data>
        <Data name="classificacao"><value>LP1 - LP1</value></Data>
      </ExtendedData>
      <LineString><tessellate>1</tessellate><coordinates>-52.40549455,-23.80110698,0 -52.40533363,-23.80124539,0 -52.40519839,-23.80137626,0 -52.40506992,-23.80151276,0 -52.40494950,-23.80165536,0 -52.40483670,-23.80180313,0 -52.40473171,-23.80195570,0 -52.40463513,-23.80211292,0 -52.40456621,-23.80223783,0</coordinates></LineString>
    </Placemark>
    <Placemark>
      <name>terra boa</name>
      <Style><LineStyle><color>ff000000</color><width>3</width></LineStyle></Style>
      <ExtendedData>
        <Data name="camada"><value>LP1</value></Data>
        <Data name="classificacao"><value>LP1 - LP1</value></Data>
      </ExtendedData>
      <MultiGeometry>
        <LineString><tessellate>1</tessellate><coordinates>-52.40538441,-23.80111766,0 -52.40538441,-23.80111766,0</coordinates></LineString>
        <LineString><tessellate>1</tessellate><coordinates>-52.40538441,-23.80111766,0 -52.40532390,-23.80116924,0 -52.40518630,-23.80129799,0 -52.40505612,-23.80143313,0 -52.40493306,-23.80157380,0 -52.40481787,-23.80172000,0 -52.40471051,-23.80187116,0 -52.40461090,-23.80202675,0 -52.40454565,-23.80214042,0</coordinates></LineString>
      </MultiGeometry>
    </Placemark>
    <Placemark>
      <name>terra boa</name>
      <Style><LineStyle><color>ff000000</color><width>3</width></LineStyle></Style>
      <ExtendedData>
        <Data name="camada"><value>LP1</value></Data>
        <Data name="classificacao"><value>LP1 - LP1</value></Data>
      </ExtendedData>
      <MultiGeometry>
        <LineString><tessellate>1</tessellate><coordinates>-52.40526269,-23.80114022,0 -52.40526269,-23.80114022,0</coordinates></LineString>
        <LineString><tessellate>1</tessellate><coordinates>-52.40526269,-23.80114022,0 -52.40517506,-23.80122047,0 -52.40504267,-23.80135377,0 -52.40491757,-23.80149290,0 -52.40479985,-23.80163739,0 -52.40468980,-23.80178691,0 -52.40458771,-23.80194114,0 -52.40452762,-23.80204179,0</coordinates></LineString>
      </MultiGeometry>
    </Placemark>
    <Placemark>
      <name>terra boa</name>
      <Style><LineStyle><color>ff000000</color><width>3</width></LineStyle></Style>
      <ExtendedData>
        <Data name="camada"><value>LP1</value></Data>
        <Data name="classificacao"><value>LP1 - LP1</value></Data>
      </ExtendedData>
      <MultiGeometry>
        <LineString><tessellate>1</tessellate><coordinates>-52.40512858,-23.80117820,0 -52.40512858,-23.80117820,0</coordinates></LineString>
        <LineString><tessellate>1</tessellate><coordinates>-52.40512858,-23.80117820,0 -52.40502986,-23.80127492,0 -52.40490266,-23.80141243,0 -52.40478265,-23.80155531,0 -52.40467019,-23.80170330,0 -52.40456514,-23.80185584,0 -52.40451230,-23.80194134,0</coordinates></LineString>
      </MultiGeometry>
    </Placemark>
    <Placemark>
      <name>terra boa</name>
      <Style><LineStyle><color>ff000000</color><width>3</width></LineStyle></Style>
      <ExtendedData>
        <Data name="camada"><value>LP1</value></Data>
        <Data name="classificacao"><value>LP1 - LP1</value></Data>
      </ExtendedData>
      <MultiGeometry>
        <LineString><tessellate>1</tessellate><coordinates>-52.40499185,-23.80122382,0 -52.40499185,-23.80122382,0</coordinates></LineString>
        <LineString><tessellate>1</tessellate><coordinates>-52.40499185,-23.80122382,0 -52.40488830,-23.80133236,0 -52.40476621,-23.80147375,0 -52.40465127,-23.80162012,0 -52.40454394,-23.80177130,0 -52.40449739,-23.80184358,0</coordinates></LineString>
      </MultiGeometry>
    </Placemark>
    <Placemark>
      <name>terra boa</name>
      <Style><LineStyle><color>ff000000</color><width>3</width></LineStyle></Style>
      <ExtendedData>
        <Data name="camada"><value>LP1</value></Data>
        <Data name="classificacao"><value>LP1 - LP1</value></Data>
      </ExtendedData>
      <LineString><tessellate>1</tessellate><coordinates>-52.40485288,-23.80127762,0 -52.40475031,-23.80139256,0 -52.40463325,-23.80153750,0 -52.40452329,-23.80168708,0 -52.40449174,-23.80173460,0</coordinates></LineString>
    </Placemark>
    <Placemark>
      <name>terra boa</name>
      <Style><LineStyle><color>ff000000</color><width>3</width></LineStyle></Style>
      <ExtendedData>
        <Data name="camada"><value>LP2</value></Data>
        <Data name="classificacao"><value>LP2 - LP2</value></Data>
      </ExtendedData>
      <MultiGeometry>
        <LineString><tessellate>1</tessellate><coordinates>-52.40324527,-23.80637904,0 -52.40339917,-23.80624936,0 -52.40373358,-23.80590061,0 -52.40414447,-23.80528458,0 -52.40416692,-23.80522913,0 -52.40424829,-23.80495201,0 -52.40429902,-23.80477754,0 -52.40434406,-23.80460177,0 -52.40438106,-23.80442442,0 -52.40440906,-23.80424568,0 -52.40442890,-23.80406601,0 -52.40444391,-23.80388599,0 -52.40444749,-23.80370545,0 -52.40444078,-23.80352498,0 -52.40442439,-23.80334504,0 -52.40439861,-23.80316602,0 -52.40436517,-23.80298806,0 -52.40432116,-23.80281208,0 -52.40426807,-23.80263824,0 -52.40420629,-23.80246684,0 -52.40413602,-23.80229823,0 -52.40405650,-23.80213314,0 -52.40392776,-23.80189525,0 -52.40383485,-23.80175645,0</coordinates></LineString>
        <LineString><tessellate>1</tessellate><coordinates>-52.40383485,-23.80175645,0 -52.40383485,-23.80175645,0</coordinates></LineString>
      </MultiGeometry>
    </Placemark>
    <Placemark>
      <name>terra boa</name>
      <Style><LineStyle><color>ff000000</color><width>3</width></LineStyle></Style>
      <ExtendedData>
        <Data name="camada"><value>LP2</value></Data>
        <Data name="classificacao"><value>LP2 - LP2</value></Data>
      </ExtendedData>
      <LineString><tessellate>1</tessellate><coordinates>-52.40077843,-23.80792983,0 -52.40093781,-23.80775681,0 -52.40099332,-23.80770247,0 -52.40107365,-23.80763184,0 -52.40113911,-23.80758174,0 -52.40121312,-23.80753098,0 -52.40130068,-23.80747945,0 -52.40163643,-23.80729224,0 -52.40247875,-23.80682878,0 -52.40264379,-23.80673103,0 -52.40288740,-23.80657423,0 -52.40311473,-23.80640638,0 -52.40335182,-23.80620660,0 -52.40368016,-23.80586418,0 -52.40405677,-23.80530223,0 -52.40408878,-23.80524894,0 -52.40410953,-23.80519139,0 -52.40423685,-23.80475512,0 -52.40428159,-23.80457928,0 -52.40431802,-23.80440183,0 -52.40434544,-23.80422301,0 -52.40437657,-23.80391936,0 -52.40438205,-23.80374771,0 -52.40437302,-23.80350221,0 -52.40435483,-23.80332241,0 -52.40432760,-23.80314357,0 -52.40429195,-23.80296601,0 -52.40424631,-23.80279039,0 -52.40419159,-23.80261698,0 -52.40412803,-23.80244613,0 -52.40405470,-23.80227863,0 -52.40397363,-23.80211417,0 -52.40386988,-23.80192500,0 -52.40374644,-23.80173928,0</coordinates></LineString>
    </Placemark>
    <Placemark>
      <name>terra boa</name>
      <Style><LineStyle><color>ff000000</color><width>3</width></LineStyle></Style>
      <ExtendedData>
        <Data name="camada"><value>LP2</value></Data>
        <Data name="classificacao"><value>LP2 - LP2</value></Data>
      </ExtendedData>
      <MultiGeometry>
        <LineString><tessellate>1</tessellate><coordinates>-52.40058397,-23.80805127,0 -52.40058397,-23.80805127,0</coordinates></LineString>
        <LineString><tessellate>1</tessellate><coordinates>-52.40058397,-23.80805127,0 -52.40079807,-23.80781330,0 -52.40092741,-23.80767748,0 -52.40098255,-23.80762625,0 -52.40107062,-23.80755413,0 -52.40112568,-23.80751393,0 -52.40122931,-23.80744804,0 -52.40173310,-23.80716748,0 -52.40240753,-23.80679760,0 -52.40257322,-23.80670079,0 -52.40284756,-23.80652550,0 -52.40304726,-23.80637986,0 -52.40330448,-23.80616384,0 -52.40362674,-23.80582776,0 -52.40399406,-23.80527969,0 -52.40402673,-23.80522575,0 -52.40404808,-23.80516695,0 -52.40417469,-23.80473270,0 -52.40421912,-23.80455680,0 -52.40425479,-23.80437922,0 -52.40428141,-23.80420030,0 -52.40431041,-23.80391579,0 -52.40431579,-23.80374736,0 -52.40430505,-23.80347945,0 -52.40428528,-23.80329978,0 -52.40425650,-23.80312114,0 -52.40423575,-23.80301418,0 -52.40420067,-23.80286947,0 -52.40417147,-23.80276870,0 -52.40411502,-23.80259575,0 -52.40404829,-23.80242593,0 -52.40397338,-23.80225902,0 -52.40388977,-23.80209565,0 -52.40379920,-23.80193549,0 -52.40365451,-23.80172142,0</coordinates></LineString>
      </MultiGeometry>
    </Placemark>
    <Placemark>
      <name>terra boa</name>
      <Style><LineStyle><color>ff000000</color><width>3</width></LineStyle></Style>
      <ExtendedData>
        <Data name="camada"><value>LP2</value></Data>
        <Data name="classificacao"><value>LP2 - LP2</value></Data>
      </ExtendedData>
      <MultiGeometry>
        <LineString><tessellate>1</tessellate><coordinates>-52.40039479,-23.80817096,0 -52.40060765,-23.80792802,0 -52.40086189,-23.80765284,0 -52.40093666,-23.80758226,0 -52.40100277,-23.80752724,0 -52.40108579,-23.80746525,0 -52.40115878,-23.80741784,0 -52.40132568,-23.80732282,0 -52.40182990,-23.80704293,0 -52.40233632,-23.80676642,0 -52.40250265,-23.80667055,0 -52.40266569,-23.80657001,0 -52.40282482,-23.80646431,0 -52.40301062,-23.80632880,0 -52.40326872,-23.80610900,0 -52.40357332,-23.80579133,0 -52.40393386,-23.80525337,0 -52.40396527,-23.80520131,0 -52.40398662,-23.80514252,0 -52.40411253,-23.80471028,0 -52.40415645,-23.80453427,0 -52.40419155,-23.80435660,0 -52.40421732,-23.80417758,0 -52.40424424,-23.80391222,0 -52.40424952,-23.80374701,0 -52.40424740,-23.80363702,0 -52.40423635,-23.80345674,0 -52.40421527,-23.80327720,0 -52.40417078,-23.80302617,0 -52.40414550,-23.80292190,0 -52.40409660,-23.80274702,0 -52.40403690,-23.80257499,0 -52.40396856,-23.80240572,0 -52.40389134,-23.80223971,0 -52.40380538,-23.80207737,0 -52.40375411,-23.80198449,0 -52.40360745,-23.80176576,0 -52.40355557,-23.80169831,0</coordinates></LineString>
        <LineString><tessellate>1</tessellate><coordinates>-52.40355557,-23.80169831,0 -52.40355557,-23.80169831,0</coordinates></LineString>
      </MultiGeometry>
    </Placemark>
    <Placemark>
      <name>terra boa</name>
      <Style><LineStyle><color>ff000000</color><width>3</width></LineStyle></Style>
      <ExtendedData>
        <Data name="camada"><value>LP2</value></Data>
        <Data name="classificacao"><value>LP2 - LP2</value></Data>
      </ExtendedData>
      <LineString><tessellate>1</tessellate><coordinates>-52.40021472,-23.80828440,0 -52.40041936,-23.80804435,0 -52.40054315,-23.80790420,0 -52.40079638,-23.80762820,0 -52.40084011,-23.80758481,0 -52.40093516,-23.80750060,0 -52.40099334,-23.80745456,0 -52.40108862,-23.80738815,0 -52.40115575,-23.80734653,0 -52.40175839,-23.80701132,0 -52.40226498,-23.80673507,0 -52.40243208,-23.80664031,0 -52.40259596,-23.80654090,0 -52.40275576,-23.80643601,0 -52.40296762,-23.80628238,0 -52.40320295,-23.80608408,0 -52.40351990,-23.80575491,0 -52.40387240,-23.80522894,0 -52.40390381,-23.80517688,0 -52.40392516,-23.80511809,0 -52.40405036,-23.80468786,0 -52.40409378,-23.80451174,0 -52.40412831,-23.80433398,0 -52.40415323,-23.80415487,0 -52.40417808,-23.80390864,0 -52.40418172,-23.80379477,0 -52.40418070,-23.80361420,0 -52.40416765,-23.80343402,0 -52.40414495,-23.80325466,0 -52.40411324,-23.80307644,0 -52.40407228,-23.80289984,0 -52.40402012,-23.80272576,0 -52.40395879,-23.80255423,0 -52.40388842,-23.80238566,0 -52.40380846,-23.80222075,0 -52.40369623,-23.80201424,0 -52.40356148,-23.80181150,0 -52.40344747,-23.80166330,0</coordinates></LineString>
    </Placemark>
    <Placemark>
      <name>terra boa</name>
      <Style><LineStyle><color>ff000000</color><width>3</width></LineStyle></Style>
      <ExtendedData>
        <Data name="camada"><value>LP2</value></Data>
        <Data name="classificacao"><value>LP2 - LP2</value></Data>
      </ExtendedData>
      <LineString><tessellate>1</tessellate><coordinates>-52.40004346,-23.80839120,0 -52.40023335,-23.80816238,0 -52.40035501,-23.80802065,0 -52.40060406,-23.80774144,0 -52.40073125,-23.80760388,0 -52.40079240,-23.80754250,0 -52.40086814,-23.80747456,0 -52.40095137,-23.80740738,0 -52.40101903,-23.80735922,0 -52.40112020,-23.80729508,0 -52.40168688,-23.80697970,0 -52.40219325,-23.80670310,0 -52.40236090,-23.80660919,0 -52.40252548,-23.80651078,0 -52.40268603,-23.80640690,0 -52.40292461,-23.80623597,0 -52.40316244,-23.80603556,0 -52.40346648,-23.80571848,0 -52.40381456,-23.80519904,0 -52.40384910,-23.80513725,0 -52.40398820,-23.80466543,0 -52.40403110,-23.80448922,0 -52.40406507,-23.80431136,0 -52.40408914,-23.80413215,0 -52.40411192,-23.80390507,0 -52.40411617,-23.80377196,0 -52.40411309,-23.80359142,0 -52.40409894,-23.80341131,0 -52.40407462,-23.80323212,0 -52.40404161,-23.80305410,0 -52.40399750,-23.80287814,0 -52.40394363,-23.80270450,0 -52.40388062,-23.80253349,0 -52.40380710,-23.80236606,0 -52.40372548,-23.80220183,0 -52.40363633,-23.80204094,0 -52.40350612,-23.80184505,0 -52.40337667,-23.80167678,0 -52.40325174,-23.80153265,0 -52.40317825,-23.80145591,0 -52.40304454,-23.80132374,0 -52.40292779,-23.80121817,0</coordinates></LineString>
    </Placemark>
    <Placemark>
      <name>terra boa</name>
      <Style><LineStyle><color>ff000000</color><width>3</width></LineStyle></Style>
      <ExtendedData>
        <Data name="camada"><value>LP2</value></Data>
        <Data name="classificacao"><value>LP2 - LP2</value></Data>
      </ExtendedData>
      <LineString><tessellate>1</tessellate><coordinates>-52.39987374,-23.80849943,0 -52.40016932,-23.80813890,0 -52.40041414,-23.80785654,0 -52.40066641,-23.80757979,0 -52.40074469,-23.80750019,0 -52.40085383,-23.80740377,0 -52.40094994,-23.80733090,0 -52.40102439,-23.80728044,0 -52.40111155,-23.80722858,0 -52.40161538,-23.80694809,0 -52.40228968,-23.80657801,0 -52.40245492,-23.80648054,0 -52.40268821,-23.80633060,0 -52.40288161,-23.80618955,0 -52.40311510,-23.80599280,0 -52.40341306,-23.80568206,0 -52.40375310,-23.80517461,0 -52.40378711,-23.80511413,0 -52.40392603,-23.80464301,0 -52.40396843,-23.80446669,0 -52.40400184,-23.80428874,0 -52.40402503,-23.80410943,0 -52.40404307,-23.80392959,0 -52.40405063,-23.80374916,0 -52.40404534,-23.80356865,0 -52.40402974,-23.80338865,0 -52.40400365,-23.80320967,0 -52.40396857,-23.80303201,0 -52.40392265,-23.80285645,0 -52.40386715,-23.80268325,0 -52.40380089,-23.80251328,0 -52.40372578,-23.80234645,0 -52.40358047,-23.80207374,0 -52.40344493,-23.80187100,0 -52.40333152,-23.80172359,0 -52.40320975,-23.80158196,0 -52.40308039,-23.80144615,0 -52.40294355,-23.80131670,0 -52.40282676,-23.80121537,0</coordinates></LineString>
    </Placemark>
    <Placemark>
      <name>terra boa</name>
      <Style><LineStyle><color>ff000000</color><width>3</width></LineStyle></Style>
      <ExtendedData>
        <Data name="camada"><value>LP2</value></Data>
        <Data name="classificacao"><value>LP2 - LP2</value></Data>
      </ExtendedData>
      <LineString><tessellate>1</tessellate><coordinates>-52.39971340,-23.80859902,0 -52.39998579,-23.80825870,0 -52.40022657,-23.80797341,0 -52.40034964,-23.80783271,0 -52.40064117,-23.80751327,0 -52.40073479,-23.80742316,0 -52.40080986,-23.80735816,0 -52.40088124,-23.80730305,0 -52.40098664,-23.80723034,0 -52.40104040,-23.80719749,0 -52.40171221,-23.80682358,0 -52.40221846,-23.80654683,0 -52.40238435,-23.80645030,0 -52.40254658,-23.80634869,0 -52.40264837,-23.80628188,0 -52.40270421,-23.80624115,0 -52.40285689,-23.80612772,0 -52.40306775,-23.80595004,0 -52.40335965,-23.80564564,0 -52.40369164,-23.80515018,0 -52.40372565,-23.80508970,0 -52.40386375,-23.80462056,0 -52.40390575,-23.80444416,0 -52.40393860,-23.80426612,0 -52.40396090,-23.80408670,0 -52.40397874,-23.80390685,0 -52.40398409,-23.80372635,0 -52.40397759,-23.80354587,0 -52.40396018,-23.80336602,0 -52.40393264,-23.80318722,0 -52.40391092,-23.80307416,0 -52.40389535,-23.80300995,0 -52.40384780,-23.80283476,0 -52.40378940,-23.80266238,0 -52.40372116,-23.80249307,0 -52.40364330,-23.80232732,0 -52.40352259,-23.80210349,0 -52.40339541,-23.80191214,0 -52.40327072,-23.80175006,0 -52.40315019,-23.80161100,0 -52.40303421,-23.80148990,0 -52.40298034,-23.80143825,0 -52.40284150,-23.80131063,0 -52.40273067,-23.80121741,0</coordinates></LineString>
    </Placemark>
    <Placemark>
      <name>terra boa</name>
      <Style><LineStyle><color>ff000000</color><width>3</width></LineStyle></Style>
      <ExtendedData>
        <Data name="camada"><value>LP2</value></Data>
        <Data name="classificacao"><value>LP2 - LP2</value></Data>
      </ExtendedData>
      <LineString><tessellate>1</tessellate><coordinates>-52.39955382,-23.80870091,0 -52.39980434,-23.80837995,0 -52.40004125,-23.80809193,0 -52.40016238,-23.80794982,0 -52.40041005,-23.80766957,0 -52.40059172,-23.80747268,0 -52.40066855,-23.80739787,0 -52.40076590,-23.80731254,0 -52.40081295,-23.80727566,0 -52.40088635,-23.80722184,0 -52.40096992,-23.80716738,0 -52.40130440,-23.80697832,0 -52.40214724,-23.80651565,0 -52.40231378,-23.80642007,0 -52.40247686,-23.80631958,0 -52.40263560,-23.80621340,0 -52.40278943,-23.80610122,0 -52.40302041,-23.80590728,0 -52.40330623,-23.80560921,0 -52.40363019,-23.80512574,0 -52.40366366,-23.80506657,0 -52.40368387,-23.80500508,0 -52.40380145,-23.80459811,0 -52.40384308,-23.80442163,0 -52.40387499,-23.80424346,0 -52.40389674,-23.80406398,0 -52.40391376,-23.80388408,0 -52.40391739,-23.80370354,0 -52.40390983,-23.80352310,0 -52.40389063,-23.80334339,0 -52.40386121,-23.80316484,0 -52.40384595,-23.80308616,0 -52.40382213,-23.80298790,0 -52.40377216,-23.80281328,0 -52.40371128,-23.80264162,0 -52.40364082,-23.80247309,0 -52.40356042,-23.80230836,0 -52.40347230,-23.80214699,0 -52.40334006,-23.80194569,0 -52.40321775,-23.80178670,0 -52.40309941,-23.80165018,0 -52.40301480,-23.80156184,0 -52.40288029,-23.80143035,0 -52.40273853,-23.80130546,0 -52.40263351,-23.80122025,0</coordinates></LineString>
    </Placemark>
    <Placemark>
      <name>terra boa</name>
      <Style><LineStyle><color>ff000000</color><width>3</width></LineStyle></Style>
      <ExtendedData>
        <Data name="camada"><value>LP2</value></Data>
        <Data name="classificacao"><value>LP2 - LP2</value></Data>
      </ExtendedData>
      <LineString><tessellate>1</tessellate><coordinates>-52.39939989,-23.80879818,0 -52.39962511,-23.80850271,0 -52.39974060,-23.80835668,0 -52.39997722,-23.80806845,0 -52.40009819,-23.80792623,0 -52.40034546,-23.80764568,0 -52.40047189,-23.80750752,0 -52.40060231,-23.80737259,0 -52.40066138,-23.80731834,0 -52.40074510,-23.80724877,0 -52.40084646,-23.80717315,0 -52.40097799,-23.80708928,0 -52.40224305,-23.80638959,0 -52.40240713,-23.80629047,0 -52.40256693,-23.80618558,0 -52.40275260,-23.80605029,0 -52.40297306,-23.80586452,0 -52.40325281,-23.80557279,0 -52.40356873,-23.80510131,0 -52.40360220,-23.80504214,0 -52.40362311,-23.80497828,0 -52.40373915,-23.80457566,0 -52.40378039,-23.80439910,0 -52.40381138,-23.80422079,0 -52.40383256,-23.80404125,0 -52.40384821,-23.80386127,0 -52.40385193,-23.80374488,0 -52.40384151,-23.80350036,0 -52.40382055,-23.80332082,0 -52.40378958,-23.80314249,0 -52.40374868,-23.80296589,0 -52.40369568,-23.80279203,0 -52.40363317,-23.80262086,0 -52.40355950,-23.80245348,0 -52.40347679,-23.80228973,0 -52.40340683,-23.80216298,0 -52.40328240,-23.80197624,0 -52.40316899,-23.80182883,0 -52.40304684,-23.80168748,0 -52.40291614,-23.80155276,0 -52.40277841,-23.80142412,0 -52.40263473,-23.80130111,0 -52.40253497,-23.80122222,0</coordinates></LineString>
    </Placemark>
    <Placemark>
      <name>terra boa</name>
      <Style><LineStyle><color>ff000000</color><width>3</width></LineStyle></Style>
      <ExtendedData>
        <Data name="camada"><value>LP2</value></Data>
        <Data name="classificacao"><value>LP2 - LP2</value></Data>
      </ExtendedData>
      <MultiGeometry>
        <LineString><tessellate>1</tessellate><coordinates>-52.39925099,-23.80889173,0 -52.39925099,-23.80889173,0</coordinates></LineString>
        <LineString><tessellate>1</tessellate><coordinates>-52.39925099,-23.80889173,0 -52.39956165,-23.80847962,0 -52.39967691,-23.80833343,0 -52.39991318,-23.80804497,0 -52.40015660,-23.80776159,0 -52.40040707,-23.80748345,0 -52.40053676,-23.80734792,0 -52.40061550,-23.80727435,0 -52.40074155,-23.80717147,0 -52.40083018,-23.80710876,0 -52.40094244,-23.80703783,0 -52.40149768,-23.80672872,0 -52.40217183,-23.80635841,0 -52.40233661,-23.80626030,0 -52.40249720,-23.80615647,0 -52.40270960,-23.80600388,0 -52.40292572,-23.80582176,0 -52.40320213,-23.80553227,0 -52.40350843,-23.80507512,0 -52.40354075,-23.80501770,0 -52.40356308,-23.80494897,0 -52.40367685,-23.80455320,0 -52.40371746,-23.80437653,0 -52.40374776,-23.80419812,0 -52.40378111,-23.80388721,0 -52.40378567,-23.80374453,0 -52.40378400,-23.80365791,0 -52.40377281,-23.80347765,0 -52.40375022,-23.80329828,0 -52.40371795,-23.80312015,0 -52.40367383,-23.80294420,0 -52.40361920,-23.80277077,0 -52.40355349,-23.80260063,0 -52.40347814,-23.80243389,0 -52.40334895,-23.80219273,0 -52.40322934,-23.80201278,0 -52.40311180,-23.80185999,0 -52.40299785,-23.80172853,0 -52.40288789,-23.80161371,0 -52.40267629,-23.80141812,0 -52.40243684,-23.80122529,0</coordinates></LineString>
      </MultiGeometry>
    </Placemark>
    <Placemark>
      <name>terra boa</name>
      <Style><LineStyle><color>ff000000</color><width>3</width></LineStyle></Style>
      <ExtendedData>
        <Data name="camada"><value>LP2</value></Data>
        <Data name="classificacao"><value>LP2 - LP2</value></Data>
      </ExtendedData>
      <MultiGeometry>
        <LineString><tessellate>1</tessellate><coordinates>-52.39910603,-23.80898195,0 -52.39910603,-23.80898195,0</coordinates></LineString>
        <LineString><tessellate>1</tessellate><coordinates>-52.39910603,-23.80898195,0 -52.39927327,-23.80875257,0 -52.39949818,-23.80845653,0 -52.39973025,-23.80816519,0 -52.39984915,-23.80802149,0 -52.40009226,-23.80773788,0 -52.40034240,-23.80745949,0 -52.40047125,-23.80732328,0 -52.40056962,-23.80723037,0 -52.40069959,-23.80712429,0 -52.40083565,-23.80702991,0 -52.40092241,-23.80697770,0 -52.40125810,-23.80679040,0 -52.40210061,-23.80632723,0 -52.40226605,-23.80623006,0 -52.40242748,-23.80612736,0 -52.40248901,-23.80608697,0 -52.40266660,-23.80595746,0 -52.40287801,-23.80577931,0 -52.40314597,-23.80549994,0 -52.40344697,-23.80505069,0 -52.40347929,-23.80499327,0 -52.40356570,-23.80470566,0 -52.40361455,-23.80453075,0 -52.40365453,-23.80435396,0 -52.40368414,-23.80417545,0 -52.40371495,-23.80388364,0 -52.40371940,-23.80374417,0 -52.40371730,-23.80363510,0 -52.40370411,-23.80345494,0 -52.40367971,-23.80327576,0 -52.40364519,-23.80309800,0 -52.40362141,-23.80299991,0 -52.40359899,-23.80292251,0 -52.40354189,-23.80274976,0 -52.40347375,-23.80258042,0 -52.40339526,-23.80241493,0 -52.40329107,-23.80222248,0 -52.40317399,-23.80204633,0 -52.40305882,-23.80189663,0 -52.40297919,-23.80180476,0 -52.40285136,-23.80166776,0 -52.40271533,-23.80153760,0 -52.40257249,-23.80141376,0 -52.40233806,-23.80122838,0</coordinates></LineString>
      </MultiGeometry>
    </Placemark>
    <Placemark>
      <name>terra boa</name>
      <Style><LineStyle><color>ff000000</color><width>3</width></LineStyle></Style>
      <ExtendedData>
        <Data name="camada"><value>LP2</value></Data>
        <Data name="classificacao"><value>LP2 - LP2</value></Data>
      </ExtendedData>
      <LineString><tessellate>1</tessellate><coordinates>-52.39896214,-23.80907263,0 -52.39910026,-23.80887935,0 -52.39932152,-23.80858098,0 -52.39954971,-23.80828706,0 -52.39966648,-23.80814189,0 -52.39978512,-23.80799801,0 -52.40002792,-23.80771417,0 -52.40027773,-23.80743554,0 -52.40040574,-23.80729864,0 -52.40045844,-23.80724634,0 -52.40059004,-23.80713009,0 -52.40069208,-23.80705220,0 -52.40079790,-23.80697980,0 -52.40101878,-23.80685248,0 -52.40152300,-23.80657260,0 -52.40202939,-23.80629605,0 -52.40219548,-23.80619982,0 -52.40244917,-23.80603825,0 -52.40262359,-23.80591104,0 -52.40283103,-23.80573624,0 -52.40309255,-23.80546351,0 -52.40338551,-23.80502626,0 -52.40341783,-23.80496884,0 -52.40350365,-23.80468327,0 -52.40355224,-23.80450830,0 -52.40359160,-23.80433139,0 -52.40362052,-23.80415278,0 -52.40364879,-23.80388007,0 -52.40365314,-23.80374382,0 -52.40364990,-23.80361232,0 -52.40363509,-23.80343226,0 -52.40360870,-23.80325332,0 -52.40358608,-23.80313415,0 -52.40352414,-23.80290082,0 -52.40346378,-23.80272900,0 -52.40339322,-23.80256051,0 -52.40331238,-23.80239597,0 -52.40322216,-23.80223563,0 -52.40311975,-23.80208156,0 -52.40300647,-23.80193407,0 -52.40288339,-23.80179341,0 -52.40275189,-23.80165937,0 -52.40261328,-23.80153154,0 -52.40246814,-23.80140998,0 -52.40223861,-23.80123149,0</coordinates></LineString>
    </Placemark>
    <Placemark>
      <name>terra boa</name>
      <Style><LineStyle><color>ff000000</color><width>3</width></LineStyle></Style>
      <ExtendedData>
        <Data name="camada"><value>LP2</value></Data>
        <Data name="classificacao"><value>LP2 - LP2</value></Data>
      </ExtendedData>
      <LineString><tessellate>1</tessellate><coordinates>-52.39882246,-23.80915911,0 -52.39903716,-23.80885649,0 -52.39925819,-23.80855797,0 -52.39948610,-23.80826388,0 -52.39960274,-23.80811862,0 -52.39972114,-23.80797457,0 -52.39996358,-23.80769047,0 -52.40021306,-23.80741158,0 -52.40034040,-23.80727415,0 -52.40041074,-23.80720403,0 -52.40054608,-23.80708447,0 -52.40062337,-23.80702435,0 -52.40068691,-23.80697842,0 -52.40078107,-23.80691692,0 -52.40111523,-23.80672740,0 -52.40195807,-23.80626471,0 -52.40212491,-23.80616958,0 -52.40228803,-23.80606915,0 -52.40244638,-23.80596250,0 -52.40259905,-23.80584906,0 -52.40278368,-23.80569348,0 -52.40303913,-23.80542709,0 -52.40332406,-23.80500182,0 -52.40335638,-23.80494440,0 -52.40344160,-23.80466087,0 -52.40348994,-23.80448584,0 -52.40352868,-23.80430882,0 -52.40355669,-23.80413009,0 -52.40358262,-23.80387649,0 -52.40358602,-23.80377005,0 -52.40358215,-23.80358954,0 -52.40356553,-23.80340963,0 -52.40353756,-23.80323089,0 -52.40352111,-23.80314614,0 -52.40349875,-23.80305389,0 -52.40344772,-23.80287955,0 -52.40338566,-23.80270824,0 -52.40331190,-23.80254091,0 -52.40322810,-23.80237763,0 -52.40317530,-23.80228197,0 -52.40306328,-23.80211342,0 -52.40295287,-23.80196991,0 -52.40284552,-23.80184606,0 -52.40265183,-23.80165147,0 -52.40251026,-23.80152642,0 -52.40236281,-23.80140724,0 -52.40213804,-23.80123464,0</coordinates></LineString>
    </Placemark>
    <Placemark>
      <name>terra boa</name>
      <Style><LineStyle><color>ff000000</color><width>3</width></LineStyle></Style>
      <ExtendedData>
        <Data name="camada"><value>LP2</value></Data>
        <Data name="classificacao"><value>LP2 - LP2</value></Data>
      </ExtendedData>
      <LineString><tessellate>1</tessellate><coordinates>-52.39868427,-23.80924592,0 -52.39886610,-23.80898446,0 -52.39908363,-23.80868378,0 -52.39930779,-23.80838725,0 -52.39953900,-23.80809534,0 -52.39977727,-23.80780827,0 -52.40002294,-23.80752654,0 -52.40027556,-23.80725006,0 -52.40036303,-23.80716172,0 -52.40050212,-23.80703886,0 -52.40055528,-23.80699718,0 -52.40064702,-23.80692974,0 -52.40080024,-23.80683204,0 -52.40137999,-23.80650936,0 -52.40205398,-23.80613882,0 -52.40221830,-23.80604004,0 -52.40237777,-23.80593476,0 -52.40253160,-23.80582257,0 -52.40273634,-23.80565072,0 -52.40298571,-23.80539067,0 -52.40326260,-23.80497739,0 -52.40329438,-23.80492126,0 -52.40337955,-23.80463848,0 -52.40342756,-23.80446337,0 -52.40346575,-23.80428624,0 -52.40349260,-23.80410737,0 -52.40351646,-23.80387292,0 -52.40352048,-23.80374724,0 -52.40351440,-23.80356677,0 -52.40349597,-23.80338700,0 -52.40346593,-23.80320854,0 -52.40342501,-23.80303196,0 -52.40337124,-23.80285830,0 -52.40330608,-23.80268798,0 -52.40323009,-23.80252150,0 -52.40311742,-23.80231172,0 -52.40300792,-23.80214697,0 -52.40289990,-23.80200655,0 -52.40281638,-23.80191020,0 -52.40268768,-23.80177388,0 -52.40255020,-23.80164502,0 -52.40240646,-23.80152206,0 -52.40210672,-23.80128882,0 -52.40203567,-23.80123785,0</coordinates></LineString>
    </Placemark>
    <Placemark>
      <name>terra boa</name>
      <Style><LineStyle><color>ff000000</color><width>3</width></LineStyle></Style>
      <ExtendedData>
        <Data name="camada"><value>LP2</value></Data>
        <Data name="classificacao"><value>LP2 - LP2</value></Data>
      </ExtendedData>
      <MultiGeometry>
        <LineString><tessellate>1</tessellate><coordinates>-52.39854828,-23.80933134,0 -52.39854828,-23.80933134,0</coordinates></LineString>
        <LineString><tessellate>1</tessellate><coordinates>-52.39854828,-23.80933134,0 -52.39880311,-23.80896167,0 -52.39902041,-23.80866085,0 -52.39924432,-23.80836416,0 -52.39947526,-23.80807206,0 -52.39971324,-23.80778479,0 -52.39995844,-23.80750271,0 -52.40021072,-23.80722597,0 -52.40034378,-23.80709327,0 -52.40038609,-23.80705442,0 -52.40053174,-23.80693556,0 -52.40068466,-23.80682948,0 -52.40080465,-23.80675823,0 -52.40114036,-23.80657098,0 -52.40198276,-23.80610764,0 -52.40214774,-23.80600981,0 -52.40230837,-23.80590604,0 -52.40249458,-23.80577179,0 -52.40268899,-23.80560797,0 -52.40293229,-23.80535424,0 -52.40320114,-23.80495296,0 -52.40323346,-23.80489554,0 -52.40331749,-23.80461608,0 -52.40336509,-23.80444089,0 -52.40340275,-23.80426366,0 -52.40342851,-23.80408465,0 -52.40345030,-23.80386935,0 -52.40345399,-23.80372443,0 -52.40344665,-23.80354399,0 -52.40342582,-23.80336443,0 -52.40339429,-23.80318619,0 -52.40335017,-23.80301027,0 -52.40329439,-23.80283715,0 -52.40322635,-23.80266777,0 -52.40314722,-23.80250254,0 -52.40305929,-23.80234108,0 -52.40295688,-23.80218701,0 -52.40284370,-23.80203948,0 -52.40271995,-23.80189933,0 -52.40264403,-23.80182006,0 -52.40244802,-23.80163907,0 -52.40230123,-23.80151920,0 -52.40215161,-23.80140230,0 -52.40199977,-23.80128786,0 -52.40193125,-23.80124111,0</coordinates></LineString>
      </MultiGeometry>
    </Placemark>
    <Placemark>
      <name>terra boa</name>
      <Style><LineStyle><color>ff000000</color><width>3</width></LineStyle></Style>
      <ExtendedData>
        <Data name="camada"><value>LP2</value></Data>
        <Data name="classificacao"><value>LP2 - LP2</value></Data>
      </ExtendedData>
      <LineString><tessellate>1</tessellate><coordinates>-52.39841514,-23.80941498,0 -52.39863401,-23.80909083,0 -52.39884788,-23.80878792,0 -52.39906818,-23.80848895,0 -52.39929530,-23.80819433,0 -52.39952949,-23.80790443,0 -52.39977066,-23.80761943,0 -52.40001905,-23.80733972,0 -52.40019620,-23.80714796,0 -52.40027754,-23.80706798,0 -52.40034021,-23.80701043,0 -52.40048977,-23.80688837,0 -52.40064692,-23.80677937,0 -52.40073328,-23.80672683,0 -52.40106893,-23.80653948,0 -52.40191154,-23.80607646,0 -52.40207718,-23.80597957,0 -52.40223865,-23.80587693,0 -52.40228981,-23.80584335,0 -52.40245158,-23.80572537,0 -52.40264165,-23.80556521,0 -52.40287887,-23.80531782,0 -52.40313969,-23.80492853,0 -52.40317201,-23.80487110,0 -52.40325544,-23.80459368,0 -52.40330263,-23.80441840,0 -52.40333951,-23.80424104,0 -52.40336441,-23.80406193,0 -52.40338257,-23.80388211,0 -52.40338729,-23.80370162,0 -52.40338606,-23.80363795,0 -52.40337797,-23.80352128,0 -52.40335550,-23.80334189,0 -52.40332182,-23.80316400,0 -52.40329960,-23.80307237,0 -52.40327532,-23.80298858,0 -52.40321627,-23.80281639,0 -52.40314562,-23.80264794,0 -52.40306381,-23.80248381,0 -52.40300166,-23.80237121,0 -52.40289721,-23.80221406,0 -52.40279394,-23.80207983,0 -52.40269319,-23.80196358,0 -52.40262221,-23.80188947,0 -52.40248711,-23.80175851,0 -52.40234422,-23.80163472,0 -52.40204556,-23.80140033,0 -52.40189161,-23.80128833,0 -52.40182396,-23.80124447,0</coordinates></LineString>
    </Placemark>
    <Placemark>
      <name>terra boa</name>
      <Style><LineStyle><color>ff000000</color><width>3</width></LineStyle></Style>
      <ExtendedData>
        <Data name="camada"><value>LP2</value></Data>
        <Data name="classificacao"><value>LP2 - LP2</value></Data>
      </ExtendedData>
      <LineString><tessellate>1</tessellate><coordinates>-52.40330507,-23.80149863,0 -52.40314460,-23.80133164,0 -52.40303642,-23.80123094,0</coordinates></LineString>
    </Placemark>
    <Placemark>
      <name>terra boa</name>
      <Style><LineStyle><color>ff000000</color><width>3</width></LineStyle></Style>
      <ExtendedData>
        <Data name="camada"><value>LP2</value></Data>
        <Data name="classificacao"><value>LP2 - LP2</value></Data>
      </ExtendedData>
      <LineString><tessellate>1</tessellate><coordinates>-52.40354696,-23.80618736,0 -52.40378836,-23.80593500,0 -52.40418212,-23.80534742,0 -52.40421623,-23.80528775,0 -52.40423432,-23.80523396,0 -52.40436118,-23.80479997,0 -52.40440653,-23.80462426,0 -52.40444399,-23.80444699,0 -52.40447267,-23.80426835,0 -52.40449312,-23.80408874,0 -52.40450946,-23.80390879,0 -52.40451419,-23.80372826,0 -52.40450853,-23.80354776,0 -52.40449378,-23.80336769,0 -52.40446935,-23.80318850,0 -52.40443690,-23.80301039,0 -52.40439566,-23.80283385,0 -52.40434455,-23.80265949,0 -52.40428440,-23.80248760,0 -52.40421596,-23.80231837,0 -52.40413938,-23.80215210,0 -52.40405406,-23.80198947,0 -52.40398564,-23.80186550,0 -52.40391707,-23.80176235,0</coordinates></LineString>
    </Placemark>
    <Placemark>
      <name>terra boa</name>
      <Style><LineStyle><color>ff000000</color><width>3</width></LineStyle></Style>
      <ExtendedData>
        <Data name="camada"><value>LP2</value></Data>
        <Data name="classificacao"><value>LP2 - LP2</value></Data>
      </ExtendedData>
      <LineString><tessellate>1</tessellate><coordinates>-52.40376680,-23.80605023,0 -52.40384042,-23.80597345,0 -52.40424475,-23.80537007,0 -52.40426738,-23.80533345,0 -52.40428087,-23.80530426,0 -52.40442335,-23.80482239,0 -52.40446900,-23.80464675,0 -52.40450692,-23.80446957,0 -52.40453629,-23.80429102,0 -52.40457491,-23.80393159,0 -52.40458077,-23.80375107,0 -52.40457628,-23.80357053,0 -52.40456248,-23.80339040,0 -52.40453967,-23.80321104,0 -52.40449562,-23.80296619,0 -52.40446888,-23.80285590,0 -52.40442028,-23.80268095,0 -52.40436252,-23.80250836,0 -52.40429570,-23.80233857,0 -52.40422097,-23.80217159,0 -52.40413845,-23.80200775,0 -52.40404957,-23.80184672,0 -52.40394922,-23.80169390,0</coordinates></LineString>
    </Placemark>
    <Placemark>
      <name>terra boa</name>
      <Style><LineStyle><color>ff000000</color><width>3</width></LineStyle></Style>
      <ExtendedData>
        <Data name="camada"><value>LP2</value></Data>
        <Data name="classificacao"><value>LP2 - LP2</value></Data>
      </ExtendedData>
      <LineString><tessellate>1</tessellate><coordinates>-52.40393864,-23.80594304,0 -52.40431174,-23.80538604,0 -52.40433401,-23.80534791,0 -52.40434858,-23.80531092,0 -52.40448550,-23.80484481,0 -52.40453147,-23.80466924,0 -52.40456984,-23.80449214,0 -52.40459991,-23.80431369,0 -52.40462148,-23.80413419,0 -52.40463924,-23.80395433,0 -52.40464632,-23.80377387,0 -52.40464403,-23.80359331,0 -52.40463119,-23.80341311,0 -52.40460999,-23.80323358,0 -52.40456059,-23.80295419,0 -52.40452248,-23.80279701,0 -52.40449513,-23.80270264,0 -52.40443954,-23.80252946,0 -52.40437543,-23.80235878,0 -52.40430230,-23.80219120,0 -52.40422167,-23.80202656,0 -52.40410140,-23.80180601,0 -52.40398701,-23.80163550,0</coordinates></LineString>
    </Placemark>
    <Placemark>
      <name>terra boa</name>
      <Style><LineStyle><color>ff000000</color><width>3</width></LineStyle></Style>
      <ExtendedData>
        <Data name="camada"><value>LP2</value></Data>
        <Data name="classificacao"><value>LP2 - LP2</value></Data>
      </ExtendedData>
      <MultiGeometry>
        <LineString><tessellate>1</tessellate><coordinates>-52.40407240,-23.80585960,0 -52.40437624,-23.80540574,0 -52.40439782,-23.80536737,0 -52.40441331,-23.80532507,0 -52.40454755,-23.80486720,0 -52.40459393,-23.80469172,0 -52.40463277,-23.80451471,0 -52.40466353,-23.80433635,0 -52.40468563,-23.80415692,0 -52.40470738,-23.80393722,0 -52.40471187,-23.80379668,0 -52.40471080,-23.80361612,0 -52.40469989,-23.80343582,0 -52.40467993,-23.80325617,0 -52.40465155,-23.80307748,0 -52.40461532,-23.80290001,0 -52.40456998,-23.80272432,0 -52.40451603,-23.80255071,0 -52.40445379,-23.80237946,0 -52.40438362,-23.80221081,0 -52.40430455,-23.80204553,0 -52.40415928,-23.80177626,0 -52.40406085,-23.80162818,0</coordinates></LineString>
        <LineString><tessellate>1</tessellate><coordinates>-52.40406085,-23.80162818,0 -52.40406085,-23.80162818,0</coordinates></LineString>
      </MultiGeometry>
    </Placemark>
    <Placemark>
      <name>terra boa</name>
      <Style><LineStyle><color>ff000000</color><width>3</width></LineStyle></Style>
      <ExtendedData>
        <Data name="camada"><value>LP2</value></Data>
        <Data name="classificacao"><value>LP2 - LP2</value></Data>
      </ExtendedData>
      <MultiGeometry>
        <LineString><tessellate>1</tessellate><coordinates>-52.40420616,-23.80577617,0 -52.40442912,-23.80544337,0 -52.40445928,-23.80539181,0 -52.40447889,-23.80533593,0 -52.40460961,-23.80488960,0 -52.40465640,-23.80471421,0 -52.40469570,-23.80453728,0 -52.40472715,-23.80435902,0 -52.40474976,-23.80417964,0 -52.40477354,-23.80394079,0 -52.40477964,-23.80374984,0 -52.40477750,-23.80363893,0 -52.40476846,-23.80345854,0 -52.40474949,-23.80327880,0 -52.40472256,-23.80309992,0 -52.40468855,-23.80292206,0 -52.40464482,-23.80274601,0 -52.40459251,-23.80257197,0 -52.40453191,-23.80240022,0 -52.40446337,-23.80223101,0 -52.40438725,-23.80206456,0 -52.40430275,-23.80190157,0 -52.40421336,-23.80174080,0 -52.40414073,-23.80163152,0</coordinates></LineString>
        <LineString><tessellate>1</tessellate><coordinates>-52.40414073,-23.80163152,0 -52.40414073,-23.80163152,0</coordinates></LineString>
      </MultiGeometry>
    </Placemark>
    <Placemark>
      <name>terra boa</name>
      <Style><LineStyle><color>ff000000</color><width>3</width></LineStyle></Style>
      <ExtendedData>
        <Data name="camada"><value>LP2</value></Data>
        <Data name="classificacao"><value>LP2 - LP2</value></Data>
      </ExtendedData>
      <LineString><tessellate>1</tessellate><coordinates>-52.40433991,-23.80569273,0 -52.40449816,-23.80545616,0 -52.40452774,-23.80539924,0 -52.40467166,-23.80491199,0 -52.40471887,-23.80473670,0 -52.40475863,-23.80455985,0 -52.40479064,-23.80438167,0 -52.40481387,-23.80420236,0 -52.40483970,-23.80394436,0 -52.40484591,-23.80375019,0 -52.40484420,-23.80366174,0 -52.40483621,-23.80348131,0 -52.40481904,-23.80330143,0 -52.40480952,-23.80323448,0</coordinates></LineString>
    </Placemark>
    <Placemark>
      <name>terra boa</name>
      <Style><LineStyle><color>ff000000</color><width>3</width></LineStyle></Style>
      <ExtendedData>
        <Data name="camada"><value>LP2</value></Data>
        <Data name="classificacao"><value>LP2 - LP2</value></Data>
      </ExtendedData>
      <LineString><tessellate>1</tessellate><coordinates>-52.40452522,-23.80221115,0 -52.40446857,-23.80208417,0 -52.40438683,-23.80191999,0 -52.40427504,-23.80171676,0 -52.40422513,-23.80164168,0</coordinates></LineString>
    </Placemark>
    <Placemark>
      <name>terra boa</name>
      <Style><LineStyle><color>ff000000</color><width>3</width></LineStyle></Style>
      <ExtendedData>
        <Data name="camada"><value>LP2</value></Data>
        <Data name="classificacao"><value>LP2 - LP2</value></Data>
      </ExtendedData>
      <LineString><tessellate>1</tessellate><coordinates>-52.40447367,-23.80560930,0 -52.40456700,-23.80546881,0 -52.40459282,-23.80541341,0 -52.40473371,-23.80493439,0 -52.40478120,-23.80475916,0 -52.40482151,-23.80458241,0 -52.40485387,-23.80440429,0 -52.40487796,-23.80422508,0 -52.40490587,-23.80394793,0 -52.40491217,-23.80375055,0 -52.40490793,-23.80360739,0</coordinates></LineString>
    </Placemark>
    <Placemark>
      <name>terra boa</name>
      <Style><LineStyle><color>ff000000</color><width>3</width></LineStyle></Style>
      <ExtendedData>
        <Data name="camada"><value>LP2</value></Data>
        <Data name="classificacao"><value>LP2 - LP2</value></Data>
      </ExtendedData>
      <LineString><tessellate>1</tessellate><coordinates>-52.40447284,-23.80194540,0 -52.40438265,-23.80177711,0 -52.40431845,-23.80166525,0</coordinates></LineString>
    </Placemark>
    <Placemark>
      <name>terra boa</name>
      <Style><LineStyle><color>ff000000</color><width>3</width></LineStyle></Style>
      <ExtendedData>
        <Data name="camada"><value>LP2</value></Data>
        <Data name="classificacao"><value>LP2 - LP2</value></Data>
      </ExtendedData>
      <LineString><tessellate>1</tessellate><coordinates>-52.40460893,-23.80552361,0 -52.40464023,-23.80547068,0 -52.40466079,-23.80541664,0 -52.40479577,-23.80495678,0 -52.40484351,-23.80478161,0 -52.40488418,-23.80460494,0 -52.40491711,-23.80442691,0 -52.40494205,-23.80424779,0 -52.40496976,-23.80397520,0</coordinates></LineString>
    </Placemark>
    <Placemark>
      <name>terra boa</name>
      <Style><LineStyle><color>ff000000</color><width>3</width></LineStyle></Style>
      <ExtendedData>
        <Data name="camada"><value>LP2</value></Data>
        <Data name="classificacao"><value>LP2 - LP2</value></Data>
      </ExtendedData>
      <LineString><tessellate>1</tessellate><coordinates>-52.40472850,-23.80542092,0 -52.40485782,-23.80497918,0 -52.40490581,-23.80480406,0 -52.40493241,-23.80468964,0</coordinates></LineString>
    </Placemark>
    <Placemark>
      <name>terra boa</name>
      <Style><LineStyle><color>ff000000</color><width>3</width></LineStyle></Style>
      <ExtendedData>
        <Data name="camada"><value>LP2</value></Data>
        <Data name="classificacao"><value>LP2 - LP2</value></Data>
      </ExtendedData>
      <LineString><tessellate>1</tessellate><coordinates>-52.40085803,-23.80347016,0 -52.40082200,-23.80342189,0 -52.40076258,-23.80336139,0 -52.40065107,-23.80326867,0</coordinates></LineString>
    </Placemark>
    <Placemark>
      <name>terra boa</name>
      <Style><LineStyle><color>ff000000</color><width>3</width></LineStyle></Style>
      <ExtendedData>
        <Data name="camada"><value>LP2</value></Data>
        <Data name="classificacao"><value>LP2 - LP2</value></Data>
      </ExtendedData>
      <LineString><tessellate>1</tessellate><coordinates>-52.40059545,-23.80322515,0 -52.40043171,-23.80309998,0 -52.40035446,-23.80305100,0</coordinates></LineString>
    </Placemark>
    <Placemark>
      <name>terra boa</name>
      <Style><LineStyle><color>ff000000</color><width>3</width></LineStyle></Style>
      <ExtendedData>
        <Data name="camada"><value>LP2</value></Data>
        <Data name="classificacao"><value>LP2 - LP2</value></Data>
      </ExtendedData>
      <LineString><tessellate>1</tessellate><coordinates>-52.39946237,-23.80472731,0 -52.39996289,-23.80444840,0</coordinates></LineString>
    </Placemark>
    <Placemark>
      <name>terra boa</name>
      <Style><LineStyle><color>ff000000</color><width>3</width></LineStyle></Style>
      <ExtendedData>
        <Data name="camada"><value>LP2</value></Data>
        <Data name="classificacao"><value>LP2 - LP2</value></Data>
      </ExtendedData>
      <LineString><tessellate>1</tessellate><coordinates>-52.39584926,-23.80969013,0 -52.39594266,-23.80946974,0 -52.39601831,-23.80930309,0 -52.39609899,-23.80913845,0 -52.39618430,-23.80897580,0 -52.39627371,-23.80881502,0 -52.39636691,-23.80865607,0 -52.39646365,-23.80849892,0 -52.39656379,-23.80834358,0 -52.39677155,-23.80803711,0 -52.39698474,-23.80773380,0 -52.39720353,-23.80743389,0 -52.39742830,-23.80713775,0 -52.39765938,-23.80684575,0 -52.39789679,-23.80655808,0 -52.39814047,-23.80627490,0 -52.39839040,-23.80599634,0 -52.39851768,-23.80585886,0 -52.39864908,-23.80572473,0 -52.39878621,-23.80559555,0 -52.39892894,-23.80547160,0 -52.39907712,-23.80535319,0 -52.39923056,-23.80524059,0 -52.39938900,-23.80513401,0 -52.39955218,-23.80503365,0 -52.40022392,-23.80465963,0 -52.40073042,-23.80438326,0 -52.40089624,-23.80428665,0 -52.40097513,-23.80423540,0 -52.40105205,-23.80417709,0 -52.40107929,-23.80415413,0 -52.40111684,-23.80411150,0 -52.40113884,-23.80407613,0 -52.40115491,-23.80403175,0 -52.40118009,-23.80392722,0 -52.40119023,-23.80385127,0 -52.40120079,-23.80374787,0 -52.40119762,-23.80367126,0 -52.40118229,-23.80357800,0 -52.40115811,-23.80349470,0 -52.40112258,-23.80341119,0 -52.40107685,-23.80333073,0 -52.40101749,-23.80325638,0 -52.40095257,-23.80319142,0 -52.40086911,-23.80311930,0 -52.40059226,-23.80290597,0 -52.40049949,-23.80284630,0 -52.40033404,-23.80274913,0 -52.40024347,-23.80270236,0 -52.40016018,-23.80266554,0 -52.40005905,-23.80262820,0 -52.39997586,-23.80260391,0 -52.39991268,-23.80258959,0 -52.39978323,-23.80257012,0 -52.39958769,-23.80255486,0 -52.39939148,-23.80255005,0 -52.39899893,-23.80255111,0 -52.39860654,-23.80256199,0 -52.39811595,-23.80258493,0 -52.39801886,-23.80259427,0 -52.39791391,-23.80261108,0 -52.39782823,-23.80263526,0 -52.39747753,-23.80279738,0 -52.39624420,-23.80335463,0 -52.39589529,-23.80352019,0 -52.39555022,-23.80369240,0 -52.39520980,-23.80387229,0 -52.39487330,-23.80405834,0 -52.39437526,-23.80434740,0 -52.39388337,-23.80464527,0 -52.39371675,-23.80474074,0 -52.39354549,-23.80482890,0 -52.39337669,-23.80492099,0 -52.39321444,-23.80502260,0 -52.39311118,-23.80509434,0 -52.39300920,-23.80517506,0 -52.39291696,-23.80525754,0 -52.39286339,-23.80530968,0 -52.39278593,-23.80539194,0 -52.39266145,-23.80553159,0 -52.39242039,-23.80581663,0 -52.39234027,-23.80589815,0 -52.39228578,-23.80594797,0 -52.39213923,-23.80606806,0 -52.39198565,-23.80618053,0 -52.39182769,-23.80629003,0</coordinates></LineString>
    </Placemark>
    <Placemark>
      <name>terra boa</name>
      <Style><LineStyle><color>ff000000</color><width>3</width></LineStyle></Style>
      <ExtendedData>
        <Data name="camada"><value>LP2</value></Data>
        <Data name="classificacao"><value>LP2 - LP2</value></Data>
      </ExtendedData>
      <LineString><tessellate>1</tessellate><coordinates>-52.39579689,-23.80964593,0 -52.39588093,-23.80944760,0 -52.39595656,-23.80928094,0 -52.39603712,-23.80911625,0 -52.39612227,-23.80895352,0 -52.39621154,-23.80879268,0 -52.39630464,-23.80863367,0 -52.39650128,-23.80832106,0 -52.39681458,-23.80786231,0 -52.39703031,-23.80756054,0 -52.39725181,-23.80726232,0 -52.39747944,-23.80696803,0 -52.39759564,-23.80682247,0 -52.39783276,-23.80653460,0 -52.39807613,-23.80625119,0 -52.39832573,-23.80597239,0 -52.39845284,-23.80583477,0 -52.39858357,-23.80570009,0 -52.39871997,-23.80557026,0 -52.39886192,-23.80544557,0 -52.39900928,-23.80532630,0 -52.39916185,-23.80521273,0 -52.39931942,-23.80510508,0 -52.39948171,-23.80500353,0 -52.39964843,-23.80490825,0 -52.40015241,-23.80462801,0 -52.40065869,-23.80435129,0 -52.40082567,-23.80425641,0 -52.40093530,-23.80418667,0 -52.40098466,-23.80415067,0 -52.40102029,-23.80412106,0 -52.40105821,-23.80408027,0 -52.40107928,-23.80404645,0 -52.40109428,-23.80400362,0 -52.40111473,-23.80391724,0 -52.40112609,-23.80382855,0 -52.40113507,-23.80373033,0 -52.40112779,-23.80364866,0 -52.40111129,-23.80356510,0 -52.40107943,-23.80347413,0 -52.40103368,-23.80338261,0 -52.40098499,-23.80331665,0 -52.40093694,-23.80326447,0 -52.40085011,-23.80318575,0 -52.40070148,-23.80306780,0 -52.40054997,-23.80295301,0 -52.40038734,-23.80285194,0 -52.40030026,-23.80280157,0 -52.40021886,-23.80275941,0 -52.40012513,-23.80271781,0 -52.40003943,-23.80268653,0 -52.39994815,-23.80265994,0 -52.39984986,-23.80264071,0 -52.39978594,-23.80263177,0 -52.39965497,-23.80261971,0 -52.39945889,-23.80261200,0 -52.39926262,-23.80261011,0 -52.39887009,-23.80261475,0 -52.39847778,-23.80262788,0 -52.39808588,-23.80264868,0 -52.39797017,-23.80266272,0 -52.39789269,-23.80267914,0 -52.39783213,-23.80269999,0 -52.39754009,-23.80283703,0 -52.39630658,-23.80339396,0 -52.39595739,-23.80355899,0 -52.39561199,-23.80373067,0 -52.39527108,-23.80390976,0 -52.39493438,-23.80409549,0 -52.39460106,-23.80428632,0 -52.39394407,-23.80468187,0 -52.39377782,-23.80477787,0 -52.39354428,-23.80489904,0 -52.39343749,-23.80495773,0 -52.39327441,-23.80505821,0 -52.39320350,-23.80510538,0 -52.39311862,-23.80516797,0 -52.39305395,-23.80522001,0 -52.39297465,-23.80529062,0 -52.39291233,-23.80535077,0 -52.39284284,-23.80542436,0 -52.39271823,-23.80556390,0 -52.39247725,-23.80584902,0 -52.39243213,-23.80589700,0 -52.39234373,-23.80598129,0 -52.39219795,-23.80610218,0 -52.39204495,-23.80621530,0 -52.39187843,-23.80633121,0</coordinates></LineString>
    </Placemark>
    <Placemark>
      <name>terra boa</name>
      <Style><LineStyle><color>ff000000</color><width>3</width></LineStyle></Style>
      <ExtendedData>
        <Data name="camada"><value>LP2</value></Data>
        <Data name="classificacao"><value>LP2 - LP2</value></Data>
      </ExtendedData>
      <LineString><tessellate>1</tessellate><coordinates>-52.39574451,-23.80960173,0 -52.39581921,-23.80942546,0 -52.39589481,-23.80925879,0 -52.39597531,-23.80909408,0 -52.39606031,-23.80893128,0 -52.39614948,-23.80877038,0 -52.39624247,-23.80861133,0 -52.39643876,-23.80829854,0 -52.39675169,-23.80783958,0 -52.39696721,-23.80753768,0 -52.39718848,-23.80723931,0 -52.39753190,-23.80679920,0 -52.39776873,-23.80651112,0 -52.39801179,-23.80622748,0 -52.39826106,-23.80594843,0 -52.39838800,-23.80581068,0 -52.39851806,-23.80567545,0 -52.39865372,-23.80554497,0 -52.39879489,-23.80541953,0 -52.39894143,-23.80529941,0 -52.39909315,-23.80518488,0 -52.39924984,-23.80507615,0 -52.39941123,-23.80497342,0 -52.39957706,-23.80487685,0 -52.40008091,-23.80459640,0 -52.40075509,-23.80422615,0 -52.40083187,-23.80417969,0 -52.40091606,-23.80412293,0 -52.40096831,-23.80408062,0 -52.40100031,-23.80404817,0 -52.40101965,-23.80401674,0 -52.40103338,-23.80397529,0 -52.40105238,-23.80388938,0 -52.40106193,-23.80380582,0 -52.40106856,-23.80371709,0 -52.40105702,-23.80362618,0 -52.40104692,-23.80357959,0 -52.40103250,-23.80353352,0 -52.40099829,-23.80345446,0 -52.40095972,-23.80338817,0 -52.40091593,-23.80333473,0 -52.40088835,-23.80330594,0 -52.40082091,-23.80324368,0 -52.40059567,-23.80306557,0 -52.40051198,-23.80300297,0 -52.40043968,-23.80295614,0 -52.40027448,-23.80285861,0 -52.40018238,-23.80281055,0 -52.40010087,-23.80277464,0 -52.40001469,-23.80274309,0 -52.39991566,-23.80271551,0 -52.39983381,-23.80269995,0 -52.39972211,-23.80268637,0 -52.39952628,-23.80267460,0 -52.39933003,-23.80267134,0 -52.39893748,-23.80267421,0 -52.39854513,-23.80268624,0 -52.39815309,-23.80270486,0 -52.39802522,-23.80271637,0 -52.39795847,-23.80272713,0 -52.39788332,-23.80274617,0 -52.39760264,-23.80287666,0 -52.39672109,-23.80327358,0 -52.39619378,-23.80351474,0 -52.39584612,-23.80368250,0 -52.39550249,-23.80385715,0 -52.39516354,-23.80403937,0 -52.39482817,-23.80422713,0 -52.39449652,-23.80442041,0 -52.39400478,-23.80471847,0 -52.39383888,-23.80481500,0 -52.39366964,-23.80490645,0 -52.39357679,-23.80495215,0 -52.39349843,-23.80499468,0 -52.39333441,-23.80509384,0 -52.39324340,-23.80515404,0 -52.39317746,-23.80520221,0 -52.39309870,-23.80526497,0 -52.39296127,-23.80539186,0 -52.39277500,-23.80559622,0 -52.39253404,-23.80588135,0 -52.39248131,-23.80593785,0 -52.39240142,-23.80601438,0 -52.39233473,-23.80607312,0 -52.39225667,-23.80613629,0 -52.39210423,-23.80625004,0 -52.39192935,-23.80637225,0</coordinates></LineString>
    </Placemark>
    <Placemark>
      <name>terra boa</name>
      <Style><LineStyle><color>ff000000</color><width>3</width></LineStyle></Style>
      <ExtendedData>
        <Data name="camada"><value>LP2</value></Data>
        <Data name="classificacao"><value>LP2 - LP2</value></Data>
      </ExtendedData>
      <LineString><tessellate>1</tessellate><coordinates>-52.39569213,-23.80955753,0 -52.39575748,-23.80940331,0 -52.39583307,-23.80923664,0 -52.39591350,-23.80907190,0 -52.39599841,-23.80890907,0 -52.39608745,-23.80874811,0 -52.39618029,-23.80858899,0 -52.39637625,-23.80827602,0 -52.39668880,-23.80781685,0 -52.39690412,-23.80751482,0 -52.39712514,-23.80721630,0 -52.39746816,-23.80677592,0 -52.39770469,-23.80648764,0 -52.39794745,-23.80620377,0 -52.39819639,-23.80592448,0 -52.39832316,-23.80578659,0 -52.39845255,-23.80565081,0 -52.39858748,-23.80551968,0 -52.39872787,-23.80539349,0 -52.39887358,-23.80527252,0 -52.39902445,-23.80515702,0 -52.39918025,-23.80504722,0 -52.39934076,-23.80494331,0 -52.39950569,-23.80484544,0 -52.40017774,-23.80447189,0 -52.40068387,-23.80419497,0 -52.40079441,-23.80412940,0 -52.40084713,-23.80409479,0 -52.40090425,-23.80405164,0 -52.40093813,-23.80401982,0 -52.40095688,-23.80399233,0 -52.40097016,-23.80395535,0 -52.40098678,-23.80388083,0 -52.40100230,-23.80373715,0 -52.40100156,-23.80370666,0 -52.40098494,-23.80360391,0 -52.40096136,-23.80353105,0 -52.40094134,-23.80348628,0 -52.40091398,-23.80343618,0 -52.40086515,-23.80337391,0 -52.40078751,-23.80329876,0 -52.40063998,-23.80317968,0 -52.40048920,-23.80306406,0 -52.40043402,-23.80302635,0 -52.40032769,-23.80296156,0 -52.40023183,-23.80290597,0 -52.40015955,-23.80286849,0 -52.40007206,-23.80282954,0 -52.39997972,-23.80279659,0 -52.39987135,-23.80276850,0 -52.39970898,-23.80274633,0 -52.39959362,-23.80273839,0 -52.39939744,-23.80273299,0 -52.39911728,-23.80273285,0</coordinates></LineString>
    </Placemark>
    <Placemark>
      <name>terra boa</name>
      <Style><LineStyle><color>ff000000</color><width>3</width></LineStyle></Style>
      <ExtendedData>
        <Data name="camada"><value>LP2</value></Data>
        <Data name="classificacao"><value>LP2 - LP2</value></Data>
      </ExtendedData>
      <LineString><tessellate>1</tessellate><coordinates>-52.39564115,-23.80951003,0 -52.39569576,-23.80938117,0 -52.39577132,-23.80921449,0 -52.39585169,-23.80904972,0 -52.39593651,-23.80888685,0 -52.39602542,-23.80872584,0 -52.39611812,-23.80856665,0 -52.39621432,-23.80840922,0 -52.39631374,-23.80825350,0 -52.39652038,-23.80794639,0 -52.39673278,-23.80764262,0 -52.39695068,-23.80734216,0 -52.39728863,-23.80689848,0 -52.39752176,-23.80660786,0 -52.39776111,-23.80632155,0 -52.39800665,-23.80603971,0 -52.39813172,-23.80590052,0 -52.39838704,-23.80562617,0 -52.39852124,-23.80549439,0 -52.39866085,-23.80536745,0 -52.39880574,-23.80524563,0 -52.39895575,-23.80512917,0 -52.39911067,-23.80501829,0 -52.39927029,-23.80491320,0 -52.39943432,-23.80481403,0 -52.40010623,-23.80444027,0 -52.40061265,-23.80416379,0 -52.40077741,-23.80406569,0 -52.40085210,-23.80401261,0 -52.40087340,-23.80399430,0 -52.40088868,-23.80397654,0 -52.40089924,-23.80395760,0 -52.40090740,-23.80393388,0 -52.40092118,-23.80387228,0 -52.40093628,-23.80372926,0 -52.40093501,-23.80371448,0</coordinates></LineString>
    </Placemark>
    <Placemark>
      <name>terra boa</name>
      <Style><LineStyle><color>ff000000</color><width>3</width></LineStyle></Style>
      <ExtendedData>
        <Data name="camada"><value>LP2</value></Data>
        <Data name="classificacao"><value>LP2 - LP2</value></Data>
      </ExtendedData>
      <LineString><tessellate>1</tessellate><coordinates>-52.39558928,-23.80946464,0 -52.39570957,-23.80919234,0 -52.39578988,-23.80902755,0 -52.39587461,-23.80886464,0 -52.39596340,-23.80870357,0 -52.39605595,-23.80854431,0 -52.39615198,-23.80838680,0 -52.39635344,-23.80807680,0 -52.39666979,-23.80761982,0 -52.39699847,-23.80717028,0 -52.39722503,-23.80687529,0 -52.39757663,-23.80644067,0 -52.39781877,-23.80615636,0 -52.39806705,-23.80587656,0 -52.39832152,-23.80560153,0 -52.39845500,-23.80546910,0 -52.39859393,-23.80534152,0 -52.39873809,-23.80521894,0 -52.39888730,-23.80510161,0 -52.39904140,-23.80498974,0 -52.39916450,-23.80490740,0</coordinates></LineString>
    </Placemark>
    <Placemark>
      <name>terra boa</name>
      <Style><LineStyle><color>ff000000</color><width>3</width></LineStyle></Style>
      <ExtendedData>
        <Data name="camada"><value>LP2</value></Data>
        <Data name="classificacao"><value>LP2 - LP2</value></Data>
      </ExtendedData>
      <LineString><tessellate>1</tessellate><coordinates>-52.39553523,-23.80942438,0 -52.39564783,-23.80917019,0 -52.39572808,-23.80900537,0 -52.39581270,-23.80884242,0 -52.39590137,-23.80868130,0 -52.39599378,-23.80852196,0 -52.39608965,-23.80836437,0 -52.39629073,-23.80805417,0 -52.39650014,-23.80774864,0 -52.39682426,-23.80729630,0 -52.39704751,-23.80699919,0 -52.39727697,-23.80670610,0 -52.39763282,-23.80627442,0 -52.39787773,-23.80599212,0 -52.39800248,-23.80585268,0 -52.39825652,-23.80557730,0 -52.39838948,-23.80544445,0 -52.39852769,-23.80531623,0 -52.39867107,-23.80519290,0 -52.39881946,-23.80507471,0 -52.39901184,-23.80493529,0</coordinates></LineString>
    </Placemark>
    <Placemark>
      <name>terra boa</name>
      <Style><LineStyle><color>ff000000</color><width>3</width></LineStyle></Style>
      <ExtendedData>
        <Data name="camada"><value>LP2</value></Data>
        <Data name="classificacao"><value>LP2 - LP2</value></Data>
      </ExtendedData>
      <LineString><tessellate>1</tessellate><coordinates>-52.39548245,-23.80938114,0 -52.39558608,-23.80914804,0 -52.39566627,-23.80898320,0 -52.39575080,-23.80882020,0 -52.39583935,-23.80865903,0 -52.39602732,-23.80834195,0 -52.39622803,-23.80803155,0 -52.39643725,-23.80772591,0 -52.39676104,-23.80727337,0 -52.39698414,-23.80697615,0 -52.39733030,-23.80653785,0 -52.39756878,-23.80625094,0 -52.39793797,-23.80582885,0 -52.39819168,-23.80555321,0 -52.39832396,-23.80541981,0 -52.39846145,-23.80529094,0 -52.39860404,-23.80516687,0 -52.39875161,-23.80504782,0 -52.39886528,-23.80496294,0</coordinates></LineString>
    </Placemark>
    <Placemark>
      <name>terra boa</name>
      <Style><LineStyle><color>ff000000</color><width>3</width></LineStyle></Style>
      <ExtendedData>
        <Data name="camada"><value>LP2</value></Data>
        <Data name="classificacao"><value>LP2 - LP2</value></Data>
      </ExtendedData>
      <LineString><tessellate>1</tessellate><coordinates>-52.39543025,-23.80933652,0 -52.39552433,-23.80912589,0 -52.39560446,-23.80896102,0 -52.39568890,-23.80879799,0 -52.39577732,-23.80863675,0 -52.39596498,-23.80831952,0 -52.39616533,-23.80800892,0 -52.39637436,-23.80770317,0 -52.39658863,-23.80740051,0 -52.39680862,-23.80710134,0 -52.39714976,-23.80665973,0 -52.39738489,-23.80637048,0 -52.39762614,-23.80608552,0 -52.39787347,-23.80580502,0 -52.39812684,-23.80552912,0 -52.39825845,-23.80539517,0 -52.39839521,-23.80526565,0 -52.39853702,-23.80514083,0 -52.39868980,-23.80501636,0</coordinates></LineString>
    </Placemark>
    <Placemark>
      <name>terra boa</name>
      <Style><LineStyle><color>ff000000</color><width>3</width></LineStyle></Style>
      <ExtendedData>
        <Data name="camada"><value>LP2</value></Data>
        <Data name="classificacao"><value>LP2 - LP2</value></Data>
      </ExtendedData>
      <LineString><tessellate>1</tessellate><coordinates>-52.39828748,-23.80949518,0 -52.39846659,-23.80922096,0 -52.39878489,-23.80876513,0 -52.39900484,-23.80846594,0 -52.39923169,-23.80817114,0 -52.39946560,-23.80788106,0 -52.39970647,-23.80759584,0 -52.39995438,-23.80731576,0 -52.40008104,-23.80717779,0 -52.40021163,-23.80704300,0 -52.40029433,-23.80696645,0 -52.40044781,-23.80684119,0 -52.40060917,-23.80672927,0 -52.40082963,-23.80660159,0 -52.40133380,-23.80632162,0 -52.40184032,-23.80604528,0 -52.40200661,-23.80594933,0 -52.40224997,-23.80579462,0 -52.40240858,-23.80567895,0 -52.40259431,-23.80552245,0 -52.40282545,-23.80528139,0 -52.40307936,-23.80490237,0 -52.40311055,-23.80484667,0 -52.40319339,-23.80457129,0 -52.40324016,-23.80439591,0 -52.40327628,-23.80421842,0 -52.40330029,-23.80403921,0 -52.40331807,-23.80385936,0 -52.40332181,-23.80374204,0 -52.40332059,-23.80367881,0 -52.40330927,-23.80349856,0 -52.40328475,-23.80331941,0 -52.40326125,-23.80319413,0 -52.40319977,-23.80296707,0 -52.40313816,-23.80279563,0 -52.40306430,-23.80262833,0 -52.40294378,-23.80240096,0 -52.40284185,-23.80224761,0 -52.40274097,-23.80211647,0 -52.40265357,-23.80201564,0 -52.40252343,-23.80188050,0 -52.40238506,-23.80175244,0 -52.40223964,-23.80163118,0 -52.40193888,-23.80139906,0 -52.40178204,-23.80129053,0 -52.40171428,-23.80124843,0</coordinates></LineString>
    </Placemark>
    <Placemark>
      <name>terra boa</name>
      <Style><LineStyle><color>ff000000</color><width>3</width></LineStyle></Style>
      <ExtendedData>
        <Data name="camada"><value>LP2</value></Data>
        <Data name="classificacao"><value>LP2 - LP2</value></Data>
      </ExtendedData>
      <LineString><tessellate>1</tessellate><coordinates>-52.40329574,-23.80139504,0 -52.40324396,-23.80134012,0 -52.40314972,-23.80124897,0</coordinates></LineString>
    </Placemark>
    <Placemark>
      <name>terra boa</name>
      <Style><LineStyle><color>ff000000</color><width>3</width></LineStyle></Style>
      <ExtendedData>
        <Data name="camada"><value>LP2</value></Data>
        <Data name="classificacao"><value>LP2 - LP2</value></Data>
      </ExtendedData>
      <LineString><tessellate>1</tessellate><coordinates>-52.39816407,-23.80957270,0 -52.39830132,-23.80935232,0 -52.39850843,-23.80904547,0 -52.39883093,-23.80859215,0 -52.39905393,-23.80829488,0 -52.39916809,-23.80814796,0 -52.39940172,-23.80785768,0 -52.39964229,-23.80757224,0 -52.39988976,-23.80729185,0 -52.40001620,-23.80715370,0 -52.40014612,-23.80701836,0 -52.40032626,-23.80685640,0 -52.40048747,-23.80673501,0 -52.40059222,-23.80666645,0 -52.40092607,-23.80647649,0 -52.40176874,-23.80601355,0 -52.40193604,-23.80591910,0 -52.40209920,-23.80581872,0 -52.40221013,-23.80574590,0 -52.40236558,-23.80563253,0 -52.40255244,-23.80547397,0 -52.40277203,-23.80524497,0 -52.40301790,-23.80487794,0 -52.40304909,-23.80482224,0 -52.40313133,-23.80454889,0 -52.40317769,-23.80437342,0 -52.40321304,-23.80419580,0 -52.40323616,-23.80401649,0 -52.40325252,-23.80383655,0 -52.40325555,-23.80374169,0 -52.40325390,-23.80365600,0 -52.40324044,-23.80347587,0 -52.40321374,-23.80329697,0 -52.40319628,-23.80320612,0 -52.40317537,-23.80311989,0 -52.40312329,-23.80294582,0 -52.40305868,-23.80277533,0 -52.40298205,-23.80260911,0 -52.40289503,-23.80244725,0 -52.40279401,-23.80229246,0 -52.40268089,-23.80214492,0 -52.40255650,-23.80200526,0 -52.40249771,-23.80194387,0 -52.40242338,-23.80187259,0 -52.40228199,-23.80174737,0 -52.40213428,-23.80162846,0 -52.40198429,-23.80151196,0 -52.40183126,-23.80139888,0 -52.40167136,-23.80129417,0 -52.40159881,-23.80125064,0</coordinates></LineString>
    </Placemark>
    <Placemark>
      <name>terra boa</name>
      <Style><LineStyle><color>ff000000</color><width>3</width></LineStyle></Style>
      <ExtendedData>
        <Data name="camada"><value>LP2</value></Data>
        <Data name="classificacao"><value>LP2 - LP2</value></Data>
      </ExtendedData>
      <MultiGeometry>
        <LineString><tessellate>1</tessellate><coordinates>-52.39804336,-23.80964852,0 -52.39804336,-23.80964852,0</coordinates></LineString>
        <LineString><tessellate>1</tessellate><coordinates>-52.39804336,-23.80964852,0 -52.39814020,-23.80948595,0 -52.39823881,-23.80932980,0 -52.39844563,-23.80902279,0 -52.39876783,-23.80856929,0 -52.39899051,-23.80827182,0 -52.39922029,-23.80797895,0 -52.39945710,-23.80769086,0 -52.39957810,-23.80754865,0 -52.39982526,-23.80726802,0 -52.39995140,-23.80712964,0 -52.40008061,-23.80699372,0 -52.40021833,-23.80686509,0 -52.40036551,-23.80674565,0 -52.40052207,-23.80663677,0 -52.40062249,-23.80657479,0 -52.40085468,-23.80644504,0 -52.40186491,-23.80588804,0 -52.40202944,-23.80578957,0 -52.40218856,-23.80568385,0 -52.40234122,-23.80557040,0 -52.40248597,-23.80544842,0 -52.40271861,-23.80520854,0 -52.40295645,-23.80485350,0 -52.40298817,-23.80479650,0 -52.40306928,-23.80452650,0 -52.40311522,-23.80435093,0 -52.40314980,-23.80417318,0 -52.40317200,-23.80399376,0 -52.40318565,-23.80385506,0 -52.40318928,-23.80374133,0 -52.40318671,-23.80363321,0 -52.40317088,-23.80345323,0 -52.40313131,-23.80321812,0 -52.40310135,-23.80309802,0 -52.40304680,-23.80292456,0 -52.40297894,-23.80275513,0 -52.40289917,-23.80259015,0 -52.40282802,-23.80246045,0 -52.40273114,-23.80231470,0 -52.40263502,-23.80218975,0 -52.40254085,-23.80208111,0 -52.40245876,-23.80199540,0 -52.40232198,-23.80186593,0 -52.40217805,-23.80174316,0 -52.40187789,-23.80151038,0 -52.40172195,-23.80140075,0 -52.40148057,-23.80125291,0</coordinates></LineString>
      </MultiGeometry>
    </Placemark>
    <Placemark>
      <name>terra boa</name>
      <Style><LineStyle><color>ff000000</color><width>3</width></LineStyle></Style>
      <ExtendedData>
        <Data name="camada"><value>LP2</value></Data>
        <Data name="classificacao"><value>LP2 - LP2</value></Data>
      </ExtendedData>
      <LineString><tessellate>1</tessellate><coordinates>-52.39792876,-23.80972051,0 -52.39798357,-23.80962192,0 -52.39807787,-23.80946353,0 -52.39817629,-23.80930728,0 -52.39827848,-23.80915308,0 -52.39859592,-23.80869674,0 -52.39881513,-23.80839710,0 -52.39892718,-23.80824881,0 -52.39915655,-23.80795567,0 -52.39939307,-23.80766738,0 -52.39951392,-23.80752506,0 -52.39976075,-23.80724419,0 -52.40001510,-23.80696907,0 -52.40015150,-23.80683925,0 -52.40023833,-23.80676517,0 -52.40029761,-23.80671870,0 -52.40045249,-23.80660784,0 -52.40061551,-23.80650736,0 -52.40111930,-23.80622681,0 -52.40179369,-23.80585686,0 -52.40195887,-23.80575933,0 -52.40211954,-23.80565561,0 -52.40227378,-23.80554392,0 -52.40245227,-23.80539417,0 -52.40266520,-23.80517212,0 -52.40289610,-23.80482738,0 -52.40292672,-23.80477207,0 -52.40300723,-23.80450410,0 -52.40305267,-23.80432843,0 -52.40308646,-23.80415055,0 -52.40311949,-23.80385149,0 -52.40312302,-23.80374098,0 -52.40311896,-23.80361043,0 -52.40310132,-23.80343060,0 -52.40307064,-23.80325224,0 -52.40304215,-23.80313034,0 -52.40302650,-23.80307633,0 -52.40296877,-23.80290378,0 -52.40289802,-23.80273537,0 -52.40281512,-23.80257171,0 -52.40277013,-23.80249020,0 -52.40267578,-23.80234825,0 -52.40258204,-23.80222639,0 -52.40249075,-23.80212107,0 -52.40235917,-23.80198711,0 -52.40221975,-23.80186003,0 -52.40207273,-23.80174039,0 -52.40192297,-23.80162365,0 -52.40177059,-23.80150982,0 -52.40161144,-23.80140417,0 -52.40144734,-23.80130509,0 -52.40135921,-23.80125524,0</coordinates></LineString>
    </Placemark>
    <Placemark>
      <name>terra boa</name>
      <Style><LineStyle><color>ff000000</color><width>3</width></LineStyle></Style>
      <ExtendedData>
        <Data name="camada"><value>LP2</value></Data>
        <Data name="classificacao"><value>LP2 - LP2</value></Data>
      </ExtendedData>
      <MultiGeometry>
        <LineString><tessellate>1</tessellate><coordinates>-52.39781978,-23.80978495,0 -52.39781978,-23.80978495,0</coordinates></LineString>
        <LineString><tessellate>1</tessellate><coordinates>-52.39781978,-23.80978495,0 -52.39792140,-23.80959958,0 -52.39801553,-23.80944110,0 -52.39811378,-23.80928476,0 -52.39821577,-23.80913045,0 -52.39842575,-23.80882526,0 -52.39875192,-23.80837417,0 -52.39897746,-23.80807852,0 -52.39909282,-23.80793240,0 -52.39932904,-23.80764390,0 -52.39957214,-23.80736028,0 -52.39969625,-23.80722036,0 -52.39994958,-23.80694443,0 -52.40008526,-23.80681396,0 -52.40022976,-23.80669181,0 -52.40027996,-23.80665246,0 -52.40038290,-23.80657892,0 -52.40054432,-23.80647621,0 -52.40121611,-23.80610226,0 -52.40172247,-23.80582568,0 -52.40188831,-23.80572909,0 -52.40204982,-23.80562650,0 -52.40223657,-23.80549328,0 -52.40240493,-23.80535141,0 -52.40261590,-23.80512954,0 -52.40283464,-23.80480295,0 -52.40286579,-23.80474633,0 -52.40294518,-23.80448171,0 -52.40299000,-23.80430590,0 -52.40302284,-23.80412788,0 -52.40305333,-23.80384791,0 -52.40305499,-23.80364926,0 -52.40304326,-23.80349883,0 -52.40303110,-23.80340805,0 -52.40299844,-23.80323000,0 -52.40297779,-23.80314483,0 -52.40295166,-23.80305464,0 -52.40289065,-23.80288301,0 -52.40281670,-23.80271576,0 -52.40271225,-23.80251995,0 -52.40263114,-23.80239791,0 -52.40251807,-23.80225035,0 -52.40243929,-23.80215946,0 -52.40225890,-23.80197941,0 -52.40211595,-23.80185567,0 -52.40196727,-23.80173778,0 -52.40181677,-23.80162184,0 -52.40166181,-23.80151103,0 -52.40149994,-23.80140891,0 -52.40133447,-23.80131177,0 -52.40123387,-23.80125764,0</coordinates></LineString>
      </MultiGeometry>
    </Placemark>
    <Placemark>
      <name>terra boa</name>
      <Style><LineStyle><color>ff000000</color><width>3</width></LineStyle></Style>
      <ExtendedData>
        <Data name="camada"><value>LP2</value></Data>
        <Data name="classificacao"><value>LP2 - LP2</value></Data>
      </ExtendedData>
      <LineString><tessellate>1</tessellate><coordinates>-52.39771132,-23.80985403,0 -52.39777038,-23.80973827,0 -52.39785923,-23.80957724,0 -52.39795320,-23.80941868,0 -52.39805127,-23.80926224,0 -52.39815307,-23.80910783,0 -52.39836286,-23.80880252,0 -52.39868871,-23.80835124,0 -52.39891399,-23.80805543,0 -52.39902922,-23.80790921,0 -52.39926501,-23.80762042,0 -52.39950780,-23.80733658,0 -52.39963175,-23.80719653,0 -52.39988472,-23.80692033,0 -52.40001902,-23.80678867,0 -52.40016191,-23.80666492,0 -52.40031375,-23.80655052,0 -52.40047385,-23.80644610,0 -52.40080834,-23.80625706,0 -52.40165115,-23.80579435,0 -52.40181774,-23.80569885,0 -52.40205078,-23.80555099,0 -52.40219356,-23.80544686,0 -52.40235758,-23.80530865,0 -52.40255191,-23.80510600,0 -52.40277095,-23.80478193,0 -52.40279172,-23.80474833,0 -52.40280486,-23.80472057,0 -52.40288312,-23.80445931,0 -52.40292732,-23.80428337,0 -52.40295922,-23.80410521,0 -52.40298716,-23.80384434,0 -52.40299033,-23.80374533,0 -52.40298878,-23.80365152,0 -52.40298313,-23.80356490,0 -52.40296077,-23.80338551,0 -52.40291343,-23.80315932,0 -52.40285735,-23.80297983,0 -52.40281127,-23.80286269,0 -52.40273401,-23.80269672,0 -52.40264512,-23.80253577,0 -52.40256507,-23.80241534,0 -52.40247609,-23.80229968,0 -52.40238852,-23.80219864,0 -52.40229497,-23.80210162,0 -52.40215684,-23.80197334,0 -52.40201114,-23.80185238,0 -52.40170982,-23.80162088,0 -52.40155152,-23.80151417,0 -52.40138770,-23.80141469,0 -52.40122074,-23.80131976,0 -52.40110084,-23.80125914,0</coordinates></LineString>
    </Placemark>
    <Placemark>
      <name>terra boa</name>
      <Style><LineStyle><color>ff000000</color><width>3</width></LineStyle></Style>
      <ExtendedData>
        <Data name="camada"><value>LP2</value></Data>
        <Data name="classificacao"><value>LP2 - LP2</value></Data>
      </ExtendedData>
      <MultiGeometry>
        <LineString><tessellate>1</tessellate><coordinates>-52.39760544,-23.80992173,0 -52.39760544,-23.80992173,0</coordinates></LineString>
        <LineString><tessellate>1</tessellate><coordinates>-52.39760544,-23.80992173,0 -52.39770848,-23.80971606,0 -52.39779706,-23.80955489,0 -52.39789086,-23.80939625,0 -52.39798875,-23.80923972,0 -52.39819446,-23.80893209,0 -52.39851544,-23.80847785,0 -52.39873717,-23.80817978,0 -52.39885053,-23.80803233,0 -52.39908243,-23.80774089,0 -52.39920097,-23.80759694,0 -52.39944345,-23.80731287,0 -52.39956724,-23.80717271,0 -52.39981988,-23.80689624,0 -52.39995277,-23.80676338,0 -52.40009449,-23.80663847,0 -52.40024505,-23.80652266,0 -52.40040337,-23.80641599,0 -52.40056911,-23.80631929,0 -52.40090490,-23.80613214,0 -52.40174706,-23.80566844,0 -52.40191037,-23.80556828,0 -52.40201094,-23.80550227,0 -52.40215056,-23.80540044,0 -52.40231024,-23.80526589,0 -52.40250494,-23.80506284,0 -52.40271281,-23.80475242,0 -52.40274393,-23.80469480,0 -52.40282097,-23.80443689,0 -52.40286465,-23.80426085,0 -52.40289560,-23.80408255,0 -52.40292100,-23.80384077,0 -52.40292256,-23.80365379,0 -52.40291443,-23.80354219,0 -52.40288979,-23.80336306,0 -52.40287144,-23.80326611,0 -52.40285199,-23.80318589,0 -52.40282326,-23.80308475,0 -52.40276294,-23.80291631,0 -52.40273154,-23.80284248,0 -52.40265083,-23.80267789,0 -52.40259649,-23.80257944,0 -52.40250971,-23.80244888,0 -52.40242311,-23.80233632,0 -52.40232735,-23.80222697,0 -52.40225384,-23.80215021,0 -52.40219492,-23.80209372,0 -52.40205372,-23.80196833,0 -52.40175558,-23.80173338,0 -52.40160146,-23.80162159,0 -52.40144022,-23.80151864,0 -52.40127490,-23.80142127,0 -52.40110576,-23.80132970,0 -52.40095774,-23.80125985,0</coordinates></LineString>
      </MultiGeometry>
    </Placemark>
    <Placemark>
      <name>terra boa</name>
      <Style><LineStyle><color>ff000000</color><width>3</width></LineStyle></Style>
      <ExtendedData>
        <Data name="camada"><value>LP2</value></Data>
        <Data name="classificacao"><value>LP2 - LP2</value></Data>
      </ExtendedData>
      <LineString><tessellate>1</tessellate><coordinates>-52.39750384,-23.80998472,0 -52.39756336,-23.80985740,0 -52.39764657,-23.80969384,0 -52.39773494,-23.80953258,0 -52.39782853,-23.80937383,0 -52.39792624,-23.80921720,0 -52.39802766,-23.80906258,0 -52.39823708,-23.80875706,0 -52.39845234,-23.80845499,0 -52.39867384,-23.80815677,0 -52.39878706,-23.80800924,0 -52.39890201,-23.80786285,0 -52.39913707,-23.80757355,0 -52.39937911,-23.80728916,0 -52.39962805,-23.80700987,0 -52.39975504,-23.80687215,0 -52.39988653,-23.80673809,0 -52.40002747,-23.80661243,0 -52.40017635,-23.80649481,0 -52.40033322,-23.80638631,0 -52.40049775,-23.80628789,0 -52.40066553,-23.80619414,0 -52.40167584,-23.80563727,0 -52.40184057,-23.80553908,0 -52.40199934,-23.80543295,0 -52.40210756,-23.80535402,0 -52.40226289,-23.80522313,0 -52.40245152,-23.80502642,0 -52.40265241,-23.80472635,0 -52.40267153,-23.80469442,0 -52.40268352,-23.80466764,0 -52.40275881,-23.80441447,0 -52.40280198,-23.80423832,0 -52.40283196,-23.80405987,0 -52.40285484,-23.80383720,0 -52.40285719,-23.80369971,0 -52.40285186,-23.80358293,0 -52.40284573,-23.80351948,0 -52.40281861,-23.80334064,0 -52.40280647,-23.80327810,0 -52.40275958,-23.80310160,0 -52.40270082,-23.80293751,0 -52.40265042,-23.80282279,0 -52.40256644,-23.80265961,0 -52.40253861,-23.80260919,0 -52.40246826,-23.80250335,0 -52.40235526,-23.80235579,0 -52.40228696,-23.80227699,0 -52.40222961,-23.80221711,0 -52.40209376,-23.80208683,0 -52.40194955,-23.80196436,0 -52.40164895,-23.80173206,0 -52.40149159,-23.80162417,0 -52.40132805,-23.80152432,0 -52.40116134,-23.80142900,0 -52.40098948,-23.80134184,0 -52.40081256,-23.80126450,0</coordinates></LineString>
    </Placemark>
    <Placemark>
      <name>terra boa</name>
      <Style><LineStyle><color>ff000000</color><width>3</width></LineStyle></Style>
      <ExtendedData>
        <Data name="camada"><value>LP2</value></Data>
        <Data name="classificacao"><value>LP2 - LP2</value></Data>
      </ExtendedData>
      <LineString><tessellate>1</tessellate><coordinates>-52.39740399,-23.81004851,0 -52.39750155,-23.80983523,0 -52.39758467,-23.80967163,0 -52.39767291,-23.80951031,0 -52.39776619,-23.80935141,0 -52.39786373,-23.80919468,0 -52.39796496,-23.80903995,0 -52.39828097,-23.80858277,0 -52.39861050,-23.80813376,0 -52.39883841,-23.80783966,0 -52.39895495,-23.80769433,0 -52.39919313,-23.80740720,0 -52.39931477,-23.80726545,0 -52.39956338,-23.80698591,0 -52.39969020,-23.80684806,0 -52.39982099,-23.80671343,0 -52.39996045,-23.80658640,0 -52.40010779,-23.80646711,0 -52.40026364,-23.80635738,0 -52.40042638,-23.80625648,0 -52.40109841,-23.80588290,0 -52.40160462,-23.80560609,0 -52.40177000,-23.80550884,0 -52.40193071,-23.80540518,0 -52.40208338,-23.80529174,0 -52.40222684,-23.80516859,0 -52.40239810,-23.80499000,0 -52.40259199,-23.80470032,0 -52.40261008,-23.80466999,0 -52.40262258,-23.80464182,0 -52.40269664,-23.80439205,0 -52.40273922,-23.80421578,0 -52.40275791,-23.80411175,0 -52.40278641,-23.80385736,0 -52.40279169,-23.80373921,0 -52.40278578,-23.80358735,0 -52.40277623,-23.80349684,0 -52.40274698,-23.80331829,0 -52.40272034,-23.80320280,0 -52.40270284,-23.80314239,0 -52.40266857,-23.80303711,0 -52.40260658,-23.80288319,0 -52.40256884,-23.80280329,0 -52.40248204,-23.80264133,0 -52.40239900,-23.80251598,0 -52.40231716,-23.80240960,0 -52.40226019,-23.80234387,0 -52.40213072,-23.80220823,0 -52.40199148,-23.80208098,0 -52.40184420,-23.80196161,0 -52.40169431,-23.80184501,0 -52.40154111,-23.80173214,0 -52.40138041,-23.80162847,0 -52.40121534,-23.80153077,0 -52.40104646,-23.80143879,0 -52.40087184,-23.80135639,0 -52.40069192,-23.80128427,0 -52.40065186,-23.80127110,0</coordinates></LineString>
    </Placemark>
    <Placemark>
      <name>terra boa</name>
      <Style><LineStyle><color>ff000000</color><width>3</width></LineStyle></Style>
      <ExtendedData>
        <Data name="camada"><value>LP2</value></Data>
        <Data name="classificacao"><value>LP2 - LP2</value></Data>
      </ExtendedData>
      <LineString><tessellate>1</tessellate><coordinates>-52.39730747,-23.81010849,0 -52.39736234,-23.80997901,0 -52.39743974,-23.80981305,0 -52.39752277,-23.80964941,0 -52.39761089,-23.80948804,0 -52.39770386,-23.80932898,0 -52.39780121,-23.80917216,0 -52.39790226,-23.80901733,0 -52.39821798,-23.80855998,0 -52.39854717,-23.80811075,0 -52.39877481,-23.80781648,0 -52.39889121,-23.80767105,0 -52.39912909,-23.80738372,0 -52.39925057,-23.80724185,0 -52.39937373,-23.80710122,0 -52.39962536,-23.80682397,0 -52.39975548,-23.80668879,0 -52.39989342,-23.80656036,0 -52.40003994,-23.80644022,0 -52.40019406,-23.80632846,0 -52.40035547,-23.80622575,0 -52.40052273,-23.80613124,0 -52.40102691,-23.80585129,0 -52.40153340,-23.80557491,0 -52.40169944,-23.80547860,0 -52.40186099,-23.80537607,0 -52.40201595,-23.80526527,0 -52.40216104,-23.80514365,0 -52.40234468,-23.80495357,0 -52.40253155,-23.80467431,0 -52.40254991,-23.80464307,0 -52.40256268,-23.80461311,0 -52.40263448,-23.80436962,0 -52.40267629,-23.80419320,0 -52.40269232,-23.80410319,0 -52.40272208,-23.80383462,0 -52.40272543,-23.80373885,0 -52.40271969,-23.80359177,0 -52.40270667,-23.80347421,0 -52.40267506,-23.80329599,0 -52.40265598,-23.80321729,0 -52.40262737,-23.80312086,0 -52.40260565,-23.80305620,0 -52.40256387,-23.80295004,0 -52.40248596,-23.80278433,0 -52.40242284,-23.80266869,0 -52.40234364,-23.80254952,0 -52.40226419,-23.80244624,0 -52.40216390,-23.80233289,0 -52.40210752,-23.80227402,0 -52.40203067,-23.80220033,0 -52.40188768,-23.80207663,0 -52.40173871,-23.80195903,0 -52.40151538,-23.80179044,0 -52.40143153,-23.80173435,0 -52.40126840,-23.80163394,0 -52.40110195,-23.80153825,0 -52.40093021,-23.80145087,0 -52.40075281,-23.80137364,0 -52.40057028,-23.80130730,0 -52.40047141,-23.80127850,0</coordinates></LineString>
    </Placemark>
    <Placemark>
      <name>terra boa</name>
      <Style><LineStyle><color>ff000000</color><width>3</width></LineStyle></Style>
      <ExtendedData>
        <Data name="camada"><value>LP2</value></Data>
        <Data name="classificacao"><value>LP2 - LP2</value></Data>
      </ExtendedData>
      <LineString><tessellate>1</tessellate><coordinates>-52.39721009,-23.81017047,0 -52.39730061,-23.80995687,0 -52.39737793,-23.80979088,0 -52.39746086,-23.80962720,0 -52.39754886,-23.80946577,0 -52.39764152,-23.80930656,0 -52.39773870,-23.80914964,0 -52.39783955,-23.80899470,0 -52.39804842,-23.80868886,0 -52.39826304,-23.80838641,0 -52.39848383,-23.80808774,0 -52.39871121,-23.80779329,0 -52.39882747,-23.80764777,0 -52.39906506,-23.80736024,0 -52.39918639,-23.80721826,0 -52.39943406,-23.80693802,0 -52.39956052,-23.80679988,0 -52.39968997,-23.80666415,0 -52.39982674,-23.80653465,0 -52.39997209,-23.80641333,0 -52.40012459,-23.80629967,0 -52.40028500,-23.80619564,0 -52.40045135,-23.80609982,0 -52.40095540,-23.80581967,0 -52.40146183,-23.80554318,0 -52.40162887,-23.80544836,0 -52.40185158,-23.80530737,0 -52.40197855,-23.80521477,0 -52.40212086,-23.80509485,0 -52.40229126,-23.80491715,0 -52.40247206,-23.80464679,0 -52.40249031,-23.80461492,0 -52.40250278,-23.80458422,0 -52.40257232,-23.80434720,0 -52.40261337,-23.80417063,0 -52.40262672,-23.80409464,0 -52.40263968,-23.80399172,0 -52.40265682,-23.80381183,0 -52.40265917,-23.80373850,0 -52.40265577,-23.80363132,0 -52.40264781,-23.80353617,0 -52.40263637,-23.80345167,0 -52.40260184,-23.80327394,0 -52.40256855,-23.80315218,0 -52.40251445,-23.80300110,0 -52.40245168,-23.80286052,0 -52.40240214,-23.80276579,0 -52.40236496,-23.80269843,0 -52.40228829,-23.80258307,0 -52.40219245,-23.80246123,0 -52.40213462,-23.80239452,0 -52.40206616,-23.80232304,0 -52.40192862,-23.80219425,0 -52.40178263,-23.80207357,0 -52.40163297,-23.80195672,0 -52.40148064,-23.80184283,0 -52.40132061,-23.80173831,0 -52.40115577,-23.80164028,0 -52.40098716,-23.80154787,0 -52.40081253,-23.80146549,0 -52.40063238,-23.80139388,0 -52.40044733,-23.80133374,0 -52.40033910,-23.80130440,0 -52.40024744,-23.80128487,0</coordinates></LineString>
    </Placemark>
    <Placemark>
      <name>terra boa</name>
      <Style><LineStyle><color>ff000000</color><width>3</width></LineStyle></Style>
      <ExtendedData>
        <Data name="camada"><value>LP2</value></Data>
        <Data name="classificacao"><value>LP2 - LP2</value></Data>
      </ExtendedData>
      <MultiGeometry>
        <LineString><tessellate>1</tessellate><coordinates>-52.39711227,-23.81023350,0 -52.39711227,-23.81023350,0</coordinates></LineString>
        <LineString><tessellate>1</tessellate><coordinates>-52.39711227,-23.81023350,0 -52.39723889,-23.80993473,0 -52.39731612,-23.80976870,0 -52.39739896,-23.80960498,0 -52.39748683,-23.80944350,0 -52.39757930,-23.80928419,0 -52.39767619,-23.80912712,0 -52.39777685,-23.80897207,0 -52.39798553,-23.80866612,0 -52.39819994,-23.80836355,0 -52.39842050,-23.80806473,0 -52.39864760,-23.80777011,0 -52.39876373,-23.80762450,0 -52.39900103,-23.80733675,0 -52.39912220,-23.80719467,0 -52.39936956,-23.80691419,0 -52.39949573,-23.80677583,0 -52.39962446,-23.80663951,0 -52.39976049,-23.80650936,0 -52.39990425,-23.80638644,0 -52.40005589,-23.80627182,0 -52.40021452,-23.80616552,0 -52.40037998,-23.80606842,0 -52.40054778,-23.80597470,0 -52.40155799,-23.80541767,0 -52.40172154,-23.80531785,0 -52.40181174,-23.80525864,0 -52.40193555,-23.80516835,0 -52.40207352,-23.80505209,0 -52.40223784,-23.80488072,0 -52.40241517,-23.80461506,0 -52.40243290,-23.80458175,0 -52.40244784,-23.80453952,0 -52.40251015,-23.80432478,0 -52.40255044,-23.80414806,0 -52.40256112,-23.80408609,0 -52.40257556,-23.80396899,0 -52.40259127,-23.80378902,0 -52.40259290,-23.80373814,0 -52.40258802,-23.80360854,0 -52.40258191,-23.80354239,0 -52.40256584,-23.80342915,0 -52.40254661,-23.80332609,0 -52.40250488,-23.80316904,0 -52.40245232,-23.80302230,0 -52.40240282,-23.80291022,0 -52.40231775,-23.80274751,0 -52.40223293,-23.80261662,0 -52.40215824,-23.80251952,0 -52.40209738,-23.80244931,0 -52.40200997,-23.80235656,0 -52.40196646,-23.80231484,0 -52.40182544,-23.80218928,0 -52.40167721,-23.80207092,0 -52.40152682,-23.80195486,0 -52.40143511,-23.80188744,0 -52.40137144,-23.80184458,0 -52.40120874,-23.80174357,0 -52.40104255,-23.80164749,0 -52.40087094,-23.80155990,0 -52.40069341,-23.80148294,0 -52.40051055,-23.80141741,0 -52.40032320,-23.80136363,0 -52.40020197,-23.80133719,0 -52.39993750,-23.80129797,0 -52.39984838,-23.80129027,0</coordinates></LineString>
      </MultiGeometry>
    </Placemark>
    <Placemark>
      <name>terra boa</name>
      <Style><LineStyle><color>ff000000</color><width>3</width></LineStyle></Style>
      <ExtendedData>
        <Data name="camada"><value>LP2</value></Data>
        <Data name="classificacao"><value>LP2 - LP2</value></Data>
      </ExtendedData>
      <MultiGeometry>
        <LineString><tessellate>1</tessellate><coordinates>-52.39701412,-23.81029733,0 -52.39701412,-23.81029733,0</coordinates></LineString>
        <LineString><tessellate>1</tessellate><coordinates>-52.39701412,-23.81029733,0 -52.39717716,-23.80991258,0 -52.39725431,-23.80974653,0 -52.39733706,-23.80958277,0 -52.39742481,-23.80942122,0 -52.39751712,-23.80926185,0 -52.39761367,-23.80910460,0 -52.39771414,-23.80894945,0 -52.39792264,-23.80864339,0 -52.39813685,-23.80834069,0 -52.39835716,-23.80804172,0 -52.39858400,-23.80774692,0 -52.39869999,-23.80760122,0 -52.39893700,-23.80731327,0 -52.39918070,-23.80703010,0 -52.39943106,-23.80675188,0 -52.39955894,-23.80661487,0 -52.39969425,-23.80648407,0 -52.39983662,-23.80635977,0 -52.39998719,-23.80624396,0 -52.40014438,-23.80613585,0 -52.40030861,-23.80603701,0 -52.40047638,-23.80594325,0 -52.40148677,-23.80538649,0 -52.40165170,-23.80528860,0 -52.40181013,-23.80518204,0 -52.40189255,-23.80512193,0 -52.40202617,-23.80500933,0 -52.40218442,-23.80484430,0 -52.40235859,-23.80458247,0 -52.40238358,-23.80452406,0 -52.40244789,-23.80430233,0 -52.40248748,-23.80412548,0 -52.40250278,-23.80402580,0 -52.40252403,-23.80381933,0 -52.40252528,-23.80366735,0 -52.40250941,-23.80349650,0 -52.40248164,-23.80333808,0 -52.40245402,-23.80323014,0 -52.40241687,-23.80311348,0 -52.40236145,-23.80297590,0 -52.40232080,-23.80289090,0 -52.40224920,-23.80275793,0 -52.40217757,-23.80265016,0 -52.40212327,-23.80257958,0 -52.40203307,-23.80247287,0 -52.40196120,-23.80239783,0 -52.40186554,-23.80230773,0 -52.40172104,-23.80218556,0 -52.40141987,-23.80195390,0 -52.40126081,-23.80184815,0 -52.40109617,-23.80174983,0 -52.40092786,-23.80165696,0 -52.40075323,-23.80157458,0 -52.40057283,-23.80150352,0 -52.40050269,-23.80147927,0 -52.40038736,-23.80144457,0 -52.40030511,-23.80142227,0 -52.40019753,-23.80139886,0 -52.40000428,-23.80136753,0 -52.39980929,-23.80134715,0 -52.39961342,-23.80133570,0 -52.39922093,-23.80133007,0 -52.39882841,-23.80133529,0 -52.39843609,-23.80134831,0 -52.39804409,-23.80136756,0 -52.39784879,-23.80138524,0 -52.39772150,-23.80140299,0 -52.39749770,-23.80145103,0 -52.39736722,-23.80149084,0 -52.39721846,-23.80154922,0 -52.39710678,-23.80160544,0 -52.39693117,-23.80168611,0 -52.39569761,-23.80224293,0 -52.39534815,-23.80240750,0 -52.39500225,-23.80257829,0 -52.39466032,-23.80275574,0 -52.39415484,-23.80303365,0 -52.39365699,-23.80332299,0 -52.39316510,-23.80362085,0 -52.39299794,-23.80371551,0 -52.39282598,-23.80380255,0 -52.39265839,-23.80389653,0 -52.39249549,-23.80399727,0 -52.39233704,-23.80410383,0 -52.39218505,-23.80421806,0 -52.39204038,-23.80434010,0 -52.39190339,-23.80446942,0 -52.39177389,-23.80460510,0 -52.39152711,-23.80488600,0 -52.39140818,-23.80502967,0 -52.39134881,-23.80508533,0 -52.39126377,-23.80515162,0 -52.39110908,-23.80526279,0 -52.39094926,-23.80536758,0 -52.39089132,-23.80539795,0 -52.39081365,-23.80543330,0</coordinates></LineString>
      </MultiGeometry>
    </Placemark>
    <Placemark>
      <name>terra boa</name>
      <Style><LineStyle><color>ff000000</color><width>3</width></LineStyle></Style>
      <ExtendedData>
        <Data name="camada"><value>LP2</value></Data>
        <Data name="classificacao"><value>LP2 - LP2</value></Data>
      </ExtendedData>
      <LineString><tessellate>1</tessellate><coordinates>-52.39691542,-23.81036243,0 -52.39711543,-23.80989044,0 -52.39719250,-23.80972435,0 -52.39727515,-23.80956055,0 -52.39736278,-23.80939895,0 -52.39745495,-23.80923950,0 -52.39755126,-23.80908214,0 -52.39775491,-23.80877334,0 -52.39796605,-23.80846882,0 -52.39818301,-23.80816779,0 -52.39840627,-23.80787068,0 -52.39852040,-23.80772374,0 -52.39875377,-23.80743328,0 -52.39899383,-23.80714749,0 -52.39924055,-23.80686653,0 -52.39936639,-23.80672792,0 -52.39949388,-23.80659059,0 -52.39962801,-23.80645878,0 -52.39976959,-23.80633374,0 -52.39991848,-23.80621611,0 -52.40007480,-23.80610692,0 -52.40023724,-23.80600560,0 -52.40090921,-23.80563193,0 -52.40141555,-23.80535531,0 -52.40158114,-23.80525836,0 -52.40174152,-23.80515430,0 -52.40184955,-23.80507551,0 -52.40197883,-23.80496657,0 -52.40213101,-23.80480787,0 -52.40229395,-23.80456341,0 -52.40230887,-23.80453540,0 -52.40232104,-23.80450300,0 -52.40238559,-23.80427988,0 -52.40242424,-23.80410286,0 -52.40244725,-23.80392354,0 -52.40245787,-23.80381576,0 -52.40245906,-23.80366961,0 -52.40245089,-23.80356310,0 -52.40242332,-23.80338434,0 -52.40239853,-23.80327526,0 -52.40235395,-23.80313257,0 -52.40231646,-23.80303739,0 -52.40227044,-23.80293561,0 -52.40219132,-23.80278767,0 -52.40212222,-23.80268371,0 -52.40202963,-23.80256667,0 -52.40198229,-23.80251205,0 -52.40190226,-23.80242935,0 -52.40176321,-23.80230194,0 -52.40146561,-23.80206643,0 -52.40131132,-23.80195484,0 -52.40114904,-23.80185326,0 -52.40098315,-23.80175674,0 -52.40081167,-23.80166893,0 -52.40063401,-23.80159223,0 -52.40056899,-23.80156731,0 -52.40039041,-23.80150894,0 -52.40026287,-23.80147571,0 -52.40017442,-23.80145647,0 -52.40007085,-23.80143847,0 -52.39987638,-23.80141422,0 -52.39968074,-23.80139979,0 -52.39948461,-23.80139314,0 -52.39928834,-23.80139112,0 -52.39889580,-23.80139471,0 -52.39830736,-23.80141476,0 -52.39811137,-23.80142466,0 -52.39791574,-23.80143911,0 -52.39783117,-23.80144864,0 -52.39772156,-23.80146519,0 -52.39762944,-23.80148249,0 -52.39753047,-23.80150617,0 -52.39739068,-23.80154790,0 -52.39724768,-23.80160401,0 -52.39716893,-23.80164435,0 -52.39699372,-23.80172574,0 -52.39611217,-23.80212266,0 -52.39558471,-23.80236354,0 -52.39523667,-23.80253062,0 -52.39506403,-23.80261656,0 -52.39472177,-23.80279348,0 -52.39421586,-23.80307073,0 -52.39371762,-23.80335949,0 -52.39322580,-23.80365746,0 -52.39305927,-23.80375304,0 -52.39288743,-23.80384028,0 -52.39271919,-23.80393328,0 -52.39255554,-23.80403298,0 -52.39239632,-23.80413858,0 -52.39224359,-23.80425199,0 -52.39209841,-23.80437351,0 -52.39196078,-23.80450223,0 -52.39183079,-23.80463752,0 -52.39158379,-23.80491825,0 -52.39146488,-23.80506194,0 -52.39141634,-23.80511049,0 -52.39132283,-23.80518611,0 -52.39116854,-23.80529775,0 -52.39100974,-23.80540387,0 -52.39095270,-23.80543652,0 -52.39086585,-23.80547772,0</coordinates></LineString>
    </Placemark>
    <Placemark>
      <name>terra boa</name>
      <Style><LineStyle><color>ff000000</color><width>3</width></LineStyle></Style>
      <ExtendedData>
        <Data name="camada"><value>LP2</value></Data>
        <Data name="classificacao"><value>LP2 - LP2</value></Data>
      </ExtendedData>
      <MultiGeometry>
        <LineString><tessellate>1</tessellate><coordinates>-52.39681683,-23.81042728,0 -52.39681683,-23.81042728,0</coordinates></LineString>
        <LineString><tessellate>1</tessellate><coordinates>-52.39681683,-23.81042728,0 -52.39705371,-23.80986830,0 -52.39713070,-23.80970218,0 -52.39721325,-23.80953833,0 -52.39730076,-23.80937668,0 -52.39739278,-23.80921716,0 -52.39748893,-23.80905971,0 -52.39758883,-23.80890425,0 -52.39779697,-23.80859798,0 -52.39801079,-23.80829505,0 -52.39823058,-23.80799576,0 -52.39845680,-23.80770055,0 -52.39868988,-23.80740990,0 -52.39892965,-23.80712389,0 -52.39917605,-23.80684270,0 -52.39930172,-23.80670397,0 -52.39942904,-23.80656650,0 -52.39956177,-23.80643349,0 -52.39970257,-23.80630770,0 -52.39985012,-23.80618864,0 -52.40000521,-23.80607799,0 -52.40016662,-23.80597528,0 -52.40033358,-23.80588035,0 -52.40083770,-23.80560031,0 -52.40134424,-23.80532399,0 -52.40151057,-23.80522812,0 -52.40167216,-23.80512564,0 -52.40182555,-23.80501308,0 -52.40193148,-23.80492381,0 -52.40207759,-23.80477145,0 -52.40223331,-23.80453761,0 -52.40225070,-23.80450331,0 -52.40226707,-23.80445424,0 -52.40232329,-23.80425743,0 -52.40234787,-23.80415175,0 -52.40236100,-23.80408024,0 -52.40239170,-23.80381219,0 -52.40239379,-23.80372060,0 -52.40238928,-23.80361386,0 -52.40238158,-23.80354045,0 -52.40235168,-23.80336199,0 -52.40233417,-23.80328975,0 -52.40230293,-23.80318713,0 -52.40226595,-23.80308589,0 -52.40221003,-23.80296064,0 -52.40213344,-23.80281742,0 -52.40205272,-23.80269887,0 -52.40199931,-23.80262944,0 -52.40193456,-23.80255475,0 -52.40186365,-23.80248037,0 -52.40180221,-23.80242145,0 -52.40165941,-23.80229758,0 -52.40135901,-23.80206506,0 -52.40127057,-23.80200293,0 -52.40103656,-23.80185939,0 -52.40086856,-23.80176604,0 -52.40069392,-23.80168368,0 -52.40062924,-23.80165644,0 -52.40051328,-23.80161316,0 -52.40045833,-23.80159417,0 -52.40027111,-23.80154014,0 -52.40013695,-23.80151199,0 -52.40005433,-23.80149764,0 -52.39994332,-23.80148266,0 -52.39974803,-23.80146467,0 -52.39955200,-23.80145553,0 -52.39935575,-23.80145242,0 -52.39896320,-23.80145431,0 -52.39837470,-23.80147285,0 -52.39798286,-23.80149438,0 -52.39778813,-23.80151667,0 -52.39764441,-23.80154189,0 -52.39753526,-23.80156801,0 -52.39740876,-23.80160707,0 -52.39727690,-23.80165881,0 -52.39705622,-23.80176528,0 -52.39564710,-23.80240287,0 -52.39512580,-23.80265483,0 -52.39478322,-23.80283121,0 -52.39427694,-23.80310788,0 -52.39377825,-23.80339600,0 -52.39328650,-23.80369406,0 -52.39312039,-23.80379026,0 -52.39294916,-23.80387846,0 -52.39277999,-23.80397002,0 -52.39261579,-23.80406895,0 -52.39245586,-23.80417365,0 -52.39230242,-23.80428623,0 -52.39215645,-23.80440692,0 -52.39201817,-23.80453505,0 -52.39188769,-23.80466994,0 -52.39164047,-23.80495051,0 -52.39152144,-23.80509411,0 -52.39146255,-23.80515418,0 -52.39138179,-23.80522049,0 -52.39122797,-23.80533268,0 -52.39106991,-23.80543974,0 -52.39100929,-23.80547677,0 -52.39091787,-23.80552198,0</coordinates></LineString>
      </MultiGeometry>
    </Placemark>
    <Placemark>
      <name>terra boa</name>
      <Style><LineStyle><color>ff000000</color><width>3</width></LineStyle></Style>
      <ExtendedData>
        <Data name="camada"><value>LP2</value></Data>
        <Data name="classificacao"><value>LP2 - LP2</value></Data>
      </ExtendedData>
      <LineString><tessellate>1</tessellate><coordinates>-52.39674278,-23.81043423,0 -52.39699198,-23.80984616,0 -52.39706889,-23.80968000,0 -52.39715135,-23.80951612,0 -52.39723873,-23.80935441,0 -52.39733061,-23.80919482,0 -52.39742659,-23.80903729,0 -52.39752632,-23.80888173,0 -52.39773418,-23.80857531,0 -52.39794780,-23.80827226,0 -52.39816736,-23.80797283,0 -52.39839327,-23.80767742,0 -52.39862600,-23.80738653,0 -52.39886546,-23.80710030,0 -52.39911154,-23.80681887,0 -52.39923705,-23.80668001,0 -52.39936420,-23.80654242,0 -52.39949587,-23.80640851,0 -52.39963555,-23.80628166,0 -52.39978227,-23.80616174,0 -52.39993563,-23.80604907,0 -52.40009615,-23.80594517,0 -52.40026222,-23.80584894,0 -52.40144000,-23.80519788,0 -52.40165239,-23.80506374,0 -52.40175813,-23.80498662,0 -52.40188414,-23.80488105,0 -52.40202967,-23.80472681,0 -52.40216847,-23.80451874,0 -52.40218762,-23.80448274,0 -52.40220316,-23.80443795,0 -52.40226099,-23.80423497,0 -52.40228276,-23.80414047,0 -52.40229777,-23.80405762,0 -52.40232554,-23.80380861,0 -52.40232709,-23.80369779,0 -52.40232320,-23.80361828,0 -52.40231197,-23.80351782,0 -52.40229783,-23.80343125,0 -52.40227846,-23.80333993,0 -52.40225017,-23.80323647,0 -52.40220383,-23.80310709,0 -52.40215522,-23.80299764,0 -52.40212004,-23.80292776,0 -52.40206807,-23.80283591,0 -52.40201150,-23.80275080,0 -52.40196074,-23.80268482,0 -52.40188073,-23.80259040,0 -52.40174865,-23.80245813,0 -52.40170040,-23.80241515,0 -52.40155413,-23.80229477,0 -52.40140432,-23.80217807,0 -52.40125097,-23.80206539,0 -52.40108932,-23.80196298,0 -52.40092361,-23.80186620,0 -52.40075240,-23.80177796,0 -52.40068359,-23.80174636,0 -52.40052020,-23.80168067,0 -52.40039106,-23.80163771,0 -52.40025411,-23.80159908,0 -52.40014687,-23.80157574,0 -52.40000996,-23.80155318,0 -52.39981518,-23.80153116,0 -52.39961937,-23.80151891,0 -52.39942316,-23.80151410,0 -52.39922688,-23.80151292,0 -52.39883436,-23.80151807,0 -52.39844205,-23.80153111,0 -52.39805005,-23.80155046,0 -52.39785481,-23.80156879,0 -52.39775702,-23.80158295,0 -52.39766170,-23.80160086,0 -52.39755404,-23.80162650,0 -52.39743759,-23.80166202,0 -52.39729237,-23.80172068,0 -52.39711869,-23.80180477,0 -52.39570949,-23.80244220,0 -52.39536076,-23.80260807,0 -52.39501568,-23.80278028,0 -52.39467484,-23.80295950,0 -52.39417073,-23.80323952,0 -52.39383889,-23.80343250,0 -52.39334713,-23.80373055,0 -52.39318145,-23.80382739,0 -52.39309201,-23.80387675,0 -52.39284099,-23.80400706,0 -52.39267603,-23.80410491,0 -52.39251563,-23.80420899,0 -52.39236126,-23.80432047,0 -52.39221448,-23.80444033,0 -52.39207556,-23.80456787,0 -52.39194460,-23.80470236,0 -52.39181951,-23.80484154,0 -52.39169716,-23.80498276,0 -52.39157800,-23.80512628,0 -52.39152993,-23.80517833,0 -52.39144051,-23.80525460,0 -52.39128733,-23.80536752,0 -52.39112992,-23.80547540,0 -52.39104339,-23.80552904,0 -52.39097084,-23.80556576,0</coordinates></LineString>
    </Placemark>
    <Placemark>
      <name>terra boa</name>
      <Style><LineStyle><color>ff000000</color><width>3</width></LineStyle></Style>
      <ExtendedData>
        <Data name="camada"><value>LP2</value></Data>
        <Data name="classificacao"><value>LP2 - LP2</value></Data>
      </ExtendedData>
      <LineString><tessellate>1</tessellate><coordinates>-52.39668950,-23.81039215,0 -52.39693026,-23.80982402,0 -52.39700708,-23.80965783,0 -52.39708944,-23.80949390,0 -52.39717671,-23.80933214,0 -52.39726844,-23.80917248,0 -52.39736426,-23.80901486,0 -52.39746381,-23.80885921,0 -52.39767138,-23.80855263,0 -52.39788481,-23.80824947,0 -52.39810415,-23.80794990,0 -52.39832980,-23.80765432,0 -52.39856213,-23.80736316,0 -52.39868087,-23.80721934,0 -52.39892334,-23.80693527,0 -52.39917238,-23.80665606,0 -52.39929936,-23.80651833,0 -52.39943036,-23.80638387,0 -52.39956852,-23.80625562,0 -52.39971443,-23.80613485,0 -52.39986673,-23.80602097,0 -52.40002567,-23.80591506,0 -52.40019085,-23.80581754,0 -52.40069469,-23.80553708,0 -52.40136892,-23.80516689,0 -52.40153271,-23.80506742,0 -52.40161255,-23.80501501,0 -52.40172054,-23.80493626,0 -52.40183611,-23.80483887,0 -52.40196604,-23.80470351,0 -52.40210789,-23.80449289,0 -52.40212617,-23.80445831,0 -52.40214170,-23.80441351,0 -52.40219869,-23.80421252,0 -52.40221766,-23.80412919,0 -52.40223430,-23.80403497,0 -52.40225938,-23.80380504,0 -52.40226033,-23.80367498,0 -52.40225237,-23.80357351,0 -52.40224165,-23.80349528,0 -52.40222177,-23.80338607,0 -52.40220520,-23.80331789,0 -52.40218649,-23.80325333,0 -52.40214814,-23.80314517,0 -52.40211632,-23.80306860,0 -52.40207276,-23.80297850,0 -52.40201767,-23.80287692,0 -52.40195615,-23.80278435,0 -52.40182995,-23.80262957,0 -52.40173800,-23.80253596,0 -52.40159717,-23.80241023,0 -52.40144865,-23.80229217,0 -52.40123443,-23.80212995,0 -52.40114098,-23.80206813,0 -52.40097696,-23.80196894,0 -52.40080924,-23.80187517,0 -52.40063462,-23.80179278,0 -52.40057617,-23.80176816,0 -52.40045373,-23.80172281,0 -52.40033074,-23.80168340,0 -52.40013309,-23.80163538,0 -52.39988219,-23.80159890,0 -52.39968668,-23.80158332,0 -52.39949057,-23.80157614,0 -52.39929430,-23.80157400,0 -52.39890175,-23.80157749,0 -52.39831331,-23.80159758,0 -52.39811733,-23.80160752,0 -52.39792177,-23.80162266,0 -52.39785889,-23.80162974,0 -52.39767436,-23.80166069,0 -52.39753799,-23.80169561,0 -52.39746105,-23.80171908,0 -52.39735506,-23.80176068,0 -52.39718112,-23.80184417,0 -52.39700519,-23.80192426,0 -52.39594762,-23.80240110,0 -52.39542285,-23.80264687,0 -52.39507746,-23.80281855,0 -52.39473616,-23.80299701,0 -52.39423171,-23.80327652,0 -52.39389952,-23.80346900,0 -52.39324236,-23.80386429,0 -52.39312496,-23.80392963,0 -52.39290210,-23.80404426,0 -52.39273636,-23.80414100,0 -52.39257539,-23.80424433,0 -52.39242009,-23.80435471,0 -52.39227252,-23.80447374,0 -52.39213294,-23.80460068,0 -52.39200150,-23.80473478,0 -52.39187633,-23.80487389,0 -52.39175384,-23.80501502,0 -52.39163456,-23.80515844,0 -52.39157760,-23.80522067,0 -52.39149917,-23.80528866,0 -52.39134662,-23.80540229,0 -52.39118987,-23.80551097,0 -52.39109693,-23.80557021,0 -52.39102377,-23.80560913,0</coordinates></LineString>
    </Placemark>
    <Placemark>
      <name>terra boa</name>
      <Style><LineStyle><color>ff000000</color><width>3</width></LineStyle></Style>
      <ExtendedData>
        <Data name="camada"><value>LP2</value></Data>
        <Data name="classificacao"><value>LP2 - LP2</value></Data>
      </ExtendedData>
      <LineString><tessellate>1</tessellate><coordinates>-52.39663649,-23.81034943,0 -52.39686853,-23.80980187,0 -52.39694527,-23.80963565,0 -52.39702754,-23.80947169,0 -52.39711468,-23.80930987,0 -52.39720627,-23.80915014,0 -52.39730192,-23.80899244,0 -52.39740130,-23.80883669,0 -52.39750406,-23.80868282,0 -52.39771449,-23.80837789,0 -52.39793062,-23.80807635,0 -52.39815283,-23.80777857,0 -52.39838153,-23.80748499,0 -52.39861689,-23.80719590,0 -52.39873709,-23.80705312,0 -52.39898254,-23.80677121,0 -52.39923452,-23.80649424,0 -52.39936484,-23.80635923,0 -52.39950197,-23.80623004,0 -52.39964658,-23.80610796,0 -52.39979803,-23.80599312,0 -52.39995553,-23.80588539,0 -52.40011948,-23.80578613,0 -52.40028723,-23.80569235,0 -52.40129770,-23.80513571,0 -52.40146284,-23.80503811,0 -52.40157271,-23.80496629,0 -52.40167754,-23.80488984,0 -52.40178945,-23.80479553,0 -52.40191733,-23.80466217,0 -52.40204090,-23.80447729,0 -52.40206012,-23.80444389,0 -52.40207362,-23.80441009,0 -52.40213626,-23.80419004,0 -52.40215255,-23.80411791,0 -52.40217069,-23.80401231,0 -52.40219024,-23.80383261,0 -52.40219531,-23.80373601,0 -52.40219258,-23.80365221,0 -52.40218646,-23.80357973,0 -52.40215680,-23.80339806,0 -52.40213035,-23.80329620,0 -52.40210224,-23.80320894,0 -52.40206906,-23.80312474,0 -52.40202879,-23.80303573,0 -52.40195979,-23.80290666,0 -52.40189019,-23.80280411,0 -52.40184038,-23.80273936,0 -52.40177130,-23.80266053,0 -52.40171733,-23.80260417,0 -52.40163732,-23.80252864,0 -52.40149254,-23.80240675,0 -52.40134296,-23.80228980,0 -52.40119061,-23.80217595,0 -52.40102961,-23.80207270,0 -52.40086404,-23.80197570,0 -52.40077547,-23.80192761,0 -52.40069313,-23.80188699,0 -52.40062642,-23.80185636,0 -52.40051521,-23.80181083,0 -52.40039178,-23.80176650,0 -52.40033132,-23.80174786,0 -52.40022012,-23.80171695,0 -52.40014216,-23.80169999,0 -52.40002125,-23.80167798,0 -52.39994903,-23.80166809,0 -52.39975392,-23.80164867,0 -52.39955795,-23.80163873,0 -52.39936171,-23.80163536,0 -52.39896915,-23.80163711,0 -52.39838065,-23.80165566,0 -52.39798884,-23.80167751,0 -52.39786813,-23.80169011,0 -52.39779427,-23.80170094,0 -52.39768933,-23.80172009,0 -52.39760291,-23.80174077,0 -52.39748451,-23.80177614,0 -52.39736457,-23.80182321,0 -52.39724346,-23.80188342,0 -52.39706776,-23.80196393,0 -52.39583426,-23.80252086,0 -52.39548494,-23.80268567,0 -52.39513924,-23.80285682,0 -52.39479760,-23.80303475,0 -52.39429268,-23.80331352,0 -52.39396020,-23.80350558,0 -52.39330322,-23.80390112,0 -52.39313507,-23.80399426,0 -52.39296327,-23.80408156,0 -52.39279687,-23.80417733,0 -52.39263516,-23.80427967,0 -52.39247892,-23.80438895,0 -52.39233055,-23.80450715,0 -52.39219033,-23.80463350,0 -52.39205841,-23.80476720,0 -52.39193314,-23.80490625,0 -52.39164519,-23.80524340,0 -52.39155755,-23.80532242,0 -52.39140592,-23.80543705,0 -52.39124963,-23.80554631,0 -52.39115614,-23.80560715,0 -52.39107836,-23.80565097,0</coordinates></LineString>
    </Placemark>
    <Placemark>
      <name>terra boa</name>
      <Style><LineStyle><color>ff000000</color><width>3</width></LineStyle></Style>
      <ExtendedData>
        <Data name="camada"><value>LP2</value></Data>
        <Data name="classificacao"><value>LP2 - LP2</value></Data>
      </ExtendedData>
      <LineString><tessellate>1</tessellate><coordinates>-52.39658424,-23.81030494,0 -52.39680681,-23.80977973,0 -52.39688346,-23.80961348,0 -52.39696564,-23.80944947,0 -52.39705265,-23.80928760,0 -52.39714410,-23.80912780,0 -52.39723959,-23.80897001,0 -52.39733878,-23.80881417,0 -52.39744136,-23.80866020,0 -52.39765160,-23.80835515,0 -52.39786752,-23.80805349,0 -52.39808949,-23.80775556,0 -52.39831793,-23.80746181,0 -52.39855301,-23.80717253,0 -52.39879467,-23.80688787,0 -52.39891803,-23.80674739,0 -52.39916968,-23.80647015,0 -52.39929933,-23.80633459,0 -52.39943573,-23.80620475,0 -52.39957874,-23.80608108,0 -52.39972933,-23.80596527,0 -52.39988595,-23.80585646,0 -52.40004825,-23.80575493,0 -52.40021584,-23.80566090,0 -52.40072001,-23.80538095,0 -52.40122648,-23.80510453,0 -52.40139227,-23.80500787,0 -52.40155230,-23.80490339,0 -52.40163453,-23.80484342,0 -52.40174211,-23.80475277,0 -52.40186391,-23.80462575,0 -52.40198041,-23.80445132,0 -52.40199927,-23.80441821,0 -52.40201268,-23.80438407,0 -52.40207379,-23.80416755,0 -52.40209509,-23.80406700,0 -52.40210707,-23.80398964,0 -52.40212591,-23.80380987,0 -52.40212905,-23.80373566,0 -52.40212475,-23.80362943,0 -52.40211512,-23.80354300,0 -52.40209966,-23.80345039,0 -52.40207672,-23.80334772,0 -52.40205498,-23.80327465,0 -52.40201746,-23.80317069,0 -52.40198894,-23.80310467,0 -52.40194146,-23.80300806,0 -52.40190476,-23.80294158,0 -52.40184543,-23.80285144,0 -52.40179821,-23.80279006,0 -52.40172840,-23.80270793,0 -52.40160778,-23.80258717,0 -52.40153494,-23.80252289,0 -52.40138715,-23.80240406,0 -52.40115416,-23.80222695,0 -52.40108102,-23.80217818,0 -52.40091735,-23.80207850,0 -52.40074984,-23.80198441,0 -52.40067116,-23.80194502,0 -52.40057532,-23.80190187,0 -52.40044701,-23.80185071,0 -52.40029095,-23.80179970,0 -52.40020742,-23.80177706,0 -52.40010554,-23.80175466,0 -52.40001560,-23.80173903,0 -52.39982107,-23.80171516,0 -52.39962532,-23.80170212,0 -52.39942912,-23.80169704,0 -52.39903656,-23.80169711,0 -52.39884032,-23.80170085,0 -52.39844800,-23.80171390,0 -52.39805601,-23.80173336,0 -52.39786093,-23.80175289,0 -52.39779255,-23.80176291,0 -52.39761039,-23.80180196,0 -52.39748191,-23.80184343,0 -52.39739379,-23.80187801,0 -52.39730571,-23.80192250,0 -52.39713031,-23.80200356,0 -52.39589664,-23.80256018,0 -52.39554703,-23.80272447,0 -52.39520102,-23.80289509,0 -52.39485905,-23.80307248,0 -52.39435366,-23.80335052,0 -52.39402095,-23.80354225,0 -52.39336406,-23.80393792,0 -52.39319668,-23.80403225,0 -52.39302471,-23.80411929,0 -52.39285738,-23.80421366,0 -52.39269513,-23.80431528,0 -52.39253798,-23.80442345,0 -52.39238875,-23.80454073,0 -52.39224783,-23.80466641,0 -52.39211535,-23.80479965,0 -52.39198996,-23.80493860,0 -52.39169437,-23.80528425,0 -52.39161593,-23.80535617,0 -52.39146509,-23.80547167,0 -52.39130938,-23.80558162,0 -52.39114809,-23.80568447,0 -52.39112445,-23.80569675,0</coordinates></LineString>
    </Placemark>
    <Placemark>
      <name>terra boa</name>
      <Style><LineStyle><color>ff000000</color><width>3</width></LineStyle></Style>
      <ExtendedData>
        <Data name="camada"><value>LP2</value></Data>
        <Data name="classificacao"><value>LP2 - LP2</value></Data>
      </ExtendedData>
      <LineString><tessellate>1</tessellate><coordinates>-52.39653127,-23.81026213,0 -52.39674508,-23.80975759,0 -52.39682165,-23.80959130,0 -52.39690373,-23.80942726,0 -52.39699063,-23.80926533,0 -52.39708193,-23.80910546,0 -52.39717726,-23.80894759,0 -52.39727627,-23.80879165,0 -52.39737866,-23.80863757,0 -52.39758872,-23.80833242,0 -52.39780442,-23.80803063,0 -52.39802616,-23.80773255,0 -52.39825433,-23.80743862,0 -52.39848913,-23.80714915,0 -52.39873049,-23.80686428,0 -52.39897837,-23.80658419,0 -52.39910484,-23.80644606,0 -52.39923382,-23.80630994,0 -52.39936949,-23.80617947,0 -52.39951171,-23.80605504,0 -52.39966062,-23.80593741,0 -52.39981637,-23.80582753,0 -52.39997778,-23.80572482,0 -52.40014445,-23.80562947,0 -52.40064850,-23.80534933,0 -52.40115492,-23.80507282,0 -52.40132170,-23.80497763,0 -52.40148333,-23.80487520,0 -52.40159153,-23.80479700,0 -52.40169476,-23.80471001,0 -52.40181049,-23.80458932,0 -52.40191494,-23.80443315,0 -52.40194342,-23.80438114,0 -52.40196722,-23.80430596,0 -52.40201132,-23.80414506,0 -52.40202974,-23.80405702,0 -52.40204315,-23.80396694,0 -52.40206112,-23.80378711,0 -52.40206178,-23.80368318,0 -52.40205605,-23.80360672,0 -52.40204334,-23.80351089,0 -52.40202803,-23.80342804,0 -52.40201236,-23.80336222,0 -52.40197849,-23.80325339,0 -52.40195534,-23.80319188,0 -52.40190759,-23.80308508,0 -52.40184403,-23.80296616,0 -52.40179008,-23.80288499,0 -52.40170400,-23.80277754,0 -52.40161978,-23.80268671,0 -52.40150058,-23.80257651,0 -52.40128155,-23.80240159,0 -52.40112992,-23.80228692,0 -52.40096985,-23.80218247,0 -52.40080448,-23.80208519,0 -52.40071062,-23.80203394,0 -52.40056925,-23.80196635,0 -52.40045581,-23.80192012,0 -52.40034742,-23.80188140,0 -52.40018612,-23.80183483,0 -52.40008170,-23.80181255,0 -52.39999920,-23.80179821,0 -52.39988801,-23.80178358,0 -52.39969261,-23.80176685,0 -52.39949652,-23.80175914,0 -52.39910397,-23.80175734,0 -52.39871151,-23.80176552,0 -52.39812329,-23.80179038,0 -52.39792780,-23.80180621,0 -52.39780439,-23.80182290,0 -52.39773430,-23.80183607,0 -52.39762917,-23.80186045,0 -52.39754578,-23.80188589,0 -52.39742301,-23.80193281,0 -52.39719283,-23.80204313,0 -52.39578375,-23.80268080,0 -52.39543548,-23.80284750,0 -52.39509111,-23.80302091,0 -52.39475103,-23.80320133,0 -52.39441465,-23.80338754,0 -52.39391662,-23.80367663,0 -52.39342476,-23.80397453,0 -52.39325800,-23.80406979,0 -52.39308616,-23.80415701,0 -52.39291809,-23.80425027,0 -52.39275513,-23.80435091,0 -52.39259727,-23.80445820,0 -52.39244717,-23.80457452,0 -52.39230552,-23.80469949,0 -52.39217248,-23.80483224,0 -52.39192389,-23.80511178,0 -52.39174356,-23.80532510,0 -52.39167402,-23.80538963,0 -52.39158807,-23.80545914,0 -52.39136897,-23.80561675,0 -52.39120893,-23.80572129,0 -52.39117507,-23.80574008,0</coordinates></LineString>
    </Placemark>
    <Placemark>
      <name>terra boa</name>
      <Style><LineStyle><color>ff000000</color><width>3</width></LineStyle></Style>
      <ExtendedData>
        <Data name="camada"><value>LP2</value></Data>
        <Data name="classificacao"><value>LP2 - LP2</value></Data>
      </ExtendedData>
      <LineString><tessellate>1</tessellate><coordinates>-52.39647886,-23.81021801,0 -52.39668336,-23.80973545,0 -52.39675984,-23.80956913,0 -52.39684183,-23.80940504,0 -52.39692860,-23.80924305,0 -52.39701976,-23.80908312,0 -52.39711492,-23.80892516,0 -52.39731595,-23.80861494,0 -52.39752583,-23.80830969,0 -52.39774132,-23.80800777,0 -52.39796282,-23.80770955,0 -52.39819072,-23.80741544,0 -52.39842524,-23.80712577,0 -52.39866630,-23.80684068,0 -52.39891386,-23.80656035,0 -52.39904007,-23.80642202,0 -52.39916831,-23.80628530,0 -52.39930325,-23.80615418,0 -52.39944469,-23.80602900,0 -52.39959245,-23.80591016,0 -52.39974678,-23.80579861,0 -52.39990730,-23.80569471,0 -52.40007308,-23.80559807,0 -52.40125107,-23.80494730,0 -52.40145320,-23.80482011,0 -52.40156771,-23.80473442,0 -52.40164742,-23.80466725,0 -52.40175708,-23.80455290,0 -52.40184795,-23.80441718,0 -52.40188034,-23.80436057,0 -52.40190569,-23.80428151,0 -52.40194885,-23.80412257,0 -52.40196438,-23.80404704,0 -52.40197906,-23.80394422,0 -52.40199558,-23.80376430,0 -52.40199556,-23.80368544,0 -52.40198692,-23.80358405,0 -52.40197124,-23.80348218,0 -52.40195508,-23.80340593,0 -52.40193179,-23.80332076,0 -52.40190063,-23.80323255,0 -52.40187119,-23.80316130,0 -52.40182471,-23.80306611,0 -52.40178615,-23.80299590,0 -52.40172766,-23.80290935,0 -52.40168145,-23.80284929,0 -52.40157100,-23.80272798,0 -52.40147218,-23.80263606,0 -52.40132560,-23.80251599,0 -52.40107389,-23.80232395,0 -52.40102093,-23.80228840,0 -52.40085770,-23.80218813,0 -52.40069044,-23.80209366,0 -52.40061006,-23.80205321,0 -52.40051601,-23.80201097,0 -52.40039822,-23.80196407,0 -52.40025117,-23.80191601,0 -52.40007799,-23.80187393,0 -52.39995471,-23.80185375,0 -52.39975981,-23.80183267,0 -52.39956390,-23.80182194,0 -52.39917138,-23.80181782,0 -52.39877888,-23.80182440,0 -52.39838661,-23.80183846,0 -52.39819058,-23.80184773,0 -52.39799482,-23.80186064,0 -52.39789585,-23.80187122,0 -52.39773424,-23.80189829,0 -52.39755489,-23.80194733,0 -52.39745224,-23.80198761,0 -52.39725532,-23.80208266,0 -52.39584613,-23.80272012,0 -52.39549754,-23.80288624,0 -52.39515273,-23.80305891,0 -52.39481231,-23.80323879,0 -52.39447573,-23.80342470,0 -52.39414246,-23.80361560,0 -52.39348546,-23.80401113,0 -52.39331917,-23.80410708,0 -52.39314793,-23.80419528,0 -52.39297889,-23.80428701,0 -52.39281513,-23.80438656,0 -52.39265655,-23.80449296,0 -52.39250559,-23.80460831,0 -52.39236321,-23.80473258,0 -52.39222960,-23.80486484,0 -52.39198058,-23.80514404,0 -52.39179274,-23.80536595,0 -52.39173205,-23.80542304,0 -52.39167082,-23.80547452,0 -52.39158341,-23.80554089,0 -52.39142856,-23.80565188,0 -52.39126933,-23.80575746,0 -52.39122498,-23.80578280,0</coordinates></LineString>
    </Placemark>
    <Placemark>
      <name>terra boa</name>
      <Style><LineStyle><color>ff000000</color><width>3</width></LineStyle></Style>
      <ExtendedData>
        <Data name="camada"><value>LP2</value></Data>
        <Data name="classificacao"><value>LP2 - LP2</value></Data>
      </ExtendedData>
      <MultiGeometry>
        <LineString><tessellate>1</tessellate><coordinates>-52.40098470,-23.80780013,0 -52.40098470,-23.80780013,0</coordinates></LineString>
        <LineString><tessellate>1</tessellate><coordinates>-52.40098470,-23.80780013,0 -52.40105956,-23.80772776,0 -52.40111761,-23.80767746,0 -52.40120788,-23.80760968,0 -52.40129795,-23.80755232,0 -52.40201843,-23.80715234,0</coordinates></LineString>
      </MultiGeometry>
    </Placemark>
    <Placemark>
      <name>terra boa</name>
      <Style><LineStyle><color>ff000000</color><width>3</width></LineStyle></Style>
      <ExtendedData>
        <Data name="camada"><value>LP2</value></Data>
        <Data name="classificacao"><value>LP2 - LP2</value></Data>
      </ExtendedData>
      <LineString><tessellate>1</tessellate><coordinates>-52.39642645,-23.81017389,0 -52.39662163,-23.80971331,0 -52.39669803,-23.80954695,0 -52.39677993,-23.80938283,0 -52.39686658,-23.80922078,0 -52.39695759,-23.80906077,0 -52.39705259,-23.80890274,0 -52.39725325,-23.80859232,0 -52.39746294,-23.80828695,0 -52.39767823,-23.80798491,0 -52.39789949,-23.80768654,0 -52.39812712,-23.80739226,0 -52.39836136,-23.80710239,0 -52.39860212,-23.80681709,0 -52.39884936,-23.80653652,0 -52.39897540,-23.80639807,0 -52.39910303,-23.80626086,0 -52.39923700,-23.80612889,0 -52.39937767,-23.80600296,0 -52.39952461,-23.80588326,0 -52.39967757,-23.80577013,0 -52.39983683,-23.80566459,0 -52.40000172,-23.80556666,0 -52.40050551,-23.80528613,0 -52.40117985,-23.80491612,0 -52.40134388,-23.80481699,0 -52.40141336,-23.80477138,0 -52.40150030,-23.80470797,0 -52.40160008,-23.80462449,0 -52.40170366,-23.80451647,0 -52.40178878,-23.80438927,0 -52.40181943,-23.80433486,0 -52.40184414,-23.80425705,0 -52.40188622,-23.80410005,0 -52.40190514,-23.80400057,0 -52.40191495,-23.80392150,0 -52.40192857,-23.80378718,0 -52.40193003,-23.80374149,0 -52.40192671,-23.80364480,0 -52.40191724,-23.80356143,0 -52.40189693,-23.80344605,0 -52.40188153,-23.80338395,0 -52.40185054,-23.80328532,0 -52.40182165,-23.80321209,0 -52.40178713,-23.80313586,0 -52.40174047,-23.80304776,0 -52.40167936,-23.80295208,0 -52.40163568,-23.80289530,0 -52.40157606,-23.80282545,0 -52.40146692,-23.80271621,0 -52.40136890,-23.80263119,0 -52.40106908,-23.80239806,0 -52.40099871,-23.80234862,0 -52.40091005,-23.80229231,0 -52.40074491,-23.80219469,0 -52.40064577,-23.80214026,0 -52.40051209,-23.80207635,0 -52.40039641,-23.80202942,0 -52.40030305,-23.80199629,0 -52.40015213,-23.80195270,0 -52.40002103,-23.80192607,0 -52.39988991,-23.80190650,0 -52.39982689,-23.80189983,0 -52.39963125,-23.80188556,0 -52.39943507,-23.80188000,0 -52.39904251,-23.80187991,0 -52.39865009,-23.80188952,0 -52.39825790,-23.80190536,0 -52.39798165,-23.80192296,0 -52.39786707,-23.80193716,0 -52.39774922,-23.80195769,0 -52.39767535,-23.80197536,0 -52.39757835,-23.80200439,0 -52.39749164,-23.80203841,0 -52.39731775,-23.80212206,0 -52.39590852,-23.80275945,0 -52.39555963,-23.80292504,0 -52.39521445,-23.80309708,0 -52.39487359,-23.80327625,0 -52.39436955,-23.80355639,0 -52.39403789,-23.80374963,0 -52.39354616,-23.80404773,0 -52.39338023,-23.80414421,0 -52.39303976,-23.80432386,0 -52.39287537,-23.80442252,0 -52.39271584,-23.80452771,0 -52.39256400,-23.80464211,0 -52.39242090,-23.80476566,0 -52.39228673,-23.80489744,0 -52.39216040,-23.80503565,0 -52.39203731,-23.80517633,0 -52.39186404,-23.80538345,0 -52.39178997,-23.80545634,0 -52.39171430,-23.80552051,0 -52.39164247,-23.80557538,0 -52.39148802,-23.80568683,0 -52.39132950,-23.80579332,0 -52.39127547,-23.80582601,0</coordinates></LineString>
    </Placemark>
    <Placemark>
      <name>terra boa</name>
      <Style><LineStyle><color>ff000000</color><width>3</width></LineStyle></Style>
      <ExtendedData>
        <Data name="camada"><value>LP2</value></Data>
        <Data name="classificacao"><value>LP2 - LP2</value></Data>
      </ExtendedData>
      <LineString><tessellate>1</tessellate><coordinates>-52.39637379,-23.81013036,0 -52.39655991,-23.80969116,0 -52.39663623,-23.80952478,0 -52.39671802,-23.80936061,0 -52.39680455,-23.80919851,0 -52.39689542,-23.80903843,0 -52.39699025,-23.80888032,0 -52.39708873,-23.80872409,0 -52.39729462,-23.80841656,0 -52.39750687,-23.80811270,0 -52.39772487,-23.80781230,0 -52.39794902,-23.80751576,0 -52.39817968,-23.80722349,0 -52.39841689,-23.80693568,0 -52.39866059,-23.80665250,0 -52.39891073,-23.80637411,0 -52.39903819,-23.80623677,0 -52.39917076,-23.80610360,0 -52.39931064,-23.80597693,0 -52.39945676,-23.80585637,0 -52.39960887,-23.80574228,0 -52.39976669,-23.80563493,0 -52.39993035,-23.80553526,0 -52.40060232,-23.80516159,0 -52.40110863,-23.80488494,0 -52.40127397,-23.80478762,0 -52.40137352,-23.80472266,0 -52.40146253,-23.80465774,0 -52.40155273,-23.80458173,0 -52.40165024,-23.80448005,0 -52.40173362,-23.80435512,0 -52.40175743,-23.80431171,0 -52.40177836,-23.80424756,0 -52.40182355,-23.80407752,0 -52.40183955,-23.80399201,0 -52.40186241,-23.80378360,0 -52.40186369,-23.80371868,0 -52.40186063,-23.80364922,0 -52.40184692,-23.80353889,0 -52.40183196,-23.80345804,0 -52.40180669,-23.80336226,0 -52.40176896,-23.80325548,0 -52.40170335,-23.80311513,0 -52.40165390,-23.80303060,0 -52.40162401,-23.80298562,0 -52.40154119,-23.80288298,0 -52.40147346,-23.80281052,0 -52.40140909,-23.80274954,0 -52.40126403,-23.80262795,0 -52.40111432,-23.80251115,0 -52.40096082,-23.80239865,0 -52.40079804,-23.80229775,0 -52.40063104,-23.80220290,0 -52.40054896,-23.80216140,0 -52.40045671,-23.80212006,0 -52.40034942,-23.80207743,0 -52.40027501,-23.80205193,0 -52.40013513,-23.80201164,0 -52.39996612,-23.80197856,0 -52.39989378,-23.80196865,0 -52.39969854,-23.80195038,0 -52.39950247,-23.80194214,0 -52.39910992,-23.80194016,0 -52.39891366,-23.80194306,0 -52.39852131,-23.80195508,0 -52.39812924,-23.80197327,0 -52.39793382,-23.80198976,0 -52.39783991,-23.80200286,0 -52.39774096,-23.80202264,0 -52.39768551,-23.80203591,0 -52.39760181,-23.80206145,0 -52.39751068,-23.80209721,0 -52.39738013,-23.80216138,0 -52.39720435,-23.80224175,0 -52.39597090,-23.80279878,0 -52.39562172,-23.80296384,0 -52.39527623,-23.80313535,0 -52.39493489,-23.80331375,0 -52.39443053,-23.80359339,0 -52.39409852,-23.80378614,0 -52.39360674,-23.80408416,0 -52.39344122,-23.80418124,0 -52.39310087,-23.80436107,0 -52.39293561,-23.80445848,0 -52.39277538,-23.80456278,0 -52.39262242,-23.80467590,0 -52.39247859,-23.80479875,0 -52.39234386,-23.80493003,0 -52.39221723,-23.80506801,0 -52.39209403,-23.80520861,0 -52.39191480,-23.80542264,0 -52.39184767,-23.80548943,0 -52.39179696,-23.80553432,0 -52.39170152,-23.80560987,0 -52.39154745,-23.80572177,0 -52.39138958,-23.80582907,0 -52.39132648,-23.80586874,0</coordinates></LineString>
    </Placemark>
    <Placemark>
      <name>terra boa</name>
      <Style><LineStyle><color>ff000000</color><width>3</width></LineStyle></Style>
      <ExtendedData>
        <Data name="camada"><value>LP2</value></Data>
        <Data name="classificacao"><value>LP2 - LP2</value></Data>
      </ExtendedData>
      <LineString><tessellate>1</tessellate><coordinates>-52.39632066,-23.81008793,0 -52.39649818,-23.80966902,0 -52.39657442,-23.80950260,0 -52.39665612,-23.80933840,0 -52.39674253,-23.80917624,0 -52.39683325,-23.80901609,0 -52.39692792,-23.80885789,0 -52.39702622,-23.80870157,0 -52.39723183,-23.80839389,0 -52.39744388,-23.80808990,0 -52.39766166,-23.80778937,0 -52.39788555,-23.80749267,0 -52.39811594,-23.80720021,0 -52.39835286,-23.80691220,0 -52.39859625,-23.80662879,0 -52.39884606,-23.80635016,0 -52.39897335,-23.80621268,0 -52.39910523,-23.80607894,0 -52.39924362,-23.80595089,0 -52.39938891,-23.80582948,0 -52.39954017,-23.80571442,0 -52.39969711,-23.80560600,0 -52.39985940,-23.80550447,0 -52.40002669,-23.80541000,0 -52.40053081,-23.80512997,0 -52.40103733,-23.80485362,0 -52.40120340,-23.80475738,0 -52.40136309,-23.80465248,0 -52.40141952,-23.80461133,0 -52.40151058,-23.80453356,0 -52.40159682,-23.80444362,0 -52.40167408,-23.80432765,0 -52.40169652,-23.80428599,0 -52.40173866,-23.80414827,0 -52.40176087,-23.80405500,0 -52.40177395,-23.80398346,0 -52.40179625,-23.80378003,0 -52.40179699,-23.80369587,0 -52.40179101,-23.80361707,0 -52.40177593,-23.80351644,0 -52.40175491,-23.80342018,0 -52.40173054,-23.80334091,0 -52.40170684,-23.80327668,0 -52.40165955,-23.80317268,0 -52.40161250,-23.80308514,0 -52.40156513,-23.80301459,0 -52.40152252,-23.80295921,0 -52.40144441,-23.80287238,0 -52.40137300,-23.80280223,0 -52.40130666,-23.80274384,0 -52.40100806,-23.80250940,0 -52.40092103,-23.80244739,0 -52.40085025,-23.80240215,0 -52.40068535,-23.80230419,0 -52.40058091,-23.80224658,0 -52.40045492,-23.80218635,0 -52.40033701,-23.80213871,0 -52.40025869,-23.80211118,0 -52.40015162,-23.80207965,0 -52.40003666,-23.80205285,0 -52.39996035,-23.80203959,0 -52.39987258,-23.80202737,0 -52.39976571,-23.80201667,0 -52.39956985,-23.80200515,0 -52.39937362,-23.80200124,0 -52.39898106,-23.80200271,0 -52.39858867,-23.80201362,0 -52.39819654,-23.80203060,0 -52.39800079,-23.80204376,0 -52.39792357,-23.80205232,0 -52.39780690,-23.80207127,0 -52.39770430,-23.80209440,0 -52.39761849,-23.80212117,0 -52.39753990,-23.80215200,0 -52.39744244,-23.80220057,0 -52.39726690,-23.80228139,0 -52.39603329,-23.80283811,0 -52.39568381,-23.80300264,0 -52.39533801,-23.80317361,0 -52.39499634,-23.80335148,0 -52.39449150,-23.80363039,0 -52.39415915,-23.80382264,0 -52.39350208,-23.80421807,0 -52.39333382,-23.80431103,0 -52.39316200,-23.80439829,0 -52.39299596,-23.80449459,0 -52.39283515,-23.80459812,0 -52.39268111,-23.80470998,0 -52.39253629,-23.80483184,0 -52.39240098,-23.80496263,0 -52.39227409,-23.80510040,0 -52.39215076,-23.80524090,0 -52.39196556,-23.80546183,0 -52.39190536,-23.80552252,0 -52.39184177,-23.80557922,0 -52.39176051,-23.80564427,0 -52.39160684,-23.80575664,0 -52.39144954,-23.80586465,0 -52.39137763,-23.80591024,0</coordinates></LineString>
    </Placemark>
    <Placemark>
      <name>terra boa</name>
      <Style><LineStyle><color>ff000000</color><width>3</width></LineStyle></Style>
      <ExtendedData>
        <Data name="camada"><value>LP2</value></Data>
        <Data name="classificacao"><value>LP2 - LP2</value></Data>
      </ExtendedData>
      <LineString><tessellate>1</tessellate><coordinates>-52.39626828,-23.81004373,0 -52.39643646,-23.80964688,0 -52.39651261,-23.80948043,0 -52.39659422,-23.80931618,0 -52.39668050,-23.80915397,0 -52.39677107,-23.80899375,0 -52.39686558,-23.80883547,0 -52.39696370,-23.80867905,0 -52.39716904,-23.80837121,0 -52.39738089,-23.80806711,0 -52.39759845,-23.80776644,0 -52.39782209,-23.80746958,0 -52.39805220,-23.80717693,0 -52.39828883,-23.80688872,0 -52.39853190,-23.80660508,0 -52.39878139,-23.80632620,0 -52.39890852,-23.80618859,0 -52.39903972,-23.80605430,0 -52.39917721,-23.80592544,0 -52.39932107,-23.80580259,0 -52.39947146,-23.80568657,0 -52.39962752,-23.80557707,0 -52.39978893,-23.80547435,0 -52.39995532,-23.80537860,0 -52.40113284,-23.80472714,0 -52.40129448,-23.80462474,0 -52.40137652,-23.80456491,0 -52.40144407,-23.80450798,0 -52.40154340,-23.80440720,0 -52.40161356,-23.80430174,0 -52.40163560,-23.80426027,0 -52.40168245,-23.80410215,0 -52.40169806,-23.80403244,0 -52.40171294,-23.80394220,0 -52.40173008,-23.80377646,0 -52.40172939,-23.80367309,0 -52.40172083,-23.80358950,0 -52.40170437,-23.80349408,0 -52.40167708,-23.80338819,0 -52.40162606,-23.80325400,0 -52.40155462,-23.80311489,0 -52.40151329,-23.80305272,0 -52.40142372,-23.80294298,0 -52.40134529,-23.80286369,0 -52.40127402,-23.80279890,0 -52.40105295,-23.80262288,0 -52.40090047,-23.80250920,0 -52.40073839,-23.80240738,0 -52.40057164,-23.80231215,0 -52.40048786,-23.80226959,0 -52.40039740,-23.80222916,0 -52.40030063,-23.80219080,0 -52.40021526,-23.80216208,0 -52.40010113,-23.80212951,0 -52.39994407,-23.80209879,0 -52.39983271,-23.80208451,0 -52.39963718,-23.80206909,0 -52.39944103,-23.80206300,0 -52.39904847,-23.80206270,0 -52.39865604,-23.80207230,0 -52.39826385,-23.80208820,0 -52.39806794,-23.80209930,0 -52.39793281,-23.80211269,0 -52.39779413,-23.80213588,0 -52.39764873,-23.80217557,0 -52.39756913,-23.80220680,0 -52.39732944,-23.80232098,0 -52.39644790,-23.80271793,0 -52.39592039,-23.80295872,0 -52.39557236,-23.80312583,0 -52.39522824,-23.80329966,0 -52.39488849,-23.80348062,0 -52.39455248,-23.80366739,0 -52.39421988,-23.80385928,0 -52.39356294,-23.80425490,0 -52.39339542,-23.80434900,0 -52.39322344,-23.80443602,0 -52.39305647,-23.80453092,0 -52.39289491,-23.80463346,0 -52.39273994,-23.80474422,0 -52.39259410,-23.80486504,0 -52.39245811,-23.80499522,0 -52.39233095,-23.80513278,0 -52.39220749,-23.80527319,0 -52.39201631,-23.80550102,0 -52.39196292,-23.80555549,0 -52.39188659,-23.80562412,0 -52.39181923,-23.80567839,0 -52.39166614,-23.80579141,0 -52.39150939,-23.80590011,0 -52.39142916,-23.80595205,0</coordinates></LineString>
    </Placemark>
    <Placemark>
      <name>terra boa</name>
      <Style><LineStyle><color>ff000000</color><width>3</width></LineStyle></Style>
      <ExtendedData>
        <Data name="camada"><value>LP2</value></Data>
        <Data name="classificacao"><value>LP2 - LP2</value></Data>
      </ExtendedData>
      <LineString><tessellate>1</tessellate><coordinates>-52.39621591,-23.80999953,0 -52.39637473,-23.80962474,0 -52.39645080,-23.80945825,0 -52.39653231,-23.80929396,0 -52.39661847,-23.80913170,0 -52.39670890,-23.80897141,0 -52.39680325,-23.80881304,0 -52.39690119,-23.80865653,0 -52.39710625,-23.80834853,0 -52.39731790,-23.80804431,0 -52.39753523,-23.80774351,0 -52.39775862,-23.80744648,0 -52.39798846,-23.80715365,0 -52.39822479,-23.80686523,0 -52.39846756,-23.80658137,0 -52.39871672,-23.80630224,0 -52.39884368,-23.80616450,0 -52.39897421,-23.80602966,0 -52.39911097,-23.80590015,0 -52.39925384,-23.80577634,0 -52.39940276,-23.80565871,0 -52.39955794,-23.80554814,0 -52.39971845,-23.80544424,0 -52.39988395,-23.80534719,0 -52.40038780,-23.80506674,0 -52.40106200,-23.80469652,0 -52.40122478,-23.80459566,0 -52.40133352,-23.80451849,0 -52.40141070,-23.80445345,0 -52.40148998,-23.80437077,0 -52.40155391,-23.80427441,0 -52.40157521,-23.80423322,0 -52.40161786,-23.80408861,0 -52.40163513,-23.80400987,0 -52.40164712,-23.80393523,0 -52.40166519,-23.80373317,0 -52.40166121,-23.80365034,0 -52.40165025,-23.80356523,0 -52.40163170,-23.80347192,0 -52.40161340,-23.80340505,0 -52.40157424,-23.80329944,0 -52.40154548,-23.80323598,0 -52.40149103,-23.80313605,0 -52.40145794,-23.80308626,0 -52.40137837,-23.80298842,0 -52.40132713,-23.80293432,0 -52.40124396,-23.80285696,0 -52.40109707,-23.80273721,0 -52.40087321,-23.80256646,0 -52.40079036,-23.80251210,0 -52.40062578,-23.80241369,0 -52.40051606,-23.80235291,0 -52.40045604,-23.80232311,0 -52.40033738,-23.80227092,0 -52.40021433,-23.80222607,0 -52.40009164,-23.80219048,0 -52.40000911,-23.80217212,0 -52.39989946,-23.80215431,0 -52.39970445,-23.80213419,0 -52.39950843,-23.80212514,0 -52.39931216,-23.80212267,0 -52.39891962,-23.80212585,0 -52.39852727,-23.80213787,0 -52.39813521,-23.80215617,0 -52.39793986,-23.80217338,0 -52.39780910,-23.80219528,0 -52.39774780,-23.80220995,0 -52.39767219,-23.80223263,0 -52.39759835,-23.80226160,0 -52.39739193,-23.80236051,0 -52.39598278,-23.80299805,0 -52.39563433,-23.80316441,0 -52.39528986,-23.80333766,0 -52.39494977,-23.80351808,0 -52.39461345,-23.80370439,0 -52.39411562,-23.80399376,0 -52.39362371,-23.80429160,0 -52.39345674,-23.80438653,0 -52.39328490,-23.80447377,0 -52.39311699,-23.80456726,0 -52.39288427,-23.80471605,0 -52.39279877,-23.80477846,0 -52.39265214,-23.80489845,0 -52.39251524,-23.80502782,0 -52.39238781,-23.80516517,0 -52.39226421,-23.80530547,0 -52.39206707,-23.80554022,0 -52.39197086,-23.80563474,0 -52.39187795,-23.80571251,0 -52.39172543,-23.80582618,0 -52.39156916,-23.80593545,0 -52.39148037,-23.80599207,0</coordinates></LineString>
    </Placemark>
    <Placemark>
      <name>terra boa</name>
      <Style><LineStyle><color>ff000000</color><width>3</width></LineStyle></Style>
      <ExtendedData>
        <Data name="camada"><value>LP2</value></Data>
        <Data name="classificacao"><value>LP2 - LP2</value></Data>
      </ExtendedData>
      <LineString><tessellate>1</tessellate><coordinates>-52.39616353,-23.80995533,0 -52.39631301,-23.80960260,0 -52.39638899,-23.80943608,0 -52.39647041,-23.80927175,0 -52.39655645,-23.80910943,0 -52.39664673,-23.80894907,0 -52.39674091,-23.80879062,0 -52.39683868,-23.80863401,0 -52.39704345,-23.80832585,0 -52.39725491,-23.80802152,0 -52.39747202,-23.80772058,0 -52.39769516,-23.80742339,0 -52.39792472,-23.80713037,0 -52.39816076,-23.80684175,0 -52.39840322,-23.80655767,0 -52.39865205,-23.80627829,0 -52.39877884,-23.80614041,0 -52.39890869,-23.80600502,0 -52.39904473,-23.80587486,0 -52.39918681,-23.80575030,0 -52.39933479,-23.80563168,0 -52.39948842,-23.80551929,0 -52.39964798,-23.80541413,0 -52.39981258,-23.80531579,0 -52.40048463,-23.80494223,0 -52.40099079,-23.80466534,0 -52.40115506,-23.80456655,0 -52.40121416,-23.80452776,0 -52.40130988,-23.80445576,0 -52.40136336,-23.80441069,0 -52.40143656,-23.80433435,0 -52.40149418,-23.80424715,0 -52.40151480,-23.80420612,0 -52.40155326,-23.80407507,0 -52.40157220,-23.80398730,0 -52.40159404,-23.80380786,0 -52.40159893,-23.80373281,0 -52.40159227,-23.80362765,0 -52.40157932,-23.80354330,0 -52.40155787,-23.80345000,0 -52.40153591,-23.80338078,0 -52.40149374,-23.80327952,0 -52.40143885,-23.80317439,0 -52.40140260,-23.80311984,0 -52.40136359,-23.80306913,0 -52.40128096,-23.80297831,0 -52.40123214,-23.80293127,0 -52.40114063,-23.80285214,0 -52.40083997,-23.80261994,0 -52.40067870,-23.80251706,0 -52.40051224,-23.80242139,0 -52.40042677,-23.80237779,0 -52.40033810,-23.80233825,0 -52.40025183,-23.80230416,0 -52.40015552,-23.80227223,0 -52.40006713,-23.80224738,0 -52.39996578,-23.80222663,0 -52.39984659,-23.80220869,0 -52.39977159,-23.80220076,0 -52.39957580,-23.80218836,0 -52.39918329,-23.80218352,0 -52.39879079,-23.80218996,0 -52.39839852,-23.80220407,0 -52.39820250,-23.80221346,0 -52.39800681,-23.80222717,0 -52.39788728,-23.80224281,0 -52.39781340,-23.80225724,0 -52.39776064,-23.80226986,0 -52.39769565,-23.80228969,0 -52.39762822,-23.80231615,0 -52.39745438,-23.80239996,0 -52.39604516,-23.80303738,0 -52.39569642,-23.80320322,0 -52.39535147,-23.80337566,0 -52.39501105,-23.80355554,0 -52.39467451,-23.80374152,0 -52.39417625,-23.80403027,0 -52.39368442,-23.80432820,0 -52.39351796,-23.80442391,0 -52.39334671,-23.80451209,0 -52.39317779,-23.80460400,0 -52.39301477,-23.80470456,0 -52.39285760,-23.80481270,0 -52.39271017,-23.80493186,0 -52.39257245,-23.80506048,0 -52.39244467,-23.80519755,0 -52.39232094,-23.80533776,0 -52.39214426,-23.80554930,0 -52.39207766,-23.80562108,0 -52.39201707,-23.80567843,0 -52.39193656,-23.80574650,0 -52.39178466,-23.80586086,0 -52.39162886,-23.80597071,0 -52.39152727,-23.80603671,0</coordinates></LineString>
    </Placemark>
    <Placemark>
      <name>terra boa</name>
      <Style><LineStyle><color>ff000000</color><width>3</width></LineStyle></Style>
      <ExtendedData>
        <Data name="camada"><value>LP2</value></Data>
        <Data name="classificacao"><value>LP2 - LP2</value></Data>
      </ExtendedData>
      <LineString><tessellate>1</tessellate><coordinates>-52.39611115,-23.80991113,0 -52.39625128,-23.80958045,0 -52.39632718,-23.80941390,0 -52.39640851,-23.80924953,0 -52.39649442,-23.80908715,0 -52.39658456,-23.80892673,0 -52.39667858,-23.80876819,0 -52.39677616,-23.80861149,0 -52.39698066,-23.80830318,0 -52.39719192,-23.80799873,0 -52.39740890,-23.80769770,0 -52.39763182,-23.80740038,0 -52.39786105,-23.80710714,0 -52.39809673,-23.80681827,0 -52.39833888,-23.80653396,0 -52.39858738,-23.80625433,0 -52.39871400,-23.80611633,0 -52.39884318,-23.80598038,0 -52.39897848,-23.80584957,0 -52.39911979,-23.80572426,0 -52.39926694,-23.80560478,0 -52.39941971,-23.80549143,0 -52.39957784,-23.80538447,0 -52.39974122,-23.80528438,0 -52.40041312,-23.80491061,0 -52.40091957,-23.80463416,0 -52.40108510,-23.80453714,0 -52.40117433,-23.80447903,0 -52.40124248,-23.80442932,0 -52.40131601,-23.80436793,0 -52.40138018,-23.80430102,0 -52.40143340,-23.80422125,0 -52.40145384,-23.80418032,0 -52.40148867,-23.80406154,0 -52.40150897,-23.80396468,0 -52.40152974,-23.80378512,0 -52.40153206,-23.80370127,0 -52.40152252,-23.80360504,0 -52.40150713,-23.80351802,0 -52.40148258,-23.80342843,0 -52.40145835,-23.80336147,0 -52.40141150,-23.80326029,0 -52.40138097,-23.80320413,0 -52.40134722,-23.80315335,0 -52.40131062,-23.80310578,0 -52.40122959,-23.80301686,0 -52.40118087,-23.80297044,0 -52.40103552,-23.80284915,0 -52.40079294,-23.80266346,0 -52.40073043,-23.80262210,0 -52.40050556,-23.80248835,0 -52.40039676,-23.80243215,0 -52.40028432,-23.80238264,0 -52.40021808,-23.80235760,0 -52.40011192,-23.80232307,0 -52.40003140,-23.80230224,0 -52.39991099,-23.80227914,0 -52.39983853,-23.80226921,0 -52.39964311,-23.80225262,0 -52.39944698,-23.80224600,0 -52.39925070,-23.80224433,0 -52.39885818,-23.80224919,0 -52.39846587,-23.80226229,0 -52.39807392,-23.80228243,0 -52.39796053,-23.80229380,0 -52.39787950,-23.80230648,0 -52.39777942,-23.80232835,0 -52.39765680,-23.80237120,0 -52.39751680,-23.80243935,0 -52.39734095,-23.80251957,0 -52.39610755,-23.80307670,0 -52.39575851,-23.80324202,0 -52.39541322,-23.80341387,0 -52.39507233,-23.80359300,0 -52.39473559,-23.80377868,0 -52.39423689,-23.80406677,0 -52.39374512,-23.80436480,0 -52.39357902,-23.80446104,0 -52.39323859,-23.80464074,0 -52.39307476,-23.80474019,0 -52.39291678,-23.80484733,0 -52.39284369,-23.80490270,0 -52.39276820,-23.80496527,0 -52.39262984,-23.80509330,0 -52.39250153,-23.80522994,0 -52.39237767,-23.80537004,0 -52.39219663,-23.80558664,0 -52.39213502,-23.80565387,0 -52.39206328,-23.80572211,0 -52.39199494,-23.80578026,0 -52.39184383,-23.80589548,0 -52.39168845,-23.80600584,0 -52.39157829,-23.80607849,0</coordinates></LineString>
    </Placemark>
    <Placemark>
      <name>terra boa</name>
      <Style><LineStyle><color>ff000000</color><width>3</width></LineStyle></Style>
      <ExtendedData>
        <Data name="camada"><value>LP2</value></Data>
        <Data name="classificacao"><value>LP2 - LP2</value></Data>
      </ExtendedData>
      <LineString><tessellate>1</tessellate><coordinates>-52.39605877,-23.80986693,0 -52.39618956,-23.80955831,0 -52.39626537,-23.80939173,0 -52.39634660,-23.80922732,0 -52.39643240,-23.80906488,0 -52.39652239,-23.80890438,0 -52.39661625,-23.80874577,0 -52.39671365,-23.80858897,0 -52.39691787,-23.80828050,0 -52.39712902,-23.80797598,0 -52.39734580,-23.80767484,0 -52.39756848,-23.80737737,0 -52.39779745,-23.80708396,0 -52.39803283,-23.80679488,0 -52.39827459,-23.80651029,0 -52.39839784,-23.80636973,0 -52.39864916,-23.80609224,0 -52.39877767,-23.80595574,0 -52.39891224,-23.80582428,0 -52.39905277,-23.80569823,0 -52.39919909,-23.80557789,0 -52.39935101,-23.80546358,0 -52.39950826,-23.80535554,0 -52.39967056,-23.80525400,0 -52.39983756,-23.80515913,0 -52.40034161,-23.80487899,0 -52.40084801,-23.80460246,0 -52.40101454,-23.80450690,0 -52.40113449,-23.80443030,0 -52.40117388,-23.80440158,0 -52.40126867,-23.80432517,0 -52.40132973,-23.80426150,0 -52.40137452,-23.80419285,0 -52.40139395,-23.80415174,0 -52.40143055,-23.80402074,0 -52.40144573,-23.80394206,0 -52.40146541,-23.80376238,0 -52.40146414,-23.80367573,0 -52.40145198,-23.80358253,0 -52.40143310,-23.80349264,0 -52.40140562,-23.80340732,0 -52.40136424,-23.80331107,0 -52.40132748,-23.80324184,0 -52.40129187,-23.80318690,0 -52.40125764,-23.80314241,0 -52.40121525,-23.80309409,0 -52.40113822,-23.80301729,0 -52.40107839,-23.80296480,0 -52.40093004,-23.80284655,0 -52.40077914,-23.80273106,0 -52.40069907,-23.80267621,0 -52.40061898,-23.80262677,0 -52.40045284,-23.80253064,0 -52.40036567,-23.80248598,0 -52.40027879,-23.80244735,0 -52.40020304,-23.80241752,0 -52.40009577,-23.80238238,0 -52.40003314,-23.80236526,0 -52.39990510,-23.80234015,0 -52.39982926,-23.80232957,0 -52.39971034,-23.80231819,0 -52.39951438,-23.80230818,0 -52.39912183,-23.80230580,0 -52.39872937,-23.80231387,0 -52.39833714,-23.80232885,0 -52.39803103,-23.80234726,0 -52.39794600,-23.80235765,0 -52.39785402,-23.80237348,0 -52.39775548,-23.80239987,0 -52.39768602,-23.80242600,0 -52.39757913,-23.80247857,0 -52.39740350,-23.80255921,0 -52.39616994,-23.80311603,0 -52.39582060,-23.80328082,0 -52.39547500,-23.80345214,0 -52.39513362,-23.80363048,0 -52.39462935,-23.80391026,0 -52.39429752,-23.80410327,0 -52.39380579,-23.80440136,0 -52.39364009,-23.80449817,0 -52.39329965,-23.80467788,0 -52.39313496,-23.80477609,0 -52.39297607,-23.80488208,0 -52.39288689,-23.80494892,0 -52.39282624,-23.80499868,0 -52.39268723,-23.80512612,0 -52.39255839,-23.80526232,0 -52.39243440,-23.80540233,0 -52.39224900,-23.80562399,0 -52.39219216,-23.80568647,0 -52.39210949,-23.80576580,0 -52.39205332,-23.80581401,0 -52.39190300,-23.80593010,0 -52.39174805,-23.80604096,0 -52.39162920,-23.80612018,0</coordinates></LineString>
    </Placemark>
    <Placemark>
      <name>terra boa</name>
      <Style><LineStyle><color>ff000000</color><width>3</width></LineStyle></Style>
      <ExtendedData>
        <Data name="camada"><value>LP2</value></Data>
        <Data name="classificacao"><value>LP2 - LP2</value></Data>
      </ExtendedData>
      <LineString><tessellate>1</tessellate><coordinates>-52.39600640,-23.80982273,0 -52.39612783,-23.80953617,0 -52.39620357,-23.80936955,0 -52.39628470,-23.80920510,0 -52.39637037,-23.80904261,0 -52.39646022,-23.80888204,0 -52.39655391,-23.80872334,0 -52.39665114,-23.80856645,0 -52.39675162,-23.80841131,0 -52.39695993,-23.80810514,0 -52.39717371,-23.80780218,0 -52.39739317,-23.80750269,0 -52.39761869,-23.80720703,0 -52.39785060,-23.80691559,0 -52.39808888,-23.80662853,0 -52.39833350,-23.80634602,0 -52.39858440,-23.80606821,0 -52.39871219,-23.80593112,0 -52.39884600,-23.80579899,0 -52.39898575,-23.80567219,0 -52.39913125,-23.80555100,0 -52.39928231,-23.80543572,0 -52.39943868,-23.80532661,0 -52.39960008,-23.80522389,0 -52.39976619,-23.80512772,0 -52.40094397,-23.80447666,0 -52.40101917,-23.80443112,0 -52.40116151,-23.80433281,0 -52.40122133,-23.80428241,0 -52.40127575,-23.80422566,0 -52.40131533,-23.80416449,0 -52.40133351,-23.80412443,0 -52.40136570,-23.80400828,0 -52.40138215,-23.80391939,0 -52.40139988,-23.80373957,0 -52.40139557,-23.80365440,0 -52.40138071,-23.80356013,0 -52.40135870,-23.80347248,0 -52.40132684,-23.80338679,0 -52.40128666,-23.80330250,0 -52.40123972,-23.80322528,0 -52.40116983,-23.80313886,0 -52.40111682,-23.80308481,0 -52.40104747,-23.80302129,0 -52.40097393,-23.80296113,0 -52.40073297,-23.80277512,0 -52.40067041,-23.80273223,0 -52.40043713,-23.80259275,0 -52.40033746,-23.80254124,0 -52.40023126,-23.80249437,0 -52.40015853,-23.80246725,0 -52.40007214,-23.80243937,0 -52.39997104,-23.80241438,0 -52.39988894,-23.80239937,0 -52.39977741,-23.80238544,0 -52.39958175,-23.80237157,0 -52.39938553,-23.80236711,0 -52.39918925,-23.80236637,0 -52.39879674,-23.80237274,0 -52.39820846,-23.80239632,0 -52.39801284,-23.80241072,0 -52.39792280,-23.80242277,0 -52.39782024,-23.80244454,0 -52.39776602,-23.80246087,0 -52.39771524,-23.80248080,0 -52.39746605,-23.80259883,0 -52.39658450,-23.80299576,0 -52.39605707,-23.80323670,0 -52.39570924,-23.80340417,0 -52.39536537,-23.80357840,0 -52.39502596,-23.80375990,0 -52.39469033,-23.80394726,0 -52.39435816,-23.80413978,0 -52.39386636,-23.80443778,0 -52.39370095,-23.80453501,0 -52.39353257,-23.80462779,0 -52.39336076,-23.80471508,0 -52.39319520,-23.80481206,0 -52.39303535,-23.80491684,0 -52.39298641,-23.80495197,0 -52.39288454,-23.80503235,0 -52.39282098,-23.80508709,0 -52.39274461,-23.80515893,0 -52.39261525,-23.80529471,0 -52.39249114,-23.80543463,0 -52.39230138,-23.80566134,0 -52.39224921,-23.80571901,0 -52.39219727,-23.80577113,0 -52.39211167,-23.80584774,0 -52.39196211,-23.80596465,0 -52.39180750,-23.80607592,0 -52.39168009,-23.80616191,0</coordinates></LineString>
    </Placemark>
    <Placemark>
      <name>terra boa</name>
      <Style><LineStyle><color>ff000000</color><width>3</width></LineStyle></Style>
      <ExtendedData>
        <Data name="camada"><value>LP2</value></Data>
        <Data name="classificacao"><value>LP2 - LP2</value></Data>
      </ExtendedData>
      <LineString><tessellate>1</tessellate><coordinates>-52.39595402,-23.80977853,0 -52.39606611,-23.80951403,0 -52.39614180,-23.80934739,0 -52.39622280,-23.80918289,0 -52.39630835,-23.80902034,0 -52.39639805,-23.80885970,0 -52.39649158,-23.80870092,0 -52.39658863,-23.80854393,0 -52.39668892,-23.80838868,0 -52.39689714,-23.80808246,0 -52.39711072,-23.80777939,0 -52.39732996,-23.80747976,0 -52.39755523,-23.80718394,0 -52.39778686,-23.80689231,0 -52.39802485,-23.80660505,0 -52.39826916,-23.80632231,0 -52.39851973,-23.80604426,0 -52.39864735,-23.80590703,0 -52.39878011,-23.80577402,0 -52.39891872,-23.80564615,0 -52.39906340,-23.80552411,0 -52.39921360,-23.80540787,0 -52.39936910,-23.80529768,0 -52.39952961,-23.80519377,0 -52.39969482,-23.80509632,0 -52.40019862,-23.80481579,0 -52.40087294,-23.80444574,0 -52.40103596,-23.80434523,0 -52.40111851,-23.80428640,0 -52.40118498,-23.80422818,0 -52.40121388,-23.80419758,0 -52.40124906,-23.80414794,0 -52.40126739,-23.80411236,0 -52.40128137,-23.80406934,0 -52.40130616,-23.80397125,0 -52.40131842,-23.80389671,0 -52.40133311,-23.80375502,0 -52.40133358,-23.80371676,0 -52.40132655,-23.80363600,0 -52.40130832,-23.80353792,0 -52.40128421,-23.80345715,0 -52.40124613,-23.80336694,0 -52.40120733,-23.80329337,0 -52.40114781,-23.80321121,0 -52.40108326,-23.80314067,0 -52.40101573,-23.80307786,0 -52.40086854,-23.80295843,0 -52.40071811,-23.80284242,0 -52.40064917,-23.80279308,0 -52.40055927,-23.80273649,0 -52.40039344,-23.80263988,0 -52.40030457,-23.80259417,0 -52.40021948,-23.80255644,0 -52.40010341,-23.80251330,0 -52.40003584,-23.80249308,0 -52.39994023,-23.80247031,0 -52.39984421,-23.80245487,0 -52.39974208,-23.80244306,0 -52.39964904,-23.80243615,0 -52.39945294,-23.80242900,0 -52.39925666,-23.80242722,0 -52.39886413,-23.80243197,0 -52.39847182,-23.80244509,0 -52.39807990,-23.80246556,0 -52.39798826,-23.80247490,0 -52.39788587,-23.80249192,0 -52.39778948,-23.80251793,0 -52.39774446,-23.80253560,0 -52.39752854,-23.80263836,0 -52.39611942,-23.80327597,0 -52.39577118,-23.80344270,0 -52.39542698,-23.80361640,0 -52.39508724,-23.80379737,0 -52.39475130,-23.80398426,0 -52.39441881,-23.80417631,0 -52.39376181,-23.80457184,0 -52.39359415,-23.80466574,0 -52.39342217,-23.80475276,0 -52.39325557,-23.80484819,0 -52.39309491,-23.80495192,0 -52.39302800,-23.80499943,0 -52.39294296,-23.80506615,0 -52.39286720,-23.80513077,0 -52.39280200,-23.80519175,0 -52.39267213,-23.80532711,0 -52.39254791,-23.80546695,0 -52.39235375,-23.80569869,0 -52.39230627,-23.80575155,0 -52.39224494,-23.80581347,0 -52.39216971,-23.80588115,0 -52.39210564,-23.80593446,0 -52.39202117,-23.80599914,0 -52.39186694,-23.80611085,0 -52.39173021,-23.80620400,0</coordinates></LineString>
    </Placemark>
    <Placemark>
      <name>terra boa</name>
      <Style><LineStyle><color>ff000000</color><width>3</width></LineStyle></Style>
      <ExtendedData>
        <Data name="camada"><value>LP2</value></Data>
        <Data name="classificacao"><value>LP2 - LP2</value></Data>
      </ExtendedData>
      <LineString><tessellate>1</tessellate><coordinates>-52.39590164,-23.80973433,0 -52.39600438,-23.80949188,0 -52.39608005,-23.80932524,0 -52.39616089,-23.80916067,0 -52.39624632,-23.80899807,0 -52.39633588,-23.80883736,0 -52.39642924,-23.80867849,0 -52.39652611,-23.80852141,0 -52.39662630,-23.80836610,0 -52.39683434,-23.80805978,0 -52.39704773,-23.80775659,0 -52.39726674,-23.80745682,0 -52.39749176,-23.80716084,0 -52.39772312,-23.80686903,0 -52.39796082,-23.80658157,0 -52.39820482,-23.80629860,0 -52.39845506,-23.80602030,0 -52.39858252,-23.80588295,0 -52.39871460,-23.80574938,0 -52.39885245,-23.80562083,0 -52.39899596,-23.80549764,0 -52.39914497,-23.80538009,0 -52.39929951,-23.80526875,0 -52.39945913,-23.80516366,0 -52.39962345,-23.80506491,0 -52.40029543,-23.80469125,0 -52.40080172,-23.80441456,0 -52.40096623,-23.80431612,0 -52.40107551,-23.80423998,0 -52.40111914,-23.80420321,0 -52.40114831,-23.80417366,0 -52.40117521,-23.80414075,0 -52.40119521,-23.80411050,0 -52.40120900,-23.80407982,0 -52.40124105,-23.80395997,0 -52.40125434,-23.80387399,0 -52.40126695,-23.80375145,0 -52.40126620,-23.80369398,0 -52.40125273,-23.80359423,0 -52.40123420,-23.80351606,0 -52.40120985,-23.80344626,0 -52.40116319,-23.80334802,0 -52.40112579,-23.80328754,0 -52.40109871,-23.80325233,0 -52.40105180,-23.80320002,0 -52.40099736,-23.80314633,0 -52.40091234,-23.80307311,0 -52.40076292,-23.80295599,0 -52.40061032,-23.80284245,0 -52.40036869,-23.80269716,0 -52.40027816,-23.80265032,0 -52.40017819,-23.80260609,0 -52.40009898,-23.80257689,0 -52.39998214,-23.80254207,0 -52.39991053,-23.80252718,0 -52.39980327,-23.80251089,0 -52.39971623,-23.80250219,0 -52.39952033,-23.80249139,0 -52.39932407,-23.80248845,0 -52.39893153,-23.80249142,0 -52.39853918,-23.80250345,0 -52.39814713,-23.80252196,0 -52.39805220,-23.80252911,0 -52.39795214,-23.80254192,0 -52.39785455,-23.80256230,0 -52.39781294,-23.80257499,0 -52.39776526,-23.80259473,0 -52.39759102,-23.80267786,0 -52.39618181,-23.80331530,0 -52.39583320,-23.80348139,0 -52.39548860,-23.80365440,0 -52.39514852,-23.80383483,0 -52.39481228,-23.80402126,0 -52.39447956,-23.80421298,0 -52.39382267,-23.80460867,0 -52.39365548,-23.80470328,0 -52.39348368,-23.80479058,0 -52.39331608,-23.80488452,0 -52.39315467,-23.80498726,0 -52.39306959,-23.80504689,0 -52.39300137,-23.80509994,0 -52.39291342,-23.80517445,0 -52.39285939,-23.80522456,0 -52.39272903,-23.80535953,0 -52.39260468,-23.80549927,0 -52.39236333,-23.80578409,0 -52.39229261,-23.80585581,0 -52.39214912,-23.80598046,0 -52.39208022,-23.80603363,0 -52.39192635,-23.80614576,0 -52.39177831,-23.80624761,0</coordinates></LineString>
    </Placemark>
    <Placemark>
      <name>terra boa</name>
      <Style><LineStyle><color>ff000000</color><width>3</width></LineStyle></Style>
      <ExtendedData>
        <Data name="camada"><value>LP2</value></Data>
        <Data name="classificacao"><value>LP2 - LP2</value></Data>
      </ExtendedData>
      <LineString><tessellate>1</tessellate><coordinates>-52.39883328,-23.80273775,0 -52.39841638,-23.80275249,0 -52.39821327,-23.80276246,0</coordinates></LineString>
    </Placemark>
    <Placemark>
      <name>terra boa</name>
      <Style><LineStyle><color>ff000000</color><width>3</width></LineStyle></Style>
      <ExtendedData>
        <Data name="camada"><value>LP2</value></Data>
        <Data name="classificacao"><value>LP2 - LP2</value></Data>
      </ExtendedData>
      <LineString><tessellate>1</tessellate><coordinates>-52.39537809,-23.80929181,0 -52.39546259,-23.80910374,0 -52.39554265,-23.80893885,0 -52.39562699,-23.80877577,0 -52.39571530,-23.80861448,0 -52.39590265,-23.80829710,0 -52.39600117,-23.80814090,0 -52.39620642,-23.80783300,0 -52.39641783,-23.80752864,0 -52.39663479,-23.80722761,0 -52.39685748,-23.80693013,0 -52.39708616,-23.80663654,0 -52.39744072,-23.80620397,0 -52.39768471,-23.80592100,0 -52.39793474,-23.80564253,0 -52.39806200,-23.80550503,0 -52.39819294,-23.80537052,0 -52.39832907,-23.80524027,0</coordinates></LineString>
    </Placemark>
    <Placemark>
      <name>terra boa</name>
      <Style><LineStyle><color>ff000000</color><width>3</width></LineStyle></Style>
      <ExtendedData>
        <Data name="camada"><value>LP2</value></Data>
        <Data name="classificacao"><value>LP2 - LP2</value></Data>
      </ExtendedData>
      <LineString><tessellate>1</tessellate><coordinates>-52.39532595,-23.80924712,0 -52.39540084,-23.80908159,0 -52.39548084,-23.80891667,0 -52.39556509,-23.80875356,0 -52.39565327,-23.80859221,0 -52.39574510,-23.80843260,0 -52.39584031,-23.80827467,0 -52.39603992,-23.80796367,0 -52.39624858,-23.80765771,0 -52.39646261,-23.80735489,0 -52.39668219,-23.80705548,0 -52.39690758,-23.80675974,0 -52.39725713,-23.80632372,0 -52.39749777,-23.80603834,0 -52.39774446,-23.80575736,0 -52.39799716,-23.80548094,0 -52.39809979,-23.80537454,0</coordinates></LineString>
    </Placemark>
    <Placemark>
      <name>terra boa</name>
      <Style><LineStyle><color>ff000000</color><width>3</width></LineStyle></Style>
      <ExtendedData>
        <Data name="camada"><value>LP2</value></Data>
        <Data name="classificacao"><value>LP2 - LP2</value></Data>
      </ExtendedData>
      <LineString><tessellate>1</tessellate><coordinates>-52.39527425,-23.80920281,0 -52.39533909,-23.80905944,0 -52.39541904,-23.80889450,0 -52.39550319,-23.80873134,0 -52.39559125,-23.80856994,0 -52.39568293,-23.80841026,0 -52.39577798,-23.80825225,0 -52.39597722,-23.80794104,0 -52.39629199,-23.80748314,0 -52.39650860,-23.80718189,0 -52.39673081,-23.80688411,0 -52.39707534,-23.80644474,0 -52.39743359,-23.80601475,0 -52.39767996,-23.80573353,0 -52.39790391,-23.80548769,0</coordinates></LineString>
    </Placemark>
    <Placemark>
      <name>terra boa</name>
      <Style><LineStyle><color>ff000000</color><width>3</width></LineStyle></Style>
      <ExtendedData>
        <Data name="camada"><value>LP2</value></Data>
        <Data name="classificacao"><value>LP2 - LP2</value></Data>
      </ExtendedData>
      <MultiGeometry>
        <LineString><tessellate>1</tessellate><coordinates>-52.39796897,-23.80131212,0 -52.39796897,-23.80131212,0</coordinates></LineString>
        <LineString><tessellate>1</tessellate><coordinates>-52.39796897,-23.80131212,0 -52.39778199,-23.80133240,0 -52.39770966,-23.80134300,0 -52.39758923,-23.80136615,0 -52.39747892,-23.80139254,0 -52.39734376,-23.80143378,0 -52.39718923,-23.80149442,0 -52.39704446,-23.80156623,0 -52.39581102,-23.80212327,0 -52.39528606,-23.80236870,0 -52.39494047,-23.80254002,0 -52.39476914,-23.80262816,0 -52.39442973,-23.80280965,0 -52.39409386,-23.80299665,0 -52.39376128,-23.80318855,0 -52.39310435,-23.80358418,0 -52.39293623,-23.80367733,0 -52.39276454,-23.80376482,0 -52.39259778,-23.80386006,0 -52.39243549,-23.80396163,0 -52.39227776,-23.80406908,0 -52.39212663,-23.80418427,0 -52.39198254,-23.80430687,0 -52.39184600,-23.80443660,0 -52.39171698,-23.80457268,0 -52.39159236,-23.80471221,0 -52.39135117,-23.80499717,0 -52.39127948,-23.80506057,0 -52.39104949,-23.80522766,0 -52.39096219,-23.80528596,0 -52.39088799,-23.80533012,0 -52.39076138,-23.80538881,0</coordinates></LineString>
      </MultiGeometry>
    </Placemark>
    <Placemark>
      <name>terra boa</name>
      <Style><LineStyle><color>ff000000</color><width>3</width></LineStyle></Style>
      <ExtendedData>
        <Data name="camada"><value>LP2</value></Data>
        <Data name="classificacao"><value>LP2 - LP2</value></Data>
      </ExtendedData>
      <LineString><tessellate>1</tessellate><coordinates>-52.39813570,-23.80276700,0 -52.39802494,-23.80277814,0 -52.39795883,-23.80278927,0 -52.39790678,-23.80280323,0 -52.39766515,-23.80291622,0 -52.39645552,-23.80346195,0</coordinates></LineString>
    </Placemark>
    <Placemark>
      <name>terra boa</name>
      <Style><LineStyle><color>ff000000</color><width>3</width></LineStyle></Style>
      <ExtendedData>
        <Data name="camada"><value>LP2</value></Data>
        <Data name="classificacao"><value>LP2 - LP2</value></Data>
      </ExtendedData>
      <MultiGeometry>
        <LineString><tessellate>1</tessellate><coordinates>-52.39522224,-23.80915917,0 -52.39527735,-23.80903729,0 -52.39535723,-23.80887232,0 -52.39544129,-23.80870912,0 -52.39552922,-23.80854767,0 -52.39562076,-23.80838791,0 -52.39581364,-23.80807334,0 -52.39591452,-23.80791841,0 -52.39612289,-23.80761229,0 -52.39633663,-23.80730930,0 -52.39655577,-23.80700961,0 -52.39689536,-23.80656699,0 -52.39724863,-23.80613352,0 -52.39749168,-23.80584987,0 -52.39769900,-23.80561697,0</coordinates></LineString>
        <LineString><tessellate>1</tessellate><coordinates>-52.39769900,-23.80561697,0 -52.39769900,-23.80561697,0</coordinates></LineString>
      </MultiGeometry>
    </Placemark>
    <Placemark>
      <name>terra boa</name>
      <Style><LineStyle><color>ff000000</color><width>3</width></LineStyle></Style>
      <ExtendedData>
        <Data name="camada"><value>LP2</value></Data>
        <Data name="classificacao"><value>LP2 - LP2</value></Data>
      </ExtendedData>
      <LineString><tessellate>1</tessellate><coordinates>-52.39517009,-23.80911584,0 -52.39529542,-23.80885015,0 -52.39537938,-23.80868691,0 -52.39546720,-23.80852540,0 -52.39555859,-23.80836557,0 -52.39575112,-23.80805082,0 -52.39585181,-23.80789579,0 -52.39606010,-23.80758961,0 -52.39638240,-23.80713617,0 -52.39671719,-23.80669045,0 -52.39706547,-23.80625359,0 -52.39730522,-23.80596756,0 -52.39750010,-23.80574360,0</coordinates></LineString>
    </Placemark>
    <Placemark>
      <name>terra boa</name>
      <Style><LineStyle><color>ff000000</color><width>3</width></LineStyle></Style>
      <ExtendedData>
        <Data name="camada"><value>LP2</value></Data>
        <Data name="classificacao"><value>LP2 - LP2</value></Data>
      </ExtendedData>
      <MultiGeometry>
        <LineString><tessellate>1</tessellate><coordinates>-52.39511822,-23.80907186,0 -52.39523361,-23.80882797,0 -52.39531748,-23.80866469,0 -52.39540517,-23.80850312,0 -52.39549642,-23.80834323,0 -52.39568861,-23.80802830,0 -52.39578911,-23.80787316,0 -52.39599731,-23.80756693,0 -52.39631931,-23.80711331,0 -52.39665373,-23.80666736,0 -52.39700159,-23.80623021,0 -52.39735718,-23.80580921,0</coordinates></LineString>
        <LineString><tessellate>1</tessellate><coordinates>-52.39735718,-23.80580921,0 -52.39735718,-23.80580921,0</coordinates></LineString>
      </MultiGeometry>
    </Placemark>
    <Placemark>
      <name>terra boa</name>
      <Style><LineStyle><color>ff000000</color><width>3</width></LineStyle></Style>
      <ExtendedData>
        <Data name="camada"><value>LP2</value></Data>
        <Data name="classificacao"><value>LP2 - LP2</value></Data>
      </ExtendedData>
      <LineString><tessellate>1</tessellate><coordinates>-52.39506640,-23.80902774,0 -52.39517180,-23.80880579,0 -52.39525558,-23.80864248,0 -52.39534315,-23.80848085,0 -52.39543425,-23.80832089,0 -52.39562610,-23.80800578,0 -52.39582985,-23.80769704,0 -52.39614766,-23.80724092,0 -52.39647747,-23.80679207,0 -52.39682038,-23.80635162,0 -52.39705653,-23.80606308,0 -52.39722920,-23.80585951,0</coordinates></LineString>
    </Placemark>
    <Placemark>
      <name>terra boa</name>
      <Style><LineStyle><color>ff000000</color><width>3</width></LineStyle></Style>
      <ExtendedData>
        <Data name="camada"><value>LP2</value></Data>
        <Data name="classificacao"><value>LP2 - LP2</value></Data>
      </ExtendedData>
      <LineString><tessellate>1</tessellate><coordinates>-52.39501459,-23.80898362,0 -52.39511000,-23.80878362,0 -52.39519368,-23.80862026,0 -52.39528112,-23.80845858,0 -52.39537208,-23.80829855,0 -52.39556359,-23.80798326,0 -52.39576714,-23.80767441,0 -52.39608467,-23.80721812,0 -52.39641413,-23.80676906,0 -52.39675664,-23.80632834,0 -52.39710945,-23.80590070,0</coordinates></LineString>
    </Placemark>
    <Placemark>
      <name>terra boa</name>
      <Style><LineStyle><color>ff000000</color><width>3</width></LineStyle></Style>
      <ExtendedData>
        <Data name="camada"><value>LP2</value></Data>
        <Data name="classificacao"><value>LP2 - LP2</value></Data>
      </ExtendedData>
      <LineString><tessellate>1</tessellate><coordinates>-52.39496276,-23.80893949,0 -52.39504819,-23.80876144,0 -52.39513177,-23.80859804,0 -52.39530991,-23.80827620,0 -52.39550107,-23.80796074,0 -52.39570444,-23.80765179,0 -52.39602168,-23.80719533,0 -52.39635080,-23.80674605,0 -52.39669290,-23.80630506,0 -52.39699417,-23.80593820,0</coordinates></LineString>
    </Placemark>
    <Placemark>
      <name>terra boa</name>
      <Style><LineStyle><color>ff000000</color><width>3</width></LineStyle></Style>
      <ExtendedData>
        <Data name="camada"><value>LP2</value></Data>
        <Data name="classificacao"><value>LP2 - LP2</value></Data>
      </ExtendedData>
      <LineString><tessellate>1</tessellate><coordinates>-52.39491113,-23.80889553,0 -52.39498638,-23.80873927,0 -52.39506987,-23.80857583,0 -52.39524774,-23.80825386,0 -52.39543856,-23.80793821,0 -52.39564174,-23.80762916,0 -52.39595869,-23.80717253,0 -52.39628747,-23.80672304,0 -52.39662929,-23.80628187,0 -52.39687896,-23.80597586,0</coordinates></LineString>
    </Placemark>
    <Placemark>
      <name>terra boa</name>
      <Style><LineStyle><color>ff000000</color><width>3</width></LineStyle></Style>
      <ExtendedData>
        <Data name="camada"><value>LP2</value></Data>
        <Data name="classificacao"><value>LP2 - LP2</value></Data>
      </ExtendedData>
      <LineString><tessellate>1</tessellate><coordinates>-52.39485929,-23.80885278,0 -52.39500797,-23.80855361,0 -52.39518557,-23.80823152,0 -52.39537605,-23.80791570,0 -52.39557904,-23.80760653,0 -52.39589570,-23.80714974,0 -52.39611328,-23.80684908,0 -52.39645033,-23.80640481,0 -52.39674715,-23.80603484,0</coordinates></LineString>
    </Placemark>
    <Placemark>
      <name>terra boa</name>
      <Style><LineStyle><color>ff000000</color><width>3</width></LineStyle></Style>
      <ExtendedData>
        <Data name="camada"><value>LP2</value></Data>
        <Data name="classificacao"><value>LP2 - LP2</value></Data>
      </ExtendedData>
      <LineString><tessellate>1</tessellate><coordinates>-52.39480789,-23.80880908,0 -52.39494606,-23.80853139,0 -52.39512340,-23.80820918,0 -52.39531372,-23.80789327,0 -52.39541373,-23.80773786,0 -52.39562056,-23.80743086,0 -52.39594072,-23.80697614,0 -52.39627314,-23.80652892,0 -52.39655201,-23.80617338,0</coordinates></LineString>
    </Placemark>
    <Placemark>
      <name>terra boa</name>
      <Style><LineStyle><color>ff000000</color><width>3</width></LineStyle></Style>
      <ExtendedData>
        <Data name="camada"><value>LP2</value></Data>
        <Data name="classificacao"><value>LP2 - LP2</value></Data>
      </ExtendedData>
      <LineString><tessellate>1</tessellate><coordinates>-52.39475706,-23.80876415,0 -52.39488416,-23.80850918,0 -52.39506123,-23.80818683,0 -52.39515464,-23.80802799,0 -52.39535121,-23.80771534,0 -52.39555776,-23.80740818,0 -52.39587763,-23.80695328,0 -52.39609765,-23.80665413,0 -52.39638750,-23.80627713,0</coordinates></LineString>
    </Placemark>
    <Placemark>
      <name>terra boa</name>
      <Style><LineStyle><color>ff000000</color><width>3</width></LineStyle></Style>
      <ExtendedData>
        <Data name="camada"><value>LP2</value></Data>
        <Data name="classificacao"><value>LP2 - LP2</value></Data>
      </ExtendedData>
      <LineString><tessellate>1</tessellate><coordinates>-52.39470536,-23.80872099,0 -52.39482226,-23.80848696,0 -52.39499906,-23.80816449,0 -52.39509231,-23.80800557,0 -52.39528870,-23.80769282,0 -52.39549497,-23.80738550,0 -52.39581453,-23.80693042,0 -52.39603444,-23.80663120,0 -52.39625526,-23.80634162,0</coordinates></LineString>
    </Placemark>
    <Placemark>
      <name>terra boa</name>
      <Style><LineStyle><color>ff000000</color><width>3</width></LineStyle></Style>
      <ExtendedData>
        <Data name="camada"><value>LP2</value></Data>
        <Data name="classificacao"><value>LP2 - LP2</value></Data>
      </ExtendedData>
      <LineString><tessellate>1</tessellate><coordinates>-52.39465403,-23.80867701,0 -52.39476036,-23.80846474,0 -52.39493689,-23.80814215,0 -52.39502999,-23.80798315,0 -52.39522619,-23.80767030,0 -52.39543218,-23.80736283,0 -52.39564375,-23.80705856,0 -52.39586069,-23.80675752,0 -52.39611668,-23.80641625,0</coordinates></LineString>
    </Placemark>
    <Placemark>
      <name>terra boa</name>
      <Style><LineStyle><color>ff000000</color><width>3</width></LineStyle></Style>
      <ExtendedData>
        <Data name="camada"><value>LP2</value></Data>
        <Data name="classificacao"><value>LP2 - LP2</value></Data>
      </ExtendedData>
      <LineString><tessellate>1</tessellate><coordinates>-52.39460287,-23.80863266,0 -52.39469845,-23.80844253,0 -52.39487472,-23.80811981,0 -52.39496782,-23.80796081,0 -52.39516368,-23.80764778,0 -52.39536939,-23.80734015,0 -52.39558076,-23.80703576,0 -52.39579760,-23.80673465,0 -52.39597828,-23.80649202,0</coordinates></LineString>
    </Placemark>
    <Placemark>
      <name>terra boa</name>
      <Style><LineStyle><color>ff000000</color><width>3</width></LineStyle></Style>
      <ExtendedData>
        <Data name="camada"><value>LP2</value></Data>
        <Data name="classificacao"><value>LP2 - LP2</value></Data>
      </ExtendedData>
      <LineString><tessellate>1</tessellate><coordinates>-52.39455129,-23.80858913,0 -52.39463655,-23.80842031,0 -52.39481255,-23.80809747,0 -52.39490565,-23.80793847,0 -52.39510116,-23.80762526,0 -52.39520282,-23.80747077,0 -52.39541157,-23.80716486,0 -52.39562553,-23.80686201,0 -52.39583305,-23.80657831,0</coordinates></LineString>
    </Placemark>
    <Placemark>
      <name>terra boa</name>
      <Style><LineStyle><color>ff000000</color><width>3</width></LineStyle></Style>
      <ExtendedData>
        <Data name="camada"><value>LP2</value></Data>
        <Data name="classificacao"><value>LP2 - LP2</value></Data>
      </ExtendedData>
      <LineString><tessellate>1</tessellate><coordinates>-52.39450000,-23.80854586,0 -52.39466087,-23.80823586,0 -52.39475038,-23.80807512,0 -52.39493972,-23.80775872,0 -52.39503865,-23.80760274,0 -52.39524380,-23.80729479,0 -52.39545498,-23.80699029,0 -52.39568801,-23.80666640,0</coordinates></LineString>
    </Placemark>
    <Placemark>
      <name>terra boa</name>
      <Style><LineStyle><color>ff000000</color><width>3</width></LineStyle></Style>
      <ExtendedData>
        <Data name="camada"><value>LP2</value></Data>
        <Data name="classificacao"><value>LP2 - LP2</value></Data>
      </ExtendedData>
      <LineString><tessellate>1</tessellate><coordinates>-52.39444879,-23.80850266,0 -52.39459885,-23.80821359,0 -52.39468821,-23.80805278,0 -52.39487739,-23.80773629,0 -52.39497614,-23.80758022,0 -52.39518101,-23.80727211,0 -52.39539209,-23.80696755,0 -52.39555053,-23.80674595,0</coordinates></LineString>
    </Placemark>
    <Placemark>
      <name>terra boa</name>
      <Style><LineStyle><color>ff000000</color><width>3</width></LineStyle></Style>
      <ExtendedData>
        <Data name="camada"><value>LP2</value></Data>
        <Data name="classificacao"><value>LP2 - LP2</value></Data>
      </ExtendedData>
      <MultiGeometry>
        <LineString><tessellate>1</tessellate><coordinates>-52.39439756,-23.80845944,0 -52.39453682,-23.80819131,0 -52.39462606,-23.80803045,0 -52.39481505,-23.80771387,0 -52.39491363,-23.80755770,0 -52.39511822,-23.80724943,0 -52.39543032,-23.80680243,0</coordinates></LineString>
        <LineString><tessellate>1</tessellate><coordinates>-52.39543032,-23.80680243,0 -52.39543032,-23.80680243,0</coordinates></LineString>
      </MultiGeometry>
    </Placemark>
    <Placemark>
      <name>terra boa</name>
      <Style><LineStyle><color>ff000000</color><width>3</width></LineStyle></Style>
      <ExtendedData>
        <Data name="camada"><value>LP2</value></Data>
        <Data name="classificacao"><value>LP2 - LP2</value></Data>
      </ExtendedData>
      <LineString><tessellate>1</tessellate><coordinates>-52.39434631,-23.80841620,0 -52.39447480,-23.80816904,0 -52.39456403,-23.80800817,0 -52.39475272,-23.80769144,0 -52.39495201,-23.80738026,0 -52.39516028,-23.80707407,0 -52.39533355,-23.80682727,0</coordinates></LineString>
    </Placemark>
    <Placemark>
      <name>terra boa</name>
      <Style><LineStyle><color>ff000000</color><width>3</width></LineStyle></Style>
      <ExtendedData>
        <Data name="camada"><value>LP2</value></Data>
        <Data name="classificacao"><value>LP2 - LP2</value></Data>
      </ExtendedData>
      <LineString><tessellate>1</tessellate><coordinates>-52.39621370,-23.80357398,0 -52.39573555,-23.80380720,0 -52.39539380,-23.80398495,0 -52.39522472,-23.80407668,0 -52.39472261,-23.80435972,0 -52.39389982,-23.80485196,0 -52.39373132,-23.80494456,0 -52.39355954,-23.80503189,0 -52.39339455,-23.80512967,0 -52.39323630,-23.80523646,0 -52.39314345,-23.80530992,0 -52.39301022,-23.80543295,0 -52.39283177,-23.80562854,0 -52.39259082,-23.80591367,0 -52.39253050,-23.80597870,0 -52.39245912,-23.80604747,0 -52.39237955,-23.80611802,0 -52.39231539,-23.80617041,0 -52.39216340,-23.80628467,0 -52.39198219,-23.80641199,0</coordinates></LineString>
    </Placemark>
    <Placemark>
      <name>terra boa</name>
      <Style><LineStyle><color>ff000000</color><width>3</width></LineStyle></Style>
      <ExtendedData>
        <Data name="camada"><value>LP2</value></Data>
        <Data name="classificacao"><value>LP2 - LP2</value></Data>
      </ExtendedData>
      <LineString><tessellate>1</tessellate><coordinates>-52.39429511,-23.80837278,0 -52.39441278,-23.80814677,0 -52.39450201,-23.80798590,0 -52.39469038,-23.80766902,0 -52.39488931,-23.80735763,0 -52.39520964,-23.80689058,0</coordinates></LineString>
    </Placemark>
    <Placemark>
      <name>terra boa</name>
      <Style><LineStyle><color>ff000000</color><width>3</width></LineStyle></Style>
      <ExtendedData>
        <Data name="camada"><value>LP2</value></Data>
        <Data name="classificacao"><value>LP2 - LP2</value></Data>
      </ExtendedData>
      <LineString><tessellate>1</tessellate><coordinates>-52.39424398,-23.80832918,0 -52.39435075,-23.80812450,0 -52.39453263,-23.80780441,0 -52.39472609,-23.80749014,0 -52.39482661,-23.80733501,0 -52.39497602,-23.80711438,0</coordinates></LineString>
    </Placemark>
    <Placemark>
      <name>terra boa</name>
      <Style><LineStyle><color>ff000000</color><width>3</width></LineStyle></Style>
      <ExtendedData>
        <Data name="camada"><value>LP2</value></Data>
        <Data name="classificacao"><value>LP2 - LP2</value></Data>
      </ExtendedData>
      <LineString><tessellate>1</tessellate><coordinates>-52.39419283,-23.80828557,0 -52.39428873,-23.80810222,0 -52.39447046,-23.80778207,0 -52.39466358,-23.80746761,0 -52.39478726,-23.80727773,0</coordinates></LineString>
    </Placemark>
    <Placemark>
      <name>terra boa</name>
      <Style><LineStyle><color>ff000000</color><width>3</width></LineStyle></Style>
      <ExtendedData>
        <Data name="camada"><value>LP2</value></Data>
        <Data name="classificacao"><value>LP2 - LP2</value></Data>
      </ExtendedData>
      <LineString><tessellate>1</tessellate><coordinates>-52.39409026,-23.80819970,0 -52.39416468,-23.80805768,0 -52.39425391,-23.80789681,0 -52.39434612,-23.80773738,0 -52.39453131,-23.80743422,0</coordinates></LineString>
    </Placemark>
    <Placemark>
      <name>terra boa</name>
      <Style><LineStyle><color>ff000000</color><width>3</width></LineStyle></Style>
      <ExtendedData>
        <Data name="camada"><value>LP2</value></Data>
        <Data name="classificacao"><value>LP2 - LP2</value></Data>
      </ExtendedData>
      <LineString><tessellate>1</tessellate><coordinates>-52.39414149,-23.80824231,0 -52.39427147,-23.80799924,0 -52.39436228,-23.80783912,0 -52.39445601,-23.80768044,0 -52.39463295,-23.80739613,0</coordinates></LineString>
    </Placemark>
    <Placemark>
      <name>terra boa</name>
      <Style><LineStyle><color>ff000000</color><width>3</width></LineStyle></Style>
      <ExtendedData>
        <Data name="camada"><value>LP2</value></Data>
        <Data name="classificacao"><value>LP2 - LP2</value></Data>
      </ExtendedData>
      <LineString><tessellate>1</tessellate><coordinates>-52.39403955,-23.80815619,0 -52.39415213,-23.80794620,0 -52.39424287,-23.80778606,0 -52.39445186,-23.80743986,0</coordinates></LineString>
    </Placemark>
    <Placemark>
      <name>terra boa</name>
      <Style><LineStyle><color>ff000000</color><width>3</width></LineStyle></Style>
      <ExtendedData>
        <Data name="camada"><value>LP2</value></Data>
        <Data name="classificacao"><value>LP2 - LP2</value></Data>
      </ExtendedData>
      <LineString><tessellate>1</tessellate><coordinates>-52.39398993,-23.80811057,0 -52.39409246,-23.80791969,0 -52.39418317,-23.80775953,0 -52.39437669,-23.80743755,0</coordinates></LineString>
    </Placemark>
    <Placemark>
      <name>terra boa</name>
      <Style><LineStyle><color>ff000000</color><width>3</width></LineStyle></Style>
      <ExtendedData>
        <Data name="camada"><value>LP2</value></Data>
        <Data name="classificacao"><value>LP2 - LP2</value></Data>
      </ExtendedData>
      <MultiGeometry>
        <LineString><tessellate>1</tessellate><coordinates>-52.39393847,-23.80806846,0 -52.39403279,-23.80789317,0 -52.39412346,-23.80773299,0 -52.39430049,-23.80743761,0</coordinates></LineString>
        <LineString><tessellate>1</tessellate><coordinates>-52.39430049,-23.80743761,0 -52.39430049,-23.80743761,0</coordinates></LineString>
      </MultiGeometry>
    </Placemark>
    <Placemark>
      <name>terra boa</name>
      <Style><LineStyle><color>ff000000</color><width>3</width></LineStyle></Style>
      <ExtendedData>
        <Data name="camada"><value>LP2</value></Data>
        <Data name="classificacao"><value>LP2 - LP2</value></Data>
      </ExtendedData>
      <LineString><tessellate>1</tessellate><coordinates>-52.39388817,-23.80802424,0 -52.39406376,-23.80770646,0 -52.39421439,-23.80745411,0</coordinates></LineString>
    </Placemark>
    <Placemark>
      <name>terra boa</name>
      <Style><LineStyle><color>ff000000</color><width>3</width></LineStyle></Style>
      <ExtendedData>
        <Data name="camada"><value>LP2</value></Data>
        <Data name="classificacao"><value>LP2 - LP2</value></Data>
      </ExtendedData>
      <LineString><tessellate>1</tessellate><coordinates>-52.39383801,-23.80798012,0 -52.39400406,-23.80767993,0 -52.39411245,-23.80749666,0</coordinates></LineString>
    </Placemark>
    <Placemark>
      <name>terra boa</name>
      <Style><LineStyle><color>ff000000</color><width>3</width></LineStyle></Style>
      <ExtendedData>
        <Data name="camada"><value>LP2</value></Data>
        <Data name="classificacao"><value>LP2 - LP2</value></Data>
      </ExtendedData>
      <LineString><tessellate>1</tessellate><coordinates>-52.39378791,-23.80793587,0 -52.39385378,-23.80781362,0 -52.39399639,-23.80756494,0</coordinates></LineString>
    </Placemark>
    <Placemark>
      <name>terra boa</name>
      <Style><LineStyle><color>ff000000</color><width>3</width></LineStyle></Style>
      <ExtendedData>
        <Data name="camada"><value>LP2</value></Data>
        <Data name="classificacao"><value>LP2 - LP2</value></Data>
      </ExtendedData>
      <MultiGeometry>
        <LineString><tessellate>1</tessellate><coordinates>-52.39373922,-23.80788899,0 -52.39387424,-23.80764529,0</coordinates></LineString>
        <LineString><tessellate>1</tessellate><coordinates>-52.39387424,-23.80764529,0 -52.39387424,-23.80764529,0</coordinates></LineString>
      </MultiGeometry>
    </Placemark>
    <Placemark>
      <name>terra boa</name>
      <Style><LineStyle><color>ff000000</color><width>3</width></LineStyle></Style>
      <ExtendedData>
        <Data name="camada"><value>LP2</value></Data>
        <Data name="classificacao"><value>LP2 - LP2</value></Data>
      </ExtendedData>
      <MultiGeometry>
        <LineString><tessellate>1</tessellate><coordinates>-52.39369585,-23.80783223,0 -52.39377967,-23.80768051,0</coordinates></LineString>
        <LineString><tessellate>1</tessellate><coordinates>-52.39377967,-23.80768051,0 -52.39377967,-23.80768051,0</coordinates></LineString>
      </MultiGeometry>
    </Placemark>
    <Placemark>
      <name>terra boa</name>
      <Style><LineStyle><color>ff000000</color><width>3</width></LineStyle></Style>
      <ExtendedData>
        <Data name="camada"><value>LP2</value></Data>
        <Data name="classificacao"><value>LP2 - LP2</value></Data>
      </ExtendedData>
      <LineString><tessellate>1</tessellate><coordinates>-52.39463459,-23.80448360,0 -52.39412575,-23.80479153,0 -52.39389160,-23.80492737,0</coordinates></LineString>
    </Placemark>
    <Placemark>
      <name>terra boa</name>
      <Style><LineStyle><color>ff000000</color><width>3</width></LineStyle></Style>
      <ExtendedData>
        <Data name="camada"><value>LP2</value></Data>
        <Data name="classificacao"><value>LP2 - LP2</value></Data>
      </ExtendedData>
      <LineString><tessellate>1</tessellate><coordinates>-52.39448773,-23.80464421,0 -52.39429800,-23.80476002,0</coordinates></LineString>
    </Placemark>
    <Placemark>
      <name>terra boa</name>
      <Style><LineStyle><color>ff000000</color><width>3</width></LineStyle></Style>
      <ExtendedData>
        <Data name="camada"><value>LP2</value></Data>
        <Data name="classificacao"><value>LP2 - LP2</value></Data>
      </ExtendedData>
      <LineString><tessellate>1</tessellate><coordinates>-52.39331143,-23.80526071,0 -52.39323254,-23.80531866,0 -52.39314763,-23.80539014,0 -52.39305916,-23.80547404,0 -52.39288837,-23.80566105,0 -52.39264743,-23.80594620,0 -52.39257968,-23.80601955,0 -52.39251662,-23.80608074,0 -52.39237374,-23.80620451,0 -52.39222236,-23.80631944,0 -52.39203716,-23.80645040,0</coordinates></LineString>
    </Placemark>
    <Placemark>
      <name>terra boa</name>
      <Style><LineStyle><color>ff000000</color><width>3</width></LineStyle></Style>
      <ExtendedData>
        <Data name="camada"><value>LP2</value></Data>
        <Data name="classificacao"><value>LP2 - LP2</value></Data>
      </ExtendedData>
      <LineString><tessellate>1</tessellate><coordinates>-52.39285451,-23.80579857,0 -52.39270381,-23.80597898,0 -52.39262887,-23.80606040,0 -52.39257387,-23.80611424,0 -52.39243165,-23.80623865,0 -52.39228103,-23.80635442,0 -52.39216093,-23.80644062,0</coordinates></LineString>
    </Placemark>
    <Placemark>
      <name>terra boa</name>
      <Style><LineStyle><color>ff000000</color><width>3</width></LineStyle></Style>
      <ExtendedData>
        <Data name="camada"><value>LP2</value></Data>
        <Data name="classificacao"><value>LP2 - LP2</value></Data>
      </ExtendedData>
      <LineString><tessellate>1</tessellate><coordinates>-52.39607567,-23.80370849,0 -52.39562549,-23.80393328,0 -52.39526878,-23.80412360,0</coordinates></LineString>
    </Placemark>
    <Placemark>
      <name>terra boa</name>
      <Style><LineStyle><color>ff000000</color><width>3</width></LineStyle></Style>
      <ExtendedData>
        <Data name="camada"><value>LP2</value></Data>
        <Data name="classificacao"><value>LP2 - LP2</value></Data>
      </ExtendedData>
      <LineString><tessellate>1</tessellate><coordinates>-52.39596524,-23.80383136,0 -52.39568655,-23.80397156,0 -52.39549411,-23.80407256,0</coordinates></LineString>
    </Placemark>
    <Placemark>
      <name>terra boa</name>
      <Style><LineStyle><color>ff000000</color><width>3</width></LineStyle></Style>
      <ExtendedData>
        <Data name="camada"><value>LP2</value></Data>
        <Data name="classificacao"><value>LP2 - LP2</value></Data>
      </ExtendedData>
      <LineString><tessellate>1</tessellate><coordinates>-52.39718590,-23.80319942,0 -52.39671474,-23.80341236,0</coordinates></LineString>
    </Placemark>
    <Placemark>
      <name>terra boa</name>
      <Style><LineStyle><color>ff000000</color><width>3</width></LineStyle></Style>
      <ExtendedData>
        <Data name="camada"><value>LP2</value></Data>
        <Data name="classificacao"><value>LP2 - LP2</value></Data>
      </ExtendedData>
      <LineString><tessellate>1</tessellate><coordinates>-52.39752071,-23.80131956,0 -52.39746014,-23.80133406,0 -52.39733609,-23.80137190,0 -52.39715530,-23.80144204,0 -52.39698206,-23.80152687,0 -52.39557284,-23.80216427,0 -52.39505086,-23.80241502,0 -52.39470753,-23.80259016,0 -52.39453742,-23.80268028,0 -52.39420032,-23.80286538,0 -52.39370053,-23.80315188,0 -52.39304349,-23.80354735,0 -52.39292725,-23.80361233,0 -52.39270333,-23.80372746,0 -52.39253727,-23.80382373,0 -52.39237550,-23.80392600,0 -52.39221847,-23.80403432,0 -52.39206822,-23.80415048,0 -52.39192485,-23.80427379,0 -52.39178861,-23.80440378,0 -52.39166008,-23.80454026,0 -52.39153559,-23.80467989,0 -52.39129384,-23.80496440,0 -52.39123599,-23.80501458,0 -52.39114552,-23.80508249,0 -52.39098988,-23.80519251,0 -52.39088186,-23.80526259,0 -52.39082613,-23.80529173,0 -52.39071398,-23.80534112,0</coordinates></LineString>
    </Placemark>
    <Placemark>
      <name>terra boa</name>
      <Style><LineStyle><color>ff000000</color><width>3</width></LineStyle></Style>
      <ExtendedData>
        <Data name="camada"><value>LP2</value></Data>
        <Data name="classificacao"><value>LP2 - LP2</value></Data>
      </ExtendedData>
      <LineString><tessellate>1</tessellate><coordinates>-52.39729048,-23.80132215,0 -52.39713079,-23.80138482,0 -52.39691961,-23.80148742,0 -52.39551046,-23.80212495,0 -52.39516188,-23.80229109,0 -52.39481691,-23.80246349,0 -52.39447610,-23.80264275,0 -52.39397192,-23.80292265,0 -52.39363989,-23.80311537,0 -52.39314809,-23.80341335,0 -52.39298263,-23.80351052,0 -52.39289430,-23.80355945,0 -52.39281219,-23.80359997,0 -52.39264222,-23.80369025,0 -52.39247676,-23.80378740,0 -52.39231564,-23.80389053,0 -52.39215919,-23.80399957,0 -52.39200980,-23.80411669,0 -52.39186716,-23.80424070,0 -52.39173143,-23.80437114,0 -52.39160318,-23.80450784,0 -52.39147882,-23.80464757,0 -52.39125440,-23.80491377,0 -52.39123622,-23.80493138,0 -52.39116594,-23.80498930,0 -52.39108635,-23.80504787,0 -52.39093011,-23.80515717,0 -52.39084601,-23.80521132,0 -52.39076392,-23.80525272,0 -52.39065801,-23.80529782,0</coordinates></LineString>
    </Placemark>
    <Placemark>
      <name>terra boa</name>
      <Style><LineStyle><color>ff000000</color><width>3</width></LineStyle></Style>
      <ExtendedData>
        <Data name="camada"><value>LP2</value></Data>
        <Data name="classificacao"><value>LP2 - LP2</value></Data>
      </ExtendedData>
      <LineString><tessellate>1</tessellate><coordinates>-52.39711539,-23.80132460,0 -52.39685711,-23.80144789,0 -52.39597558,-23.80184483,0 -52.39544807,-23.80208562,0 -52.39509979,-23.80225229,0 -52.39475525,-23.80242541,0 -52.39441482,-23.80260528,0 -52.39391094,-23.80288565,0 -52.39357925,-23.80307886,0 -52.39308751,-23.80337693,0 -52.39292160,-23.80347343,0 -52.39286135,-23.80350656,0 -52.39275039,-23.80356165,0 -52.39258111,-23.80365305,0 -52.39241644,-23.80375133,0 -52.39225587,-23.80385519,0 -52.39210024,-23.80396520,0 -52.39195139,-23.80408289,0 -52.39180946,-23.80420762,0 -52.39167430,-23.80433854,0 -52.39154630,-23.80447544,0 -52.39142205,-23.80461525,0 -52.39120277,-23.80487551,0 -52.39117832,-23.80489811,0 -52.39112373,-23.80494231,0 -52.39102711,-23.80501317,0 -52.39087027,-23.80512173,0 -52.39080470,-23.80516317,0 -52.39070140,-23.80521314,0 -52.39060450,-23.80525339,0</coordinates></LineString>
    </Placemark>
    <Placemark>
      <name>terra boa</name>
      <Style><LineStyle><color>ff000000</color><width>3</width></LineStyle></Style>
      <ExtendedData>
        <Data name="camada"><value>LP2</value></Data>
        <Data name="classificacao"><value>LP2 - LP2</value></Data>
      </ExtendedData>
      <MultiGeometry>
        <LineString><tessellate>1</tessellate><coordinates>-52.39696093,-23.80133157,0 -52.39696093,-23.80133157,0</coordinates></LineString>
        <LineString><tessellate>1</tessellate><coordinates>-52.39696093,-23.80133157,0 -52.39573696,-23.80188502,0 -52.39538576,-23.80204642,0 -52.39503785,-23.80221375,0 -52.39469363,-23.80238741,0 -52.39435355,-23.80256782,0 -52.39385000,-23.80284870,0 -52.39351862,-23.80304236,0 -52.39302685,-23.80334038,0 -52.39286053,-23.80343629,0 -52.39268870,-23.80352354,0 -52.39252029,-23.80361629,0 -52.39235620,-23.80371537,0 -52.39219611,-23.80381985,0 -52.39204141,-23.80393096,0 -52.39189297,-23.80404910,0 -52.39175177,-23.80417453,0 -52.39161717,-23.80430595,0 -52.39148944,-23.80444305,0 -52.39136527,-23.80458293,0 -52.39115176,-23.80483647,0 -52.39112017,-23.80486458,0 -52.39096781,-23.80497840,0 -52.39081030,-23.80508615,0 -52.39075743,-23.80511794,0 -52.39063863,-23.80517310,0 -52.39055105,-23.80520884,0</coordinates></LineString>
      </MultiGeometry>
    </Placemark>
    <Placemark>
      <name>terra boa</name>
      <Style><LineStyle><color>ff000000</color><width>3</width></LineStyle></Style>
      <ExtendedData>
        <Data name="camada"><value>LP2</value></Data>
        <Data name="classificacao"><value>LP2 - LP2</value></Data>
      </ExtendedData>
      <LineString><tessellate>1</tessellate><coordinates>-52.39680398,-23.80133574,0 -52.39567443,-23.80184543,0 -52.39532352,-23.80200736,0 -52.39497592,-23.80217522,0 -52.39463202,-23.80234941,0 -52.39429227,-23.80253036,0 -52.39395602,-23.80271678,0 -52.39345799,-23.80300585,0 -52.39296615,-23.80330378,0 -52.39279921,-23.80339876,0 -52.39262726,-23.80348581,0 -52.39245949,-23.80357954,0 -52.39229596,-23.80367941,0 -52.39213634,-23.80378451,0 -52.39198257,-23.80389672,0 -52.39183487,-23.80401562,0 -52.39169408,-23.80414144,0 -52.39156005,-23.80427335,0 -52.39143258,-23.80441067,0 -52.39130850,-23.80455062,0 -52.39110084,-23.80479733,0 -52.39106178,-23.80483083,0 -52.39090848,-23.80494360,0 -52.39075013,-23.80505029,0 -52.39067555,-23.80508892,0 -52.39049752,-23.80516421,0</coordinates></LineString>
    </Placemark>
    <Placemark>
      <name>terra boa</name>
      <Style><LineStyle><color>ff000000</color><width>3</width></LineStyle></Style>
      <ExtendedData>
        <Data name="camada"><value>LP2</value></Data>
        <Data name="classificacao"><value>LP2 - LP2</value></Data>
      </ExtendedData>
      <LineString><tessellate>1</tessellate><coordinates>-52.39665103,-23.80133718,0 -52.39543620,-23.80188635,0 -52.39491398,-23.80213668,0 -52.39457040,-23.80231141,0 -52.39423099,-23.80249289,0 -52.39389505,-23.80267978,0 -52.39339736,-23.80296935,0 -52.39290545,-23.80326718,0 -52.39273731,-23.80336027,0 -52.39256581,-23.80344808,0 -52.39239870,-23.80354280,0 -52.39223585,-23.80364362,0 -52.39207681,-23.80374945,0 -52.39192374,-23.80386248,0 -52.39177683,-23.80398221,0 -52.39163639,-23.80410836,0 -52.39150292,-23.80424076,0 -52.39137572,-23.80437828,0 -52.39125173,-23.80451830,0 -52.39105054,-23.80475742,0 -52.39100304,-23.80479672,0 -52.39084903,-23.80490868,0 -52.39076292,-23.80496759,0 -52.39068919,-23.80501333,0 -52.39061022,-23.80505063,0 -52.39044388,-23.80511950,0</coordinates></LineString>
    </Placemark>
    <Placemark>
      <name>terra boa</name>
      <Style><LineStyle><color>ff000000</color><width>3</width></LineStyle></Style>
      <ExtendedData>
        <Data name="camada"><value>LP2</value></Data>
        <Data name="classificacao"><value>LP2 - LP2</value></Data>
      </ExtendedData>
      <MultiGeometry>
        <LineString><tessellate>1</tessellate><coordinates>-52.39648994,-23.80134151,0 -52.39648994,-23.80134151,0</coordinates></LineString>
        <LineString><tessellate>1</tessellate><coordinates>-52.39648994,-23.80134151,0 -52.39554937,-23.80176625,0 -52.39519904,-23.80192923,0 -52.39485204,-23.80209815,0 -52.39450879,-23.80227341,0 -52.39416974,-23.80245548,0 -52.39383407,-23.80264278,0 -52.39350160,-23.80283485,0 -52.39284462,-23.80323040,0 -52.39272954,-23.80329503,0 -52.39250455,-23.80341065,0 -52.39233818,-23.80350646,0 -52.39217585,-23.80360798,0 -52.39201753,-23.80371470,0 -52.39186491,-23.80382824,0 -52.39171880,-23.80394880,0 -52.39157870,-23.80407527,0 -52.39144580,-23.80420816,0 -52.39131886,-23.80434590,0 -52.39119497,-23.80448598,0 -52.39100026,-23.80471747,0 -52.39094410,-23.80476238,0 -52.39078956,-23.80487373,0 -52.39067273,-23.80495131,0 -52.39062717,-23.80497468,0 -52.39039001,-23.80507460,0</coordinates></LineString>
      </MultiGeometry>
    </Placemark>
    <Placemark>
      <name>terra boa</name>
      <Style><LineStyle><color>ff000000</color><width>3</width></LineStyle></Style>
      <ExtendedData>
        <Data name="camada"><value>LP2</value></Data>
        <Data name="classificacao"><value>LP2 - LP2</value></Data>
      </ExtendedData>
      <LineString><tessellate>1</tessellate><coordinates>-52.39632796,-23.80134634,0 -52.39548685,-23.80172666,0 -52.39513680,-23.80189016,0 -52.39479011,-23.80205961,0 -52.39444721,-23.80223547,0 -52.39410856,-23.80241817,0 -52.39377310,-23.80260578,0 -52.39344089,-23.80279823,0 -52.39278376,-23.80319357,0 -52.39269659,-23.80324215,0 -52.39261342,-23.80328316,0 -52.39244344,-23.80337345,0 -52.39227767,-23.80347013,0 -52.39211586,-23.80357235,0 -52.39195824,-23.80367995,0 -52.39180610,-23.80379402,0 -52.39166077,-23.80391539,0 -52.39152128,-23.80404243,0 -52.39138867,-23.80417556,0 -52.39113824,-23.80445369,0 -52.39095056,-23.80467682,0 -52.39088502,-23.80472791,0 -52.39072995,-23.80483862,0 -52.39063243,-23.80490278,0 -52.39056474,-23.80493533,0 -52.39035280,-23.80502302,0</coordinates></LineString>
    </Placemark>
    <Placemark>
      <name>terra boa</name>
      <Style><LineStyle><color>ff000000</color><width>3</width></LineStyle></Style>
      <ExtendedData>
        <Data name="camada"><value>LP2</value></Data>
        <Data name="classificacao"><value>LP2 - LP2</value></Data>
      </ExtendedData>
      <MultiGeometry>
        <LineString><tessellate>1</tessellate><coordinates>-52.39616646,-23.80135116,0 -52.39616646,-23.80135116,0</coordinates></LineString>
        <LineString><tessellate>1</tessellate><coordinates>-52.39616646,-23.80135116,0 -52.39542432,-23.80168708,0 -52.39507459,-23.80185115,0 -52.39472827,-23.80202124,0 -52.39438576,-23.80219774,0 -52.39404738,-23.80238085,0 -52.39371212,-23.80256878,0 -52.39338025,-23.80276173,0 -52.39288847,-23.80305973,0 -52.39272281,-23.80315660,0 -52.39266364,-23.80318926,0 -52.39255161,-23.80324484,0 -52.39238233,-23.80333624,0 -52.39221716,-23.80343380,0 -52.39205588,-23.80353674,0 -52.39189896,-23.80364519,0 -52.39174768,-23.80376023,0 -52.39160273,-23.80388198,0 -52.39146389,-23.80400961,0 -52.39133155,-23.80414297,0 -52.39108151,-23.80442141,0 -52.39090085,-23.80463617,0 -52.39082588,-23.80469336,0 -52.39067027,-23.80480343,0 -52.39059738,-23.80485102,0 -52.39050201,-23.80489541,0 -52.39036217,-23.80495249,0</coordinates></LineString>
      </MultiGeometry>
    </Placemark>
    <Placemark>
      <name>terra boa</name>
      <Style><LineStyle><color>ff000000</color><width>3</width></LineStyle></Style>
      <ExtendedData>
        <Data name="camada"><value>LP2</value></Data>
        <Data name="classificacao"><value>LP2 - LP2</value></Data>
      </ExtendedData>
      <LineString><tessellate>1</tessellate><coordinates>-52.39600250,-23.80135725,0 -52.39536194,-23.80164775,0 -52.39501250,-23.80181235,0 -52.39466649,-23.80198297,0 -52.39432431,-23.80216001,0 -52.39398620,-23.80234354,0 -52.39365115,-23.80253178,0 -52.39331962,-23.80272522,0 -52.39282790,-23.80302331,0 -52.39266175,-23.80311947,0 -52.39248998,-23.80320681,0 -52.39232140,-23.80329929,0 -52.39215686,-23.80339776,0 -52.39199612,-23.80350140,0 -52.39183968,-23.80361044,0 -52.39168927,-23.80372644,0 -52.39154470,-23.80384857,0 -52.39140650,-23.80397680,0 -52.39127442,-23.80411037,0 -52.39102479,-23.80438912,0 -52.39085181,-23.80459475,0 -52.39076667,-23.80465876,0 -52.39056210,-23.80479938,0 -52.39043903,-23.80485505,0 -52.39037022,-23.80488279,0</coordinates></LineString>
    </Placemark>
    <Placemark>
      <name>terra boa</name>
      <Style><LineStyle><color>ff000000</color><width>3</width></LineStyle></Style>
      <ExtendedData>
        <Data name="camada"><value>LP2</value></Data>
        <Data name="classificacao"><value>LP2 - LP2</value></Data>
      </ExtendedData>
      <LineString><tessellate>1</tessellate><coordinates>-52.39584726,-23.80135948,0 -52.39529955,-23.80160842,0 -52.39495041,-23.80177355,0 -52.39460471,-23.80194470,0 -52.39426286,-23.80212228,0 -52.39392502,-23.80230623,0 -52.39359027,-23.80249492,0 -52.39325899,-23.80268872,0 -52.39276720,-23.80298671,0 -52.39260048,-23.80308201,0 -52.39242853,-23.80316908,0 -52.39226060,-23.80326255,0 -52.39209662,-23.80336179,0 -52.39193635,-23.80346605,0 -52.39178039,-23.80357569,0 -52.39163085,-23.80369264,0 -52.39148666,-23.80381516,0 -52.39134912,-23.80394398,0 -52.39121729,-23.80407778,0 -52.39096806,-23.80435683,0 -52.39080287,-23.80455324,0 -52.39070746,-23.80462414,0 -52.39055051,-23.80473258,0 -52.39049602,-23.80476261,0 -52.39037701,-23.80481384,0</coordinates></LineString>
    </Placemark>
    <Placemark>
      <name>terra boa</name>
      <Style><LineStyle><color>ff000000</color><width>3</width></LineStyle></Style>
      <ExtendedData>
        <Data name="camada"><value>LP2</value></Data>
        <Data name="classificacao"><value>LP2 - LP2</value></Data>
      </ExtendedData>
      <LineString><tessellate>1</tessellate><coordinates>-52.39571655,-23.80135071,0 -52.39523717,-23.80156910,0 -52.39488832,-23.80173475,0 -52.39454293,-23.80190643,0 -52.39420142,-23.80208454,0 -52.39386384,-23.80226891,0 -52.39352941,-23.80245808,0 -52.39319836,-23.80265222,0 -52.39270649,-23.80295011,0 -52.39258856,-23.80301775,0 -52.39236708,-23.80313135,0 -52.39219980,-23.80322581,0 -52.39203638,-23.80332583,0 -52.39187659,-23.80343071,0 -52.39172156,-23.80354145,0 -52.39157244,-23.80365885,0 -52.39142880,-23.80378191,0 -52.39129173,-23.80391116,0 -52.39116017,-23.80404518,0 -52.39091133,-23.80432455,0 -52.39075429,-23.80451129,0 -52.39064812,-23.80458940,0 -52.39049021,-23.80469661,0 -52.39038757,-23.80474087,0</coordinates></LineString>
    </Placemark>
    <Placemark>
      <name>terra boa</name>
      <Style><LineStyle><color>ff000000</color><width>3</width></LineStyle></Style>
      <ExtendedData>
        <Data name="camada"><value>LP2</value></Data>
        <Data name="classificacao"><value>LP2 - LP2</value></Data>
      </ExtendedData>
      <LineString><tessellate>1</tessellate><coordinates>-52.39562444,-23.80132450,0 -52.39517478,-23.80152977,0 -52.39482623,-23.80169594,0 -52.39448116,-23.80186816,0 -52.39413997,-23.80204681,0 -52.39380275,-23.80223175,0 -52.39346854,-23.80242125,0 -52.39313772,-23.80261571,0 -52.39264576,-23.80291346,0 -52.39253277,-23.80297722,0 -52.39230578,-23.80309385,0 -52.39213909,-23.80318920,0 -52.39197621,-23.80328997,0 -52.39181682,-23.80339537,0 -52.39166273,-23.80350721,0 -52.39151402,-23.80362506,0 -52.39137110,-23.80374882,0 -52.39123434,-23.80387835,0 -52.39110327,-23.80401277,0 -52.39085461,-23.80429226,0 -52.39070588,-23.80446914,0 -52.39058878,-23.80455467,0 -52.39046840,-23.80463671,0 -52.39039827,-23.80466995,0</coordinates></LineString>
    </Placemark>
    <Placemark>
      <name>terra boa</name>
      <Style><LineStyle><color>ff000000</color><width>3</width></LineStyle></Style>
      <ExtendedData>
        <Data name="camada"><value>LP3</value></Data>
        <Data name="classificacao"><value>LP3 - LP3</value></Data>
      </ExtendedData>
      <LineString><tessellate>1</tessellate><coordinates>-52.39485689,-23.79976984,0 -52.39430432,-23.80002220,0 -52.39395596,-23.80018872,0 -52.39343950,-23.80044896,0 -52.39309974,-23.80062989,0 -52.39276322,-23.80081589,0 -52.39242955,-23.80100618,0 -52.39209924,-23.80120138,0 -52.39177204,-23.80140097,0 -52.39160609,-23.80149732,0 -52.39143478,-23.80158546,0 -52.39126614,-23.80167786,0 -52.39110059,-23.80177488,0 -52.39093769,-23.80187564,0 -52.39080123,-23.80196488,0</coordinates></LineString>
    </Placemark>
    <Placemark>
      <name>terra boa</name>
      <Style><LineStyle><color>ff000000</color><width>3</width></LineStyle></Style>
      <ExtendedData>
        <Data name="camada"><value>LP3</value></Data>
        <Data name="classificacao"><value>LP3 - LP3</value></Data>
      </ExtendedData>
      <LineString><tessellate>1</tessellate><coordinates>-52.39483502,-23.79971181,0 -52.39424201,-23.79998301,0 -52.39389387,-23.80014992,0 -52.39354901,-23.80032250,0 -52.39320768,-23.80050092,0 -52.39286997,-23.80068507,0 -52.39253503,-23.80087347,0 -52.39220328,-23.80106659,0 -52.39159296,-23.80143442,0 -52.39137333,-23.80154773,0 -52.39120520,-23.80164093,0 -52.39104007,-23.80173856,0 -52.39081283,-23.80188244,0</coordinates></LineString>
    </Placemark>
    <Placemark>
      <name>terra boa</name>
      <Style><LineStyle><color>ff000000</color><width>3</width></LineStyle></Style>
      <ExtendedData>
        <Data name="camada"><value>LP3</value></Data>
        <Data name="classificacao"><value>LP3 - LP3</value></Data>
      </ExtendedData>
      <LineString><tessellate>1</tessellate><coordinates>-52.39481413,-23.79965334,0 -52.39435482,-23.79986226,0 -52.39400544,-23.80002695,0 -52.39348723,-23.80028423,0 -52.39314623,-23.80046319,0 -52.39280878,-23.80064776,0 -52.39247414,-23.80083660,0 -52.39214265,-23.80103009,0 -52.39155939,-23.80138184,0 -52.39131188,-23.80151001,0 -52.39114440,-23.80160419,0 -52.39097956,-23.80170223,0 -52.39082445,-23.80179985,0</coordinates></LineString>
    </Placemark>
    <Placemark>
      <name>terra boa</name>
      <Style><LineStyle><color>ff000000</color><width>3</width></LineStyle></Style>
      <ExtendedData>
        <Data name="camada"><value>LP3</value></Data>
        <Data name="classificacao"><value>LP3 - LP3</value></Data>
      </ExtendedData>
      <LineString><tessellate>1</tessellate><coordinates>-52.39479323,-23.79959486,0 -52.39429244,-23.79982294,0 -52.39394335,-23.79998815,0 -52.39342560,-23.80024621,0 -52.39308483,-23.80042553,0 -52.39274767,-23.80061055,0 -52.39241327,-23.80079976,0 -52.39208201,-23.80099359,0 -52.39152583,-23.80132926,0 -52.39125069,-23.80147268,0 -52.39108360,-23.80156744,0 -52.39083585,-23.80171881,0</coordinates></LineString>
    </Placemark>
    <Placemark>
      <name>terra boa</name>
      <Style><LineStyle><color>ff000000</color><width>3</width></LineStyle></Style>
      <ExtendedData>
        <Data name="camada"><value>LP3</value></Data>
        <Data name="classificacao"><value>LP3 - LP3</value></Data>
      </ExtendedData>
      <LineString><tessellate>1</tessellate><coordinates>-52.39477234,-23.79953638,0 -52.39423005,-23.79978361,0 -52.39388126,-23.79994935,0 -52.39336399,-23.80020821,0 -52.39302355,-23.80038807,0 -52.39268659,-23.80057340,0 -52.39235241,-23.80076292,0 -52.39202138,-23.80095708,0 -52.39149227,-23.80127668,0 -52.39135893,-23.80134419,0 -52.39118958,-23.80143548,0 -52.39102280,-23.80153070,0 -52.39084731,-23.80163732,0</coordinates></LineString>
    </Placemark>
    <Placemark>
      <name>terra boa</name>
      <Style><LineStyle><color>ff000000</color><width>3</width></LineStyle></Style>
      <ExtendedData>
        <Data name="camada"><value>LP3</value></Data>
        <Data name="classificacao"><value>LP3 - LP3</value></Data>
      </ExtendedData>
      <LineString><tessellate>1</tessellate><coordinates>-52.39475145,-23.79947792,0 -52.39416767,-23.79974428,0 -52.39381917,-23.79991055,0 -52.39347379,-23.80008224,0 -52.39313185,-23.80025965,0 -52.39279357,-23.80044292,0 -52.39245816,-23.80063061,0 -52.39196075,-23.80092058,0 -52.39146876,-23.80121829,0 -52.39129748,-23.80130646,0 -52.39112846,-23.80139827,0 -52.39096200,-23.80149396,0 -52.39085640,-23.80155860,0</coordinates></LineString>
    </Placemark>
    <Placemark>
      <name>terra boa</name>
      <Style><LineStyle><color>ff000000</color><width>3</width></LineStyle></Style>
      <ExtendedData>
        <Data name="camada"><value>LP3</value></Data>
        <Data name="classificacao"><value>LP3 - LP3</value></Data>
      </ExtendedData>
      <LineString><tessellate>1</tessellate><coordinates>-52.39473056,-23.79941944,0 -52.39428056,-23.79962367,0 -52.39393081,-23.79978769,0 -52.39341201,-23.80004397,0 -52.39307040,-23.80022192,0 -52.39273239,-23.80040561,0 -52.39239718,-23.80059361,0 -52.39206497,-23.80078605,0 -52.39157296,-23.80108372,0 -52.39140730,-23.80118052,0 -52.39123604,-23.80126873,0 -52.39106735,-23.80136107,0 -52.39086651,-23.80147915,0</coordinates></LineString>
    </Placemark>
    <Placemark>
      <name>terra boa</name>
      <Style><LineStyle><color>ff000000</color><width>3</width></LineStyle></Style>
      <ExtendedData>
        <Data name="camada"><value>LP3</value></Data>
        <Data name="classificacao"><value>LP3 - LP3</value></Data>
      </ExtendedData>
      <LineString><tessellate>1</tessellate><coordinates>-52.39470967,-23.79936096,0 -52.39421818,-23.79958434,0 -52.39386865,-23.79974878,0 -52.39335023,-23.80000570,0 -52.39300895,-23.80018419,0 -52.39250336,-23.80046192,0 -52.39216981,-23.80065240,0 -52.39183963,-23.80084779,0 -52.39139158,-23.80111893,0 -52.39117459,-23.80123100,0 -52.39100630,-23.80132394,0 -52.39087567,-23.80140086,0</coordinates></LineString>
    </Placemark>
    <Placemark>
      <name>terra boa</name>
      <Style><LineStyle><color>ff000000</color><width>3</width></LineStyle></Style>
      <ExtendedData>
        <Data name="camada"><value>LP3</value></Data>
        <Data name="classificacao"><value>LP3 - LP3</value></Data>
      </ExtendedData>
      <LineString><tessellate>1</tessellate><coordinates>-52.39468877,-23.79930248,0 -52.39415579,-23.79954501,0 -52.39380656,-23.79970998,0 -52.39328848,-23.79996747,0 -52.39294750,-23.80014646,0 -52.39244228,-23.80042476,0 -52.39210905,-23.80061571,0 -52.39177912,-23.80081146,0 -52.39135802,-23.80106634,0 -52.39111314,-23.80119327,0 -52.39089041,-23.80131984,0</coordinates></LineString>
    </Placemark>
    <Placemark>
      <name>terra boa</name>
      <Style><LineStyle><color>ff000000</color><width>3</width></LineStyle></Style>
      <ExtendedData>
        <Data name="camada"><value>LP3</value></Data>
        <Data name="classificacao"><value>LP3 - LP3</value></Data>
      </ExtendedData>
      <LineString><tessellate>1</tessellate><coordinates>-52.39466789,-23.79924402,0 -52.39409338,-23.79950570,0 -52.39374445,-23.79967119,0 -52.39339855,-23.79984200,0 -52.39305599,-23.80001840,0 -52.39271714,-23.80020078,0 -52.39238126,-23.80038775,0 -52.39188299,-23.80067647,0 -52.39132446,-23.80101376,0 -52.39105188,-23.80115589,0 -52.39090197,-23.80124069,0</coordinates></LineString>
    </Placemark>
    <Placemark>
      <name>terra boa</name>
      <Style><LineStyle><color>ff000000</color><width>3</width></LineStyle></Style>
      <ExtendedData>
        <Data name="camada"><value>LP3</value></Data>
        <Data name="classificacao"><value>LP3 - LP3</value></Data>
      </ExtendedData>
      <LineString><tessellate>1</tessellate><coordinates>-52.39464700,-23.79918555,0 -52.39403091,-23.79946641,0 -52.39368227,-23.79963243,0 -52.39333669,-23.79980377,0 -52.39299445,-23.79998071,0 -52.39265588,-23.80016352,0 -52.39232020,-23.80035080,0 -52.39182227,-23.80064002,0 -52.39129090,-23.80096118,0 -52.39116009,-23.80102752,0 -52.39091140,-23.80116389,0</coordinates></LineString>
    </Placemark>
    <Placemark>
      <name>terra boa</name>
      <Style><LineStyle><color>ff000000</color><width>3</width></LineStyle></Style>
      <ExtendedData>
        <Data name="camada"><value>LP3</value></Data>
        <Data name="classificacao"><value>LP3 - LP3</value></Data>
      </ExtendedData>
      <LineString><tessellate>1</tessellate><coordinates>-52.39462553,-23.79912733,0 -52.39414365,-23.79934587,0 -52.39379383,-23.79950978,0 -52.39327476,-23.79976558,0 -52.39293286,-23.79994306,0 -52.39259455,-23.80012629,0 -52.39209242,-23.80040929,0 -52.39176150,-23.80060360,0 -52.39126963,-23.80090148,0 -52.39109849,-23.80098986,0 -52.39092150,-23.80108616,0</coordinates></LineString>
    </Placemark>
    <Placemark>
      <name>terra boa</name>
      <Style><LineStyle><color>ff000000</color><width>3</width></LineStyle></Style>
      <ExtendedData>
        <Data name="camada"><value>LP3</value></Data>
        <Data name="classificacao"><value>LP3 - LP3</value></Data>
      </ExtendedData>
      <LineString><tessellate>1</tessellate><coordinates>-52.39460448,-23.79906891,0 -52.39408111,-23.79930661,0 -52.39373146,-23.79947081,0 -52.39321283,-23.79972738,0 -52.39287126,-23.79990541,0 -52.39253323,-23.80008905,0 -52.39219797,-23.80027696,0 -52.39186565,-23.80046925,0 -52.39120811,-23.80086392,0 -52.39093293,-23.80100907,0</coordinates></LineString>
    </Placemark>
    <Placemark>
      <name>terra boa</name>
      <Style><LineStyle><color>ff000000</color><width>3</width></LineStyle></Style>
      <ExtendedData>
        <Data name="camada"><value>LP3</value></Data>
        <Data name="classificacao"><value>LP3 - LP3</value></Data>
      </ExtendedData>
      <LineString><tessellate>1</tessellate><coordinates>-52.39458381,-23.79901036,0 -52.39401858,-23.79926735,0 -52.39366921,-23.79943208,0 -52.39332282,-23.79960204,0 -52.39297984,-23.79977775,0 -52.39264042,-23.79995923,0 -52.39213685,-23.80024005,0 -52.39180475,-23.80043266,0 -52.39119021,-23.80080343,0 -52.39094487,-23.80093134,0</coordinates></LineString>
    </Placemark>
    <Placemark>
      <name>terra boa</name>
      <Style><LineStyle><color>ff000000</color><width>3</width></LineStyle></Style>
      <ExtendedData>
        <Data name="camada"><value>LP3</value></Data>
        <Data name="classificacao"><value>LP3 - LP3</value></Data>
      </ExtendedData>
      <LineString><tessellate>1</tessellate><coordinates>-52.39456313,-23.79895180,0 -52.39395604,-23.79922810,0 -52.39360697,-23.79939335,0 -52.39326088,-23.79956382,0 -52.39291808,-23.79973983,0 -52.39257900,-23.79992185,0 -52.39207573,-23.80020313,0 -52.39174397,-23.80039623,0 -52.39115665,-23.80075085,0 -52.39095669,-23.80085435,0</coordinates></LineString>
    </Placemark>
    <Placemark>
      <name>terra boa</name>
      <Style><LineStyle><color>ff000000</color><width>3</width></LineStyle></Style>
      <ExtendedData>
        <Data name="camada"><value>LP3</value></Data>
        <Data name="classificacao"><value>LP3 - LP3</value></Data>
      </ExtendedData>
      <LineString><tessellate>1</tessellate><coordinates>-52.39454245,-23.79889323,0 -52.39406892,-23.79910782,0 -52.39371876,-23.79927110,0 -52.39319895,-23.79952562,0 -52.39285643,-23.79970211,0 -52.39251757,-23.79988446,0 -52.39201471,-23.80016636,0 -52.39168319,-23.80035981,0 -52.39112309,-23.80069826,0 -52.39096845,-23.80077778,0</coordinates></LineString>
    </Placemark>
    <Placemark>
      <name>terra boa</name>
      <Style><LineStyle><color>ff000000</color><width>3</width></LineStyle></Style>
      <ExtendedData>
        <Data name="camada"><value>LP3</value></Data>
        <Data name="classificacao"><value>LP3 - LP3</value></Data>
      </ExtendedData>
      <LineString><tessellate>1</tessellate><coordinates>-52.39452177,-23.79883465,0 -52.39400624,-23.79906830,0 -52.39365637,-23.79923210,0 -52.39313702,-23.79948743,0 -52.39279484,-23.79966445,0 -52.39245624,-23.79984723,0 -52.39195370,-23.80012961,0 -52.39162241,-23.80032340,0 -52.39108953,-23.80064568,0 -52.39098021,-23.80070122,0</coordinates></LineString>
    </Placemark>
    <Placemark>
      <name>terra boa</name>
      <Style><LineStyle><color>ff000000</color><width>3</width></LineStyle></Style>
      <ExtendedData>
        <Data name="camada"><value>LP3</value></Data>
        <Data name="classificacao"><value>LP3 - LP3</value></Data>
      </ExtendedData>
      <LineString><tessellate>1</tessellate><coordinates>-52.39450109,-23.79877609,0 -52.39394370,-23.79902904,0 -52.39359397,-23.79919311,0 -52.39307509,-23.79944924,0 -52.39273324,-23.79962680,0 -52.39239491,-23.79981000,0 -52.39189269,-23.80009285,0 -52.39156164,-23.80028698,0 -52.39106982,-23.80058492,0 -52.39099118,-23.80062571,0</coordinates></LineString>
    </Placemark>
    <Placemark>
      <name>terra boa</name>
      <Style><LineStyle><color>ff000000</color><width>3</width></LineStyle></Style>
      <ExtendedData>
        <Data name="camada"><value>LP3</value></Data>
        <Data name="classificacao"><value>LP3 - LP3</value></Data>
      </ExtendedData>
      <LineString><tessellate>1</tessellate><coordinates>-52.39448042,-23.79871753,0 -52.39388115,-23.79898979,0 -52.39353166,-23.79915428,0 -52.39301315,-23.79941105,0 -52.39267163,-23.79958916,0 -52.39233357,-23.79977277,0 -52.39183166,-23.80005611,0 -52.39150085,-23.80025057,0 -52.39117345,-23.80044987,0 -52.39100161,-23.80055109,0</coordinates></LineString>
    </Placemark>
    <Placemark>
      <name>terra boa</name>
      <Style><LineStyle><color>ff000000</color><width>3</width></LineStyle></Style>
      <ExtendedData>
        <Data name="camada"><value>LP3</value></Data>
        <Data name="classificacao"><value>LP3 - LP3</value></Data>
      </ExtendedData>
      <LineString><tessellate>1</tessellate><coordinates>-52.39445974,-23.79865896,0 -52.39381859,-23.79895054,0 -52.39346940,-23.79911556,0 -52.39312310,-23.79928569,0 -52.39278017,-23.79946149,0 -52.39244076,-23.79964298,0 -52.39193712,-23.79992369,0 -52.39144005,-23.80021416,0 -52.39101272,-23.80047358,0</coordinates></LineString>
    </Placemark>
    <Placemark>
      <name>terra boa</name>
      <Style><LineStyle><color>ff000000</color><width>3</width></LineStyle></Style>
      <ExtendedData>
        <Data name="camada"><value>LP3</value></Data>
        <Data name="classificacao"><value>LP3 - LP3</value></Data>
      </ExtendedData>
      <LineString><tessellate>1</tessellate><coordinates>-52.39443906,-23.79860039,0 -52.39393150,-23.79883036,0 -52.39358124,-23.79899345,0 -52.39306116,-23.79924750,0 -52.39271839,-23.79942357,0 -52.39237932,-23.79960560,0 -52.39187598,-23.79988678,0 -52.39154406,-23.80007964,0 -52.39102410,-23.80039424,0</coordinates></LineString>
    </Placemark>
    <Placemark>
      <name>terra boa</name>
      <Style><LineStyle><color>ff000000</color><width>3</width></LineStyle></Style>
      <ExtendedData>
        <Data name="camada"><value>LP3</value></Data>
        <Data name="classificacao"><value>LP3 - LP3</value></Data>
      </ExtendedData>
      <LineString><tessellate>1</tessellate><coordinates>-52.39441838,-23.79854183,0 -52.39386881,-23.79879084,0 -52.39351883,-23.79895446,0 -52.39299921,-23.79920932,0 -52.39265675,-23.79938588,0 -52.39231788,-23.79956823,0 -52.39181491,-23.79984996,0 -52.39148326,-23.80004323,0 -52.39103557,-23.80031426,0</coordinates></LineString>
    </Placemark>
    <Placemark>
      <name>terra boa</name>
      <Style><LineStyle><color>ff000000</color><width>3</width></LineStyle></Style>
      <ExtendedData>
        <Data name="camada"><value>LP3</value></Data>
        <Data name="classificacao"><value>LP3 - LP3</value></Data>
      </ExtendedData>
      <LineString><tessellate>1</tessellate><coordinates>-52.39439771,-23.79848327,0 -52.39380621,-23.79875151,0 -52.39345642,-23.79891548,0 -52.39310956,-23.79908462,0 -52.39276578,-23.79925900,0 -52.39242536,-23.79943888,0 -52.39192074,-23.79971810,0 -52.39142247,-23.80000682,0 -52.39104706,-23.80023414,0</coordinates></LineString>
    </Placemark>
    <Placemark>
      <name>terra boa</name>
      <Style><LineStyle><color>ff000000</color><width>3</width></LineStyle></Style>
      <ExtendedData>
        <Data name="camada"><value>LP3</value></Data>
        <Data name="classificacao"><value>LP3 - LP3</value></Data>
      </ExtendedData>
      <LineString><tessellate>1</tessellate><coordinates>-52.39437703,-23.79842470,0 -52.39374365,-23.79871227,0 -52.39339403,-23.79887652,0 -52.39304745,-23.79904616,0 -52.39270400,-23.79922109,0 -52.39236392,-23.79940151,0 -52.39185960,-23.79968119,0 -52.39152686,-23.79987286,0 -52.39105795,-23.80015455,0</coordinates></LineString>
    </Placemark>
    <Placemark>
      <name>terra boa</name>
      <Style><LineStyle><color>ff000000</color><width>3</width></LineStyle></Style>
      <ExtendedData>
        <Data name="camada"><value>LP3</value></Data>
        <Data name="classificacao"><value>LP3 - LP3</value></Data>
      </ExtendedData>
      <LineString><tessellate>1</tessellate><coordinates>-52.39435742,-23.79836564,0 -52.39368109,-23.79867302,0 -52.39333177,-23.79883780,0 -52.39298535,-23.79900771,0 -52.39264222,-23.79918317,0 -52.39230248,-23.79936414,0 -52.39179846,-23.79964429,0 -52.39146595,-23.79983628,0 -52.39106882,-23.80007459,0</coordinates></LineString>
    </Placemark>
    <Placemark>
      <name>terra boa</name>
      <Style><LineStyle><color>ff000000</color><width>3</width></LineStyle></Style>
      <ExtendedData>
        <Data name="camada"><value>LP3</value></Data>
        <Data name="classificacao"><value>LP3 - LP3</value></Data>
      </ExtendedData>
      <LineString><tessellate>1</tessellate><coordinates>-52.39433852,-23.79830628,0 -52.39379405,-23.79855291,0 -52.39344368,-23.79871582,0 -52.39309605,-23.79888360,0 -52.39275143,-23.79905659,0 -52.39241029,-23.79923531,0 -52.39190457,-23.79951284,0 -52.39140504,-23.79979971,0 -52.39107970,-23.79999450,0</coordinates></LineString>
    </Placemark>
    <Placemark>
      <name>terra boa</name>
      <Style><LineStyle><color>ff000000</color><width>3</width></LineStyle></Style>
      <ExtendedData>
        <Data name="camada"><value>LP3</value></Data>
        <Data name="classificacao"><value>LP3 - LP3</value></Data>
      </ExtendedData>
      <LineString><tessellate>1</tessellate><coordinates>-52.39431963,-23.79824693,0 -52.39373135,-23.79851340,0 -52.39338127,-23.79867683,0 -52.39303394,-23.79884515,0 -52.39268960,-23.79901860,0 -52.39234868,-23.79919766,0 -52.39184333,-23.79947577,0 -52.39150977,-23.79966624,0 -52.39109418,-23.79991282,0</coordinates></LineString>
    </Placemark>
    <Placemark>
      <name>terra boa</name>
      <Style><LineStyle><color>ff000000</color><width>3</width></LineStyle></Style>
      <ExtendedData>
        <Data name="camada"><value>LP3</value></Data>
        <Data name="classificacao"><value>LP3 - LP3</value></Data>
      </ExtendedData>
      <LineString><tessellate>1</tessellate><coordinates>-52.39430049,-23.79818767,0 -52.39366870,-23.79847399,0 -52.39331886,-23.79863785,0 -52.39297184,-23.79880670,0 -52.39262782,-23.79898069,0 -52.39228708,-23.79916005,0 -52.39178208,-23.79943871,0 -52.39144879,-23.79962956,0 -52.39110253,-23.79983477,0</coordinates></LineString>
    </Placemark>
    <Placemark>
      <name>terra boa</name>
      <Style><LineStyle><color>ff000000</color><width>3</width></LineStyle></Style>
      <ExtendedData>
        <Data name="camada"><value>LP3</value></Data>
        <Data name="classificacao"><value>LP3 - LP3</value></Data>
      </ExtendedData>
      <LineString><tessellate>1</tessellate><coordinates>-52.39428047,-23.79812880,0 -52.39360615,-23.79843474,0 -52.39325645,-23.79859886,0 -52.39290973,-23.79876825,0 -52.39256604,-23.79894277,0 -52.39222563,-23.79912267,0 -52.39188853,-23.79930777,0 -52.39155404,-23.79949684,0 -52.39111412,-23.79975514,0</coordinates></LineString>
    </Placemark>
    <Placemark>
      <name>terra boa</name>
      <Style><LineStyle><color>ff000000</color><width>3</width></LineStyle></Style>
      <ExtendedData>
        <Data name="camada"><value>LP3</value></Data>
        <Data name="classificacao"><value>LP3 - LP3</value></Data>
      </ExtendedData>
      <LineString><tessellate>1</tessellate><coordinates>-52.39426045,-23.79806993,0 -52.39371929,-23.79831498,0 -52.39336853,-23.79847717,0 -52.39302047,-23.79864421,0 -52.39267555,-23.79881667,0 -52.39233379,-23.79899439,0 -52.39199543,-23.79917753,0 -52.39149302,-23.79946010,0 -52.39112580,-23.79967541,0</coordinates></LineString>
    </Placemark>
    <Placemark>
      <name>terra boa</name>
      <Style><LineStyle><color>ff000000</color><width>3</width></LineStyle></Style>
      <ExtendedData>
        <Data name="camada"><value>LP3</value></Data>
        <Data name="classificacao"><value>LP3 - LP3</value></Data>
      </ExtendedData>
      <LineString><tessellate>1</tessellate><coordinates>-52.39424044,-23.79801109,0 -52.39365642,-23.79827554,0 -52.39330595,-23.79843826,0 -52.39295816,-23.79860577,0 -52.39261343,-23.79877857,0 -52.39227201,-23.79895684,0 -52.39193392,-23.79914040,0 -52.39159851,-23.79932806,0 -52.39113745,-23.79959585,0</coordinates></LineString>
    </Placemark>
    <Placemark>
      <name>terra boa</name>
      <Style><LineStyle><color>ff000000</color><width>3</width></LineStyle></Style>
      <ExtendedData>
        <Data name="camada"><value>LP3</value></Data>
        <Data name="classificacao"><value>LP3 - LP3</value></Data>
      </ExtendedData>
      <LineString><tessellate>1</tessellate><coordinates>-52.39421916,-23.79795280,0 -52.39359371,-23.79823604,0 -52.39324353,-23.79839929,0 -52.39289604,-23.79856733,0 -52.39255147,-23.79874040,0 -52.39221038,-23.79891920,0 -52.39187256,-23.79910318,0 -52.39153735,-23.79929117,0 -52.39114908,-23.79951647,0</coordinates></LineString>
    </Placemark>
    <Placemark>
      <name>terra boa</name>
      <Style><LineStyle><color>ff000000</color><width>3</width></LineStyle></Style>
      <ExtendedData>
        <Data name="camada"><value>LP3</value></Data>
        <Data name="classificacao"><value>LP3 - LP3</value></Data>
      </ExtendedData>
      <LineString><tessellate>1</tessellate><coordinates>-52.39419784,-23.79789452,0 -52.39335572,-23.79827784,0 -52.39300715,-23.79844398,0 -52.39266141,-23.79861504,0 -52.39231871,-23.79879123,0 -52.39197967,-23.79897329,0 -52.39147620,-23.79925427,0 -52.39116071,-23.79943704,0</coordinates></LineString>
    </Placemark>
    <Placemark>
      <name>terra boa</name>
      <Style><LineStyle><color>ff000000</color><width>3</width></LineStyle></Style>
      <ExtendedData>
        <Data name="camada"><value>LP3</value></Data>
        <Data name="classificacao"><value>LP3 - LP3</value></Data>
      </ExtendedData>
      <LineString><tessellate>1</tessellate><coordinates>-52.39417653,-23.79783624,0 -52.39329316,-23.79823863,0 -52.39294488,-23.79840527,0 -52.39259944,-23.79857686,0 -52.39225708,-23.79875359,0 -52.39191821,-23.79893592,0 -52.39158211,-23.79912256,0 -52.39117229,-23.79935800,0</coordinates></LineString>
    </Placemark>
    <Placemark>
      <name>terra boa</name>
      <Style><LineStyle><color>ff000000</color><width>3</width></LineStyle></Style>
      <ExtendedData>
        <Data name="camada"><value>LP3</value></Data>
        <Data name="classificacao"><value>LP3 - LP3</value></Data>
      </ExtendedData>
      <LineString><tessellate>1</tessellate><coordinates>-52.39415522,-23.79777798,0 -52.39323073,-23.79819965,0 -52.39288260,-23.79836656,0 -52.39253748,-23.79853869,0 -52.39219545,-23.79871596,0 -52.39185680,-23.79889865,0 -52.39152091,-23.79908561,0 -52.39118387,-23.79927895,0</coordinates></LineString>
    </Placemark>
    <Placemark>
      <name>terra boa</name>
      <Style><LineStyle><color>ff000000</color><width>3</width></LineStyle></Style>
      <ExtendedData>
        <Data name="camada"><value>LP3</value></Data>
        <Data name="classificacao"><value>LP3 - LP3</value></Data>
      </ExtendedData>
      <LineString><tessellate>1</tessellate><coordinates>-52.39413391,-23.79771971,0 -52.39334327,-23.79807884,0 -52.39299398,-23.79824369,0 -52.39264754,-23.79841356,0 -52.39230426,-23.79858876,0 -52.39196421,-23.79876923,0 -52.39162727,-23.79895458,0 -52.39119501,-23.79920059,0</coordinates></LineString>
    </Placemark>
    <Placemark>
      <name>terra boa</name>
      <Style><LineStyle><color>ff000000</color><width>3</width></LineStyle></Style>
      <ExtendedData>
        <Data name="camada"><value>LP3</value></Data>
        <Data name="classificacao"><value>LP3 - LP3</value></Data>
      </ExtendedData>
      <LineString><tessellate>1</tessellate><coordinates>-52.39411279,-23.79766134,0 -52.39328070,-23.79803960,0 -52.39293170,-23.79820498,0 -52.39258545,-23.79837516,0 -52.39224246,-23.79855086,0 -52.39190275,-23.79873186,0 -52.39156601,-23.79891753,0 -52.39120502,-23.79912273,0</coordinates></LineString>
    </Placemark>
    <Placemark>
      <name>terra boa</name>
      <Style><LineStyle><color>ff000000</color><width>3</width></LineStyle></Style>
      <ExtendedData>
        <Data name="camada"><value>LP3</value></Data>
        <Data name="classificacao"><value>LP3 - LP3</value></Data>
      </ExtendedData>
      <LineString><tessellate>1</tessellate><coordinates>-52.39409175,-23.79760293,0 -52.39321812,-23.79800036,0 -52.39286943,-23.79816627,0 -52.39252348,-23.79833699,0 -52.39218066,-23.79851296,0 -52.39184128,-23.79869450,0 -52.39150475,-23.79888047,0 -52.39121501,-23.79904508,0</coordinates></LineString>
    </Placemark>
    <Placemark>
      <name>terra boa</name>
      <Style><LineStyle><color>ff000000</color><width>3</width></LineStyle></Style>
      <ExtendedData>
        <Data name="camada"><value>LP3</value></Data>
        <Data name="classificacao"><value>LP3 - LP3</value></Data>
      </ExtendedData>
      <LineString><tessellate>1</tessellate><coordinates>-52.39407072,-23.79754455,0 -52.39315554,-23.79796112,0 -52.39263397,-23.79821257,0 -52.39228981,-23.79838631,0 -52.39194891,-23.79856542,0 -52.39161134,-23.79874980,0 -52.39122536,-23.79896727,0</coordinates></LineString>
    </Placemark>
    <Placemark>
      <name>terra boa</name>
      <Style><LineStyle><color>ff000000</color><width>3</width></LineStyle></Style>
      <ExtendedData>
        <Data name="camada"><value>LP3</value></Data>
        <Data name="classificacao"><value>LP3 - LP3</value></Data>
      </ExtendedData>
      <LineString><tessellate>1</tessellate><coordinates>-52.39404969,-23.79748616,0 -52.39309307,-23.79792207,0 -52.39257185,-23.79817413,0 -52.39222800,-23.79834841,0 -52.39188729,-23.79852780,0 -52.39154998,-23.79871259,0 -52.39124194,-23.79888592,0</coordinates></LineString>
    </Placemark>
    <Placemark>
      <name>terra boa</name>
      <Style><LineStyle><color>ff000000</color><width>3</width></LineStyle></Style>
      <ExtendedData>
        <Data name="camada"><value>LP3</value></Data>
        <Data name="classificacao"><value>LP3 - LP3</value></Data>
      </ExtendedData>
      <LineString><tessellate>1</tessellate><coordinates>-52.39402865,-23.79742776,0 -52.39320567,-23.79780136,0 -52.39285625,-23.79796598,0 -52.39250972,-23.79813569,0 -52.39216620,-23.79831050,0 -52.39182582,-23.79849044,0 -52.39124969,-23.79880990,0</coordinates></LineString>
    </Placemark>
    <Placemark>
      <name>terra boa</name>
      <Style><LineStyle><color>ff000000</color><width>3</width></LineStyle></Style>
      <ExtendedData>
        <Data name="camada"><value>LP3</value></Data>
        <Data name="classificacao"><value>LP3 - LP3</value></Data>
      </ExtendedData>
      <LineString><tessellate>1</tessellate><coordinates>-52.39400761,-23.79736935,0 -52.39314309,-23.79776212,0 -52.39279397,-23.79792727,0 -52.39244760,-23.79809725,0 -52.39193397,-23.79836219,0 -52.39159558,-23.79854527,0 -52.39125872,-23.79873310,0</coordinates></LineString>
    </Placemark>
    <Placemark>
      <name>terra boa</name>
      <Style><LineStyle><color>ff000000</color><width>3</width></LineStyle></Style>
      <ExtendedData>
        <Data name="camada"><value>LP3</value></Data>
        <Data name="classificacao"><value>LP3 - LP3</value></Data>
      </ExtendedData>
      <LineString><tessellate>1</tessellate><coordinates>-52.39398539,-23.79731150,0 -52.39308050,-23.79772289,0 -52.39255826,-23.79797316,0 -52.39221364,-23.79814613,0 -52.39187232,-23.79832456,0 -52.39153419,-23.79850807,0 -52.39127006,-23.79865540,0</coordinates></LineString>
    </Placemark>
    <Placemark>
      <name>terra boa</name>
      <Style><LineStyle><color>ff000000</color><width>3</width></LineStyle></Style>
      <ExtendedData>
        <Data name="camada"><value>LP3</value></Data>
        <Data name="classificacao"><value>LP3 - LP3</value></Data>
      </ExtendedData>
      <LineString><tessellate>1</tessellate><coordinates>-52.39396277,-23.79725384,0 -52.39301791,-23.79768366,0 -52.39249611,-23.79793472,0 -52.39198076,-23.79819681,0 -52.39164140,-23.79837837,0 -52.39128210,-23.79857711,0</coordinates></LineString>
    </Placemark>
    <Placemark>
      <name>terra boa</name>
      <Style><LineStyle><color>ff000000</color><width>3</width></LineStyle></Style>
      <ExtendedData>
        <Data name="camada"><value>LP3</value></Data>
        <Data name="classificacao"><value>LP3 - LP3</value></Data>
      </ExtendedData>
      <LineString><tessellate>1</tessellate><coordinates>-52.39394014,-23.79719616,0 -52.39295536,-23.79764451,0 -52.39243397,-23.79789629,0 -52.39191898,-23.79815897,0 -52.39157992,-23.79834102,0 -52.39129433,-23.79849894,0</coordinates></LineString>
    </Placemark>
    <Placemark>
      <name>terra boa</name>
      <Style><LineStyle><color>ff000000</color><width>3</width></LineStyle></Style>
      <ExtendedData>
        <Data name="camada"><value>LP3</value></Data>
        <Data name="classificacao"><value>LP3 - LP3</value></Data>
      </ExtendedData>
      <LineString><tessellate>1</tessellate><coordinates>-52.39391860,-23.79713799,0 -52.39306800,-23.79752391,0 -52.39254478,-23.79777247,0 -52.39219958,-23.79794445,0 -52.39185733,-23.79812135,0 -52.39130731,-23.79842034,0</coordinates></LineString>
    </Placemark>
    <Placemark>
      <name>terra boa</name>
      <Style><LineStyle><color>ff000000</color><width>3</width></LineStyle></Style>
      <ExtendedData>
        <Data name="camada"><value>LP3</value></Data>
        <Data name="classificacao"><value>LP3 - LP3</value></Data>
      </ExtendedData>
      <LineString><tessellate>1</tessellate><coordinates>-52.39779053,-23.79600771,0 -52.39760084,-23.79601882,0 -52.39721012,-23.79605316,0 -52.39701529,-23.79607512,0 -52.39662800,-23.79613378,0 -52.39629700,-23.79619596,0 -52.39586411,-23.79629953,0 -52.39530483,-23.79646891,0 -52.39473219,-23.79669344,0 -52.39441441,-23.79684699,0 -52.39318094,-23.79740389,0 -52.39283046,-23.79756658,0 -52.39248249,-23.79773377,0 -52.39213760,-23.79790629,0 -52.39179567,-23.79808373,0 -52.39131874,-23.79834269,0</coordinates></LineString>
    </Placemark>
    <Placemark>
      <name>terra boa</name>
      <Style><LineStyle><color>ff000000</color><width>3</width></LineStyle></Style>
      <ExtendedData>
        <Data name="camada"><value>LP3</value></Data>
        <Data name="classificacao"><value>LP3 - LP3</value></Data>
      </ExtendedData>
      <LineString><tessellate>1</tessellate><coordinates>-52.39765707,-23.79595450,0 -52.39733791,-23.79597869,0 -52.39694837,-23.79602298,0 -52.39666767,-23.79606412,0 -52.39628203,-23.79613656,0 -52.39579882,-23.79625397,0 -52.39527944,-23.79641244,0 -52.39469965,-23.79664031,0 -52.39435184,-23.79680780,0 -52.39294281,-23.79744545,0 -52.39242035,-23.79769534,0 -52.39207562,-23.79786813,0 -52.39173402,-23.79804610,0 -52.39132941,-23.79826580,0</coordinates></LineString>
    </Placemark>
    <Placemark>
      <name>terra boa</name>
      <Style><LineStyle><color>ff000000</color><width>3</width></LineStyle></Style>
      <ExtendedData>
        <Data name="camada"><value>LP3</value></Data>
        <Data name="classificacao"><value>LP3 - LP3</value></Data>
      </ExtendedData>
      <LineString><tessellate>1</tessellate><coordinates>-52.39755216,-23.79590064,0 -52.39727057,-23.79592353,0 -52.39707575,-23.79594548,0 -52.39688148,-23.79597106,0 -52.39668765,-23.79599947,0 -52.39630277,-23.79607045,0 -52.39580744,-23.79618713,0 -52.39525598,-23.79635537,0 -52.39467531,-23.79658322,0 -52.39428908,-23.79676827,0 -52.39340757,-23.79716519,0 -52.39288021,-23.79740622,0 -52.39235820,-23.79765690,0 -52.39201363,-23.79782996,0 -52.39167237,-23.79800848,0 -52.39133945,-23.79818910,0</coordinates></LineString>
    </Placemark>
    <Placemark>
      <name>terra boa</name>
      <Style><LineStyle><color>ff000000</color><width>3</width></LineStyle></Style>
      <ExtendedData>
        <Data name="camada"><value>LP3</value></Data>
        <Data name="classificacao"><value>LP3 - LP3</value></Data>
      </ExtendedData>
      <LineString><tessellate>1</tessellate><coordinates>-52.39743683,-23.79584818,0 -52.39720339,-23.79586969,0 -52.39700856,-23.79589165,0 -52.39681459,-23.79591914,0 -52.39662094,-23.79594848,0 -52.39623651,-23.79602149,0 -52.39578866,-23.79612864,0 -52.39523252,-23.79629831,0 -52.39464687,-23.79652812,0 -52.39422629,-23.79672867,0 -52.39334482,-23.79712569,0 -52.39281761,-23.79736699,0 -52.39246925,-23.79753350,0 -52.39212354,-23.79770462,0 -52.39178079,-23.79788070,0 -52.39135047,-23.79811218,0</coordinates></LineString>
    </Placemark>
    <Placemark>
      <name>terra boa</name>
      <Style><LineStyle><color>ff000000</color><width>3</width></LineStyle></Style>
      <ExtendedData>
        <Data name="camada"><value>LP3</value></Data>
        <Data name="classificacao"><value>LP3 - LP3</value></Data>
      </ExtendedData>
      <LineString><tessellate>1</tessellate><coordinates>-52.39730928,-23.79579790,0 -52.39694153,-23.79583882,0 -52.39663215,-23.79588416,0 -52.39623712,-23.79595836,0 -52.39579075,-23.79606516,0 -52.39523144,-23.79623443,0 -52.39461843,-23.79647301,0 -52.39433891,-23.79660808,0 -52.39416347,-23.79668905,0 -52.39293029,-23.79724648,0 -52.39258066,-23.79741072,0 -52.39206156,-23.79766646,0 -52.39171902,-23.79784290,0 -52.39136151,-23.79803507,0</coordinates></LineString>
    </Placemark>
    <Placemark>
      <name>terra boa</name>
      <Style><LineStyle><color>ff000000</color><width>3</width></LineStyle></Style>
      <ExtendedData>
        <Data name="camada"><value>LP3</value></Data>
        <Data name="classificacao"><value>LP3 - LP3</value></Data>
      </ExtendedData>
      <LineString><tessellate>1</tessellate><coordinates>-52.39716715,-23.79575098,0 -52.39687464,-23.79578690,0 -52.39668081,-23.79581531,0 -52.39622215,-23.79589896,0 -52.39572543,-23.79601950,0 -52.39516711,-23.79619145,0 -52.39459000,-23.79641791,0 -52.39427658,-23.79656935,0 -52.39286769,-23.79720725,0 -52.39251831,-23.79737194,0 -52.39217176,-23.79754161,0 -52.39182809,-23.79771617,0 -52.39137253,-23.79795815,0</coordinates></LineString>
    </Placemark>
    <Placemark>
      <name>terra boa</name>
      <Style><LineStyle><color>ff000000</color><width>3</width></LineStyle></Style>
      <ExtendedData>
        <Data name="camada"><value>LP3</value></Data>
        <Data name="classificacao"><value>LP3 - LP3</value></Data>
      </ExtendedData>
      <LineString><tessellate>1</tessellate><coordinates>-52.39706027,-23.79570159,0 -52.39661390,-23.79576339,0 -52.39622923,-23.79583542,0 -52.39573232,-23.79595317,0 -52.39516215,-23.79612713,0 -52.39456181,-23.79636270,0 -52.39421414,-23.79653042,0 -52.39280508,-23.79716803,0 -52.39245600,-23.79733325,0 -52.39210960,-23.79750319,0 -52.39176626,-23.79767829,0 -52.39138353,-23.79788135,0</coordinates></LineString>
    </Placemark>
    <Placemark>
      <name>terra boa</name>
      <Style><LineStyle><color>ff000000</color><width>3</width></LineStyle></Style>
      <ExtendedData>
        <Data name="camada"><value>LP3</value></Data>
        <Data name="classificacao"><value>LP3 - LP3</value></Data>
      </ExtendedData>
      <LineString><tessellate>1</tessellate><coordinates>-52.39695643,-23.79565217,0 -52.39654738,-23.79571345,0 -52.39616311,-23.79578712,0 -52.39571354,-23.79589469,0 -52.39513869,-23.79607007,0 -52.39453312,-23.79630769,0 -52.39415135,-23.79649089,0 -52.39291776,-23.79704757,0 -52.39239368,-23.79729456,0 -52.39204746,-23.79746480,0 -52.39170441,-23.79764041,0 -52.39139449,-23.79780480,0</coordinates></LineString>
    </Placemark>
    <Placemark>
      <name>terra boa</name>
      <Style><LineStyle><color>ff000000</color><width>3</width></LineStyle></Style>
      <ExtendedData>
        <Data name="camada"><value>LP3</value></Data>
        <Data name="classificacao"><value>LP3 - LP3</value></Data>
      </ExtendedData>
      <LineString><tessellate>1</tessellate><coordinates>-52.39684511,-23.79560606,0 -52.39658479,-23.79564421,0 -52.39617724,-23.79572076,0 -52.39571734,-23.79583080,0 -52.39511524,-23.79601301,0 -52.39450468,-23.79625259,0 -52.39408854,-23.79645132,0 -52.39285512,-23.79700831,0 -52.39250529,-23.79717218,0 -52.39215807,-23.79734069,0 -52.39181355,-23.79751383,0 -52.39140543,-23.79772843,0</coordinates></LineString>
    </Placemark>
    <Placemark>
      <name>terra boa</name>
      <Style><LineStyle><color>ff000000</color><width>3</width></LineStyle></Style>
      <ExtendedData>
        <Data name="camada"><value>LP3</value></Data>
        <Data name="classificacao"><value>LP3 - LP3</value></Data>
      </ExtendedData>
      <LineString><tessellate>1</tessellate><coordinates>-52.39673130,-23.79556101,0 -52.39660699,-23.79557923,0 -52.39616227,-23.79566136,0 -52.39565195,-23.79578504,0 -52.39509304,-23.79595556,0 -52.39447624,-23.79619748,0 -52.39420100,-23.79633048,0 -52.39402573,-23.79641175,0 -52.39296827,-23.79688872,0 -52.39244281,-23.79713322,0 -52.39192344,-23.79738850,0 -52.39141641,-23.79765178,0</coordinates></LineString>
    </Placemark>
    <Placemark>
      <name>terra boa</name>
      <Style><LineStyle><color>ff000000</color><width>3</width></LineStyle></Style>
      <ExtendedData>
        <Data name="camada"><value>LP3</value></Data>
        <Data name="classificacao"><value>LP3 - LP3</value></Data>
      </ExtendedData>
      <LineString><tessellate>1</tessellate><coordinates>-52.39662237,-23.79551575,0 -52.39654024,-23.79552816,0 -52.39615561,-23.79560040,0 -52.39565721,-23.79571922,0 -52.39506832,-23.79589889,0 -52.39444780,-23.79614237,0 -52.39413865,-23.79629176,0 -52.39290551,-23.79684924,0 -52.39238037,-23.79709433,0 -52.39186143,-23.79735035,0 -52.39142732,-23.79757558,0</coordinates></LineString>
    </Placemark>
    <Placemark>
      <name>terra boa</name>
      <Style><LineStyle><color>ff000000</color><width>3</width></LineStyle></Style>
      <ExtendedData>
        <Data name="camada"><value>LP3</value></Data>
        <Data name="classificacao"><value>LP3 - LP3</value></Data>
      </ExtendedData>
      <LineString><tessellate>1</tessellate><coordinates>-52.39651497,-23.79547069,0 -52.39608966,-23.79555277,0 -52.39563843,-23.79566073,0 -52.39504487,-23.79584183,0 -52.39442403,-23.79608544,0 -52.39407631,-23.79625304,0 -52.39284275,-23.79680975,0 -52.39249236,-23.79697261,0 -52.39197157,-23.79722543,0 -52.39143734,-23.79749986,0</coordinates></LineString>
    </Placemark>
    <Placemark>
      <name>terra boa</name>
      <Style><LineStyle><color>ff000000</color><width>3</width></LineStyle></Style>
      <ExtendedData>
        <Data name="camada"><value>LP3</value></Data>
        <Data name="classificacao"><value>LP3 - LP3</value></Data>
      </ExtendedData>
      <LineString><tessellate>1</tessellate><coordinates>-52.39640362,-23.79542940,0 -52.39611736,-23.79548316,0 -52.39564388,-23.79559645,0 -52.39545711,-23.79565183,0 -52.39502141,-23.79578477,0 -52.39439093,-23.79603216,0 -52.39401358,-23.79621362,0 -52.39277998,-23.79677027,0 -52.39242988,-23.79693365,0 -52.39190940,-23.79718701,0 -52.39144723,-23.79742459,0</coordinates></LineString>
    </Placemark>
    <Placemark>
      <name>terra boa</name>
      <Style><LineStyle><color>ff000000</color><width>3</width></LineStyle></Style>
      <ExtendedData>
        <Data name="camada"><value>LP3</value></Data>
        <Data name="classificacao"><value>LP3 - LP3</value></Data>
      </ExtendedData>
      <LineString><tessellate>1</tessellate><coordinates>-52.39629048,-23.79538843,0 -52.39614847,-23.79541511,0 -52.39595795,-23.79545832,0 -52.39557847,-23.79555059,0 -52.39501956,-23.79572111,0 -52.39436249,-23.79597705,0 -52.39395077,-23.79617405,0 -52.39306932,-23.79657108,0 -52.39254202,-23.79681221,0 -52.39202003,-23.79706293,0 -52.39167541,-23.79723590,0 -52.39145714,-23.79734919,0</coordinates></LineString>
    </Placemark>
    <Placemark>
      <name>terra boa</name>
      <Style><LineStyle><color>ff000000</color><width>3</width></LineStyle></Style>
      <ExtendedData>
        <Data name="camada"><value>LP3</value></Data>
        <Data name="classificacao"><value>LP3 - LP3</value></Data>
      </ExtendedData>
      <LineString><tessellate>1</tessellate><coordinates>-52.39618238,-23.79534666,0 -52.39608205,-23.79536565,0 -52.39558209,-23.79548527,0 -52.39514091,-23.79561987,0 -52.39495522,-23.79567821,0 -52.39433405,-23.79592195,0 -52.39388795,-23.79613448,0 -52.39300654,-23.79653158,0 -52.39247942,-23.79677304,0 -52.39195786,-23.79702451,0 -52.39147348,-23.79727039,0</coordinates></LineString>
    </Placemark>
    <Placemark>
      <name>terra boa</name>
      <Style><LineStyle><color>ff000000</color><width>3</width></LineStyle></Style>
      <ExtendedData>
        <Data name="camada"><value>LP3</value></Data>
        <Data name="classificacao"><value>LP3 - LP3</value></Data>
      </ExtendedData>
      <LineString><tessellate>1</tessellate><coordinates>-52.39608896,-23.79530186,0 -52.39556331,-23.79542678,0 -52.39495104,-23.79561358,0 -52.39430561,-23.79586684,0 -52.39400069,-23.79601418,0 -52.39382511,-23.79609486,0 -52.39276771,-23.79657195,0 -52.39241693,-23.79673409,0 -52.39189568,-23.79698610,0 -52.39148208,-23.79719594,0</coordinates></LineString>
    </Placemark>
    <Placemark>
      <name>terra boa</name>
      <Style><LineStyle><color>ff000000</color><width>3</width></LineStyle></Style>
      <ExtendedData>
        <Data name="camada"><value>LP3</value></Data>
        <Data name="classificacao"><value>LP3 - LP3</value></Data>
      </ExtendedData>
      <LineString><tessellate>1</tessellate><coordinates>-52.39600016,-23.79525928,0 -52.39557038,-23.79536211,0 -52.39492758,-23.79555652,0 -52.39428621,-23.79580819,0 -52.39393832,-23.79597547,0 -52.39270492,-23.79653248,0 -52.39235443,-23.79669515,0 -52.39200639,-23.79686222,0 -52.39149478,-23.79711940,0</coordinates></LineString>
    </Placemark>
    <Placemark>
      <name>terra boa</name>
      <Style><LineStyle><color>ff000000</color><width>3</width></LineStyle></Style>
      <ExtendedData>
        <Data name="camada"><value>LP3</value></Data>
        <Data name="classificacao"><value>LP3 - LP3</value></Data>
      </ExtendedData>
      <LineString><tessellate>1</tessellate><coordinates>-52.39590571,-23.79521908,0 -52.39550491,-23.79531616,0 -52.39490412,-23.79549946,0 -52.39422350,-23.79576882,0 -52.39387574,-23.79593638,0 -52.39299425,-23.79633332,0 -52.39246674,-23.79657409,0 -52.39194409,-23.79682363,0 -52.39150614,-23.79704392,0</coordinates></LineString>
    </Placemark>
    <Placemark>
      <name>terra boa</name>
      <Style><LineStyle><color>ff000000</color><width>3</width></LineStyle></Style>
      <ExtendedData>
        <Data name="camada"><value>LP3</value></Data>
        <Data name="classificacao"><value>LP3 - LP3</value></Data>
      </ExtendedData>
      <LineString><tessellate>1</tessellate><coordinates>-52.39580695,-23.79517955,0 -52.39550697,-23.79525132,0 -52.39488102,-23.79544229,0 -52.39422030,-23.79570152,0 -52.39381290,-23.79589682,0 -52.39293144,-23.79629383,0 -52.39240410,-23.79653488,0 -52.39188189,-23.79678522,0 -52.39151756,-23.79696811,0</coordinates></LineString>
    </Placemark>
    <Placemark>
      <name>terra boa</name>
      <Style><LineStyle><color>ff000000</color><width>3</width></LineStyle></Style>
      <ExtendedData>
        <Data name="camada"><value>LP3</value></Data>
        <Data name="classificacao"><value>LP3 - LP3</value></Data>
      </ExtendedData>
      <LineString><tessellate>1</tessellate><coordinates>-52.39570848,-23.79514012,0 -52.39548819,-23.79519283,0 -52.39485721,-23.79538534,0 -52.39419186,-23.79564641,0 -52.39375005,-23.79585726,0 -52.39286864,-23.79625435,0 -52.39234144,-23.79649568,0 -52.39199300,-23.79666204,0 -52.39152893,-23.79689258,0</coordinates></LineString>
    </Placemark>
    <Placemark>
      <name>terra boa</name>
      <Style><LineStyle><color>ff000000</color><width>3</width></LineStyle></Style>
      <ExtendedData>
        <Data name="camada"><value>LP3</value></Data>
        <Data name="classificacao"><value>LP3 - LP3</value></Data>
      </ExtendedData>
      <LineString><tessellate>1</tessellate><coordinates>-52.39561000,-23.79510070,0 -52.39549679,-23.79512779,0 -52.39483375,-23.79532828,0 -52.39416342,-23.79559131,0 -52.39386260,-23.79573667,0 -52.39368720,-23.79581768,0 -52.39262978,-23.79629472,0 -52.39227891,-23.79645668,0 -52.39193064,-23.79662336,0 -52.39154027,-23.79681725,0</coordinates></LineString>
    </Placemark>
    <Placemark>
      <name>terra boa</name>
      <Style><LineStyle><color>ff000000</color><width>3</width></LineStyle></Style>
      <ExtendedData>
        <Data name="camada"><value>LP3</value></Data>
        <Data name="classificacao"><value>LP3 - LP3</value></Data>
      </ExtendedData>
      <LineString><tessellate>1</tessellate><coordinates>-52.39551468,-23.79506124,0 -52.39543128,-23.79508176,0 -52.39481030,-23.79527122,0 -52.39414827,-23.79553099,0 -52.39380023,-23.79569796,0 -52.39239142,-23.79633599,0 -52.39204195,-23.79650053,0 -52.39155160,-23.79674205,0</coordinates></LineString>
    </Placemark>
    <Placemark>
      <name>terra boa</name>
      <Style><LineStyle><color>ff000000</color><width>3</width></LineStyle></Style>
      <ExtendedData>
        <Data name="camada"><value>LP3</value></Data>
        <Data name="classificacao"><value>LP3 - LP3</value></Data>
      </ExtendedData>
      <LineString><tessellate>1</tessellate><coordinates>-52.39542643,-23.79501902,0 -52.39480739,-23.79520788,0 -52.39408540,-23.79549132,0 -52.39373781,-23.79565918,0 -52.39232876,-23.79629679,0 -52.39197960,-23.79646185,0 -52.39156291,-23.79666693,0</coordinates></LineString>
    </Placemark>
    <Placemark>
      <name>terra boa</name>
      <Style><LineStyle><color>ff000000</color><width>3</width></LineStyle></Style>
      <ExtendedData>
        <Data name="camada"><value>LP3</value></Data>
        <Data name="classificacao"><value>LP3 - LP3</value></Data>
      </ExtendedData>
      <LineString><tessellate>1</tessellate><coordinates>-52.39533718,-23.79498203,0 -52.39474306,-23.79516507,0 -52.39407811,-23.79542599,0 -52.39367496,-23.79561962,0 -52.39279350,-23.79601661,0 -52.39226611,-23.79625758,0 -52.39191724,-23.79642318,0 -52.39157426,-23.79659153,0</coordinates></LineString>
    </Placemark>
    <Placemark>
      <name>terra boa</name>
      <Style><LineStyle><color>ff000000</color><width>3</width></LineStyle></Style>
      <ExtendedData>
        <Data name="camada"><value>LP3</value></Data>
        <Data name="classificacao"><value>LP3 - LP3</value></Data>
      </ExtendedData>
      <LineString><tessellate>1</tessellate><coordinates>-52.39524810,-23.79494511,0 -52.39473993,-23.79510003,0 -52.39404967,-23.79537088,0 -52.39361211,-23.79558007,0 -52.39273068,-23.79597713,0 -52.39220345,-23.79621838,0 -52.39185488,-23.79638451,0 -52.39158552,-23.79651674,0</coordinates></LineString>
    </Placemark>
    <Placemark>
      <name>terra boa</name>
      <Style><LineStyle><color>ff000000</color><width>3</width></LineStyle></Style>
      <ExtendedData>
        <Data name="camada"><value>LP3</value></Data>
        <Data name="classificacao"><value>LP3 - LP3</value></Data>
      </ExtendedData>
      <LineString><tessellate>1</tessellate><coordinates>-52.39515868,-23.79490806,0 -52.39471647,-23.79504297,0 -52.39402123,-23.79531578,0 -52.39372446,-23.79545918,0 -52.39354923,-23.79554052,0 -52.39249180,-23.79601751,0 -52.39214082,-23.79617930,0 -52.39159678,-23.79644194,0</coordinates></LineString>
    </Placemark>
    <Placemark>
      <name>terra boa</name>
      <Style><LineStyle><color>ff000000</color><width>3</width></LineStyle></Style>
      <ExtendedData>
        <Data name="camada"><value>LP3</value></Data>
        <Data name="classificacao"><value>LP3 - LP3</value></Data>
      </ExtendedData>
      <LineString><tessellate>1</tessellate><coordinates>-52.39506687,-23.79487185,0 -52.39469301,-23.79498591,0 -52.39401025,-23.79525382,0 -52.39366205,-23.79542049,0 -52.39225335,-23.79605873,0 -52.39190379,-23.79622308,0 -52.39160516,-23.79636868,0</coordinates></LineString>
    </Placemark>
    <Placemark>
      <name>terra boa</name>
      <Style><LineStyle><color>ff000000</color><width>3</width></LineStyle></Style>
      <ExtendedData>
        <Data name="camada"><value>LP3</value></Data>
        <Data name="classificacao"><value>LP3 - LP3</value></Data>
      </ExtendedData>
      <LineString><tessellate>1</tessellate><coordinates>-52.39497248,-23.79483643,0 -52.39466870,-23.79492918,0 -52.39394719,-23.79521386,0 -52.39359964,-23.79538180,0 -52.39236614,-23.79593861,0 -52.39201574,-23.79610146,0 -52.39166919,-23.79626783,0</coordinates></LineString>
    </Placemark>
    <Placemark>
      <name>terra boa</name>
      <Style><LineStyle><color>ff000000</color><width>3</width></LineStyle></Style>
      <ExtendedData>
        <Data name="camada"><value>LP3</value></Data>
        <Data name="classificacao"><value>LP3 - LP3</value></Data>
      </ExtendedData>
      <LineString><tessellate>1</tessellate><coordinates>-52.39486711,-23.79480436,0 -52.39464610,-23.79487179,0 -52.39393592,-23.79515046,0 -52.39353689,-23.79534249,0 -52.39230331,-23.79589916,0 -52.39173007,-23.79616945,0</coordinates></LineString>
    </Placemark>
    <Placemark>
      <name>terra boa</name>
      <Style><LineStyle><color>ff000000</color><width>3</width></LineStyle></Style>
      <ExtendedData>
        <Data name="camada"><value>LP3</value></Data>
        <Data name="classificacao"><value>LP3 - LP3</value></Data>
      </ExtendedData>
      <LineString><tessellate>1</tessellate><coordinates>-52.39446064,-23.79487830,0 -52.39390748,-23.79509535,0 -52.39347401,-23.79530294,0 -52.39224057,-23.79585988,0 -52.39180903,-23.79606275,0</coordinates></LineString>
    </Placemark>
    <Placemark>
      <name>terra boa</name>
      <Style><LineStyle><color>ff000000</color><width>3</width></LineStyle></Style>
      <ExtendedData>
        <Data name="camada"><value>LP3</value></Data>
        <Data name="classificacao"><value>LP3 - LP3</value></Data>
      </ExtendedData>
      <LineString><tessellate>1</tessellate><coordinates>-52.39432105,-23.79486681,0 -52.39387904,-23.79504024,0 -52.39341113,-23.79526340,0 -52.39235368,-23.79574037,0 -52.39192414,-23.79593917,0</coordinates></LineString>
    </Placemark>
    <Placemark>
      <name>terra boa</name>
      <Style><LineStyle><color>ff000000</color><width>3</width></LineStyle></Style>
      <ExtendedData>
        <Data name="camada"><value>LP3</value></Data>
        <Data name="classificacao"><value>LP3 - LP3</value></Data>
      </ExtendedData>
      <LineString><tessellate>1</tessellate><coordinates>-52.39419285,-23.79485085,0 -52.39387212,-23.79497669,0 -52.39352377,-23.79514307,0 -52.39334820,-23.79522377,0 -52.39205928,-23.79580755,0</coordinates></LineString>
    </Placemark>
    <Placemark>
      <name>terra boa</name>
      <Style><LineStyle><color>ff000000</color><width>3</width></LineStyle></Style>
      <ExtendedData>
        <Data name="camada"><value>LP3</value></Data>
        <Data name="classificacao"><value>LP3 - LP3</value></Data>
      </ExtendedData>
      <LineString><tessellate>1</tessellate><coordinates>-52.39408122,-23.79482838,0 -52.39380889,-23.79493644,0 -52.39346135,-23.79510438,0 -52.39261547,-23.79548583,0</coordinates></LineString>
    </Placemark>
    <Placemark>
      <name>terra boa</name>
      <Style><LineStyle><color>ff000000</color><width>3</width></LineStyle></Style>
      <ExtendedData>
        <Data name="camada"><value>LP3</value></Data>
        <Data name="classificacao"><value>LP3 - LP3</value></Data>
      </ExtendedData>
      <LineString><tessellate>1</tessellate><coordinates>-52.39254296,-23.79551866,0 -52.39253463,-23.79552243,0</coordinates></LineString>
    </Placemark>
    <Placemark>
      <name>terra boa</name>
      <Style><LineStyle><color>ff000000</color><width>3</width></LineStyle></Style>
      <ExtendedData>
        <Data name="camada"><value>LP3</value></Data>
        <Data name="classificacao"><value>LP3 - LP3</value></Data>
      </ExtendedData>
      <LineString><tessellate>1</tessellate><coordinates>-52.39394969,-23.79481373,0 -52.39379373,-23.79487492,0 -52.39339873,-23.79506539,0 -52.39296725,-23.79525907,0</coordinates></LineString>
    </Placemark>
    <Placemark>
      <name>terra boa</name>
      <Style><LineStyle><color>ff000000</color><width>3</width></LineStyle></Style>
      <ExtendedData>
        <Data name="camada"><value>LP3</value></Data>
        <Data name="classificacao"><value>LP3 - LP3</value></Data>
      </ExtendedData>
      <LineString><tessellate>1</tessellate><coordinates>-52.39376925,-23.79481827,0 -52.39333582,-23.79502586,0 -52.39314973,-23.79510923,0</coordinates></LineString>
    </Placemark>
    <Placemark>
      <name>terra boa</name>
      <Style><LineStyle><color>ff000000</color><width>3</width></LineStyle></Style>
      <ExtendedData>
        <Data name="camada"><value>LP3</value></Data>
        <Data name="classificacao"><value>LP3 - LP3</value></Data>
      </ExtendedData>
      <MultiGeometry>
        <LineString><tessellate>1</tessellate><coordinates>-52.39358439,-23.79483839,0 -52.39358439,-23.79483839,0</coordinates></LineString>
        <LineString><tessellate>1</tessellate><coordinates>-52.39358439,-23.79483839,0 -52.39326310,-23.79499072,0</coordinates></LineString>
      </MultiGeometry>
    </Placemark>
    <Placemark>
      <name>terra boa</name>
      <Style><LineStyle><color>ff000000</color><width>3</width></LineStyle></Style>
      <ExtendedData>
        <Data name="camada"><value>LP3</value></Data>
        <Data name="classificacao"><value>LP3 - LP3</value></Data>
      </ExtendedData>
      <LineString><tessellate>1</tessellate><coordinates>-52.39503354,-23.80023335,0 -52.39445319,-23.80050002,0 -52.39393312,-23.80075409,0 -52.39359077,-23.80093085,0 -52.39308417,-23.80120702,0 -52.39258433,-23.80149344,0 -52.39192736,-23.80188900,0 -52.39158715,-23.80206907,0 -52.39142071,-23.80216480,0 -52.39125754,-23.80226517,0 -52.39109724,-23.80236939,0 -52.39094034,-23.80247787,0 -52.39078762,-23.80259129,0 -52.39070466,-23.80265735,0</coordinates></LineString>
    </Placemark>
    <Placemark>
      <name>terra boa</name>
      <Style><LineStyle><color>ff000000</color><width>3</width></LineStyle></Style>
      <ExtendedData>
        <Data name="camada"><value>LP3</value></Data>
        <Data name="classificacao"><value>LP3 - LP3</value></Data>
      </ExtendedData>
      <LineString><tessellate>1</tessellate><coordinates>-52.39501146,-23.80017541,0 -52.39456574,-23.80037878,0 -52.39404371,-23.80062943,0 -52.39352932,-23.80089312,0 -52.39302309,-23.80116987,0 -52.39252358,-23.80145677,0 -52.39186650,-23.80185217,0 -52.39169497,-23.80193992,0 -52.39152604,-23.80203187,0 -52.39136020,-23.80212847,0 -52.39119729,-23.80222920,0 -52.39103747,-23.80233405,0 -52.39088106,-23.80244312,0 -52.39071791,-23.80256577,0</coordinates></LineString>
    </Placemark>
    <Placemark>
      <name>terra boa</name>
      <Style><LineStyle><color>ff000000</color><width>3</width></LineStyle></Style>
      <ExtendedData>
        <Data name="camada"><value>LP3</value></Data>
        <Data name="classificacao"><value>LP3 - LP3</value></Data>
      </ExtendedData>
      <LineString><tessellate>1</tessellate><coordinates>-52.39498938,-23.80011747,0 -52.39450335,-23.80033945,0 -52.39398177,-23.80059090,0 -52.39363824,-23.80076570,0 -52.39312991,-23.80103916,0 -52.39262841,-23.80132312,0 -52.39229833,-23.80151864,0 -52.39197109,-23.80171816,0 -52.39180488,-23.80181412,0 -52.39163352,-23.80190219,0 -52.39146492,-23.80199466,0 -52.39129969,-23.80209214,0 -52.39113721,-23.80219346,0 -52.39097771,-23.80229871,0 -52.39082177,-23.80240837,0 -52.39072973,-23.80247776,0</coordinates></LineString>
    </Placemark>
    <Placemark>
      <name>terra boa</name>
      <Style><LineStyle><color>ff000000</color><width>3</width></LineStyle></Style>
      <ExtendedData>
        <Data name="camada"><value>LP3</value></Data>
        <Data name="classificacao"><value>LP3 - LP3</value></Data>
      </ExtendedData>
      <LineString><tessellate>1</tessellate><coordinates>-52.39496729,-23.80005951,0 -52.39444096,-23.80030012,0 -52.39391983,-23.80055236,0 -52.39357662,-23.80072770,0 -52.39306873,-23.80100185,0 -52.39256765,-23.80128643,0 -52.39179395,-23.80175014,0 -52.39157207,-23.80186446,0 -52.39140411,-23.80195791,0 -52.39123918,-23.80205581,0 -52.39107721,-23.80215782,0 -52.39091794,-23.80226337,0 -52.39074149,-23.80238956,0</coordinates></LineString>
    </Placemark>
    <Placemark>
      <name>terra boa</name>
      <Style><LineStyle><color>ff000000</color><width>3</width></LineStyle></Style>
      <ExtendedData>
        <Data name="camada"><value>LP3</value></Data>
        <Data name="classificacao"><value>LP3 - LP3</value></Data>
      </ExtendedData>
      <LineString><tessellate>1</tessellate><coordinates>-52.39494522,-23.80000159,0 -52.39437872,-23.80026105,0 -52.39403070,-23.80042817,0 -52.39351501,-23.80068970,0 -52.39317593,-23.80087171,0 -52.39283990,-23.80105847,0 -52.39250690,-23.80124976,0 -52.39175722,-23.80169936,0 -52.39151062,-23.80182673,0 -52.39134331,-23.80192117,0 -52.39117867,-23.80201949,0 -52.39101722,-23.80212219,0 -52.39085817,-23.80222803,0 -52.39075370,-23.80230275,0</coordinates></LineString>
    </Placemark>
    <Placemark>
      <name>terra boa</name>
      <Style><LineStyle><color>ff000000</color><width>3</width></LineStyle></Style>
      <ExtendedData>
        <Data name="camada"><value>LP3</value></Data>
        <Data name="classificacao"><value>LP3 - LP3</value></Data>
      </ExtendedData>
      <LineString><tessellate>1</tessellate><coordinates>-52.39492314,-23.79994366,0 -52.39449147,-23.80014018,0 -52.39396876,-23.80038964,0 -52.39345348,-23.80065185,0 -52.39311469,-23.80083432,0 -52.39277893,-23.80102147,0 -52.39244615,-23.80121309,0 -52.39172462,-23.80164625,0 -52.39144948,-23.80178948,0 -52.39128251,-23.80188442,0 -52.39111843,-23.80198353,0 -52.39095722,-23.80208656,0 -52.39076580,-23.80221675,0</coordinates></LineString>
    </Placemark>
    <Placemark>
      <name>terra boa</name>
      <Style><LineStyle><color>ff000000</color><width>3</width></LineStyle></Style>
      <ExtendedData>
        <Data name="camada"><value>LP3</value></Data>
        <Data name="classificacao"><value>LP3 - LP3</value></Data>
      </ExtendedData>
      <LineString><tessellate>1</tessellate><coordinates>-52.39490106,-23.79988572,0 -52.39442909,-23.80010086,0 -52.39408014,-23.80026632,0 -52.39356273,-23.80052496,0 -52.39322230,-23.80070482,0 -52.39288538,-23.80089021,0 -52.39255128,-23.80107986,0 -52.39222038,-23.80127422,0 -52.39169172,-23.80159328,0 -52.39155767,-23.80166092,0 -52.39138836,-23.80175227,0 -52.39122171,-23.80184768,0 -52.39105818,-23.80194756,0 -52.39089724,-23.80205094,0 -52.39077769,-23.80213222,0</coordinates></LineString>
    </Placemark>
    <Placemark>
      <name>terra boa</name>
      <Style><LineStyle><color>ff000000</color><width>3</width></LineStyle></Style>
      <ExtendedData>
        <Data name="camada"><value>LP3</value></Data>
        <Data name="classificacao"><value>LP3 - LP3</value></Data>
      </ExtendedData>
      <LineString><tessellate>1</tessellate><coordinates>-52.39487897,-23.79982777,0 -52.39436670,-23.80006153,0 -52.39401805,-23.80022752,0 -52.39350111,-23.80048696,0 -52.39316102,-23.80066735,0 -52.39282430,-23.80085305,0 -52.39249041,-23.80104302,0 -52.39215975,-23.80123771,0 -52.39166763,-23.80153523,0 -52.39149622,-23.80162319,0 -52.39132725,-23.80171507,0 -52.39116110,-23.80181121,0 -52.39099794,-23.80191160,0 -52.39078946,-23.80204852,0</coordinates></LineString>
    </Placemark>
    <Placemark>
      <name>terra boa</name>
      <Style><LineStyle><color>ff000000</color><width>3</width></LineStyle></Style>
      <ExtendedData>
        <Data name="camada"><value>LP3</value></Data>
        <Data name="classificacao"><value>LP3 - LP3</value></Data>
      </ExtendedData>
      <LineString><tessellate>1</tessellate><coordinates>-52.39545960,-23.80119535,0 -52.39498787,-23.80141222,0 -52.39464023,-23.80158001,0 -52.39429616,-23.80175391,0 -52.39395607,-23.80193432,0 -52.39361952,-23.80212027,0 -52.39328601,-23.80231081,0 -52.39295619,-23.80250671,0 -52.39262886,-23.80270612,0 -52.39246297,-23.80280264,0 -52.39229125,-23.80289007,0 -52.39212250,-23.80298230,0 -52.39195756,-23.80308021,0 -52.39179623,-23.80318307,0 -52.39163873,-23.80329082,0 -52.39148623,-23.80340449,0 -52.39133919,-23.80352410,0 -52.39119803,-23.80364957,0 -52.39106217,-23.80377990,0 -52.39093256,-23.80391551,0 -52.39068443,-23.80419540,0 -52.39056430,-23.80433823,0 -52.39043411,-23.80443242,0</coordinates></LineString>
    </Placemark>
    <Placemark>
      <name>terra boa</name>
      <Style><LineStyle><color>ff000000</color><width>3</width></LineStyle></Style>
      <ExtendedData>
        <Data name="camada"><value>LP3</value></Data>
        <Data name="classificacao"><value>LP3 - LP3</value></Data>
      </ExtendedData>
      <LineString><tessellate>1</tessellate><coordinates>-52.39542556,-23.80114283,0 -52.39492563,-23.80137315,0 -52.39457829,-23.80154147,0 -52.39423454,-23.80171591,0 -52.39389479,-23.80189685,0 -52.39355844,-23.80208311,0 -52.39322526,-23.80227414,0 -52.39256824,-23.80266964,0 -52.39240166,-23.80276513,0 -52.39222980,-23.80285234,0 -52.39206170,-23.80294556,0 -52.39189728,-23.80304418,0 -52.39173637,-23.80314760,0 -52.39157945,-23.80325607,0 -52.39142740,-23.80337025,0 -52.39128115,-23.80349069,0 -52.39114034,-23.80361648,0 -52.39100478,-23.80374708,0 -52.39087566,-23.80388309,0 -52.39062770,-23.80416311,0 -52.39051385,-23.80429856,0 -52.39044714,-23.80434606,0</coordinates></LineString>
    </Placemark>
    <Placemark>
      <name>terra boa</name>
      <Style><LineStyle><color>ff000000</color><width>3</width></LineStyle></Style>
      <ExtendedData>
        <Data name="camada"><value>LP3</value></Data>
        <Data name="classificacao"><value>LP3 - LP3</value></Data>
      </ExtendedData>
      <LineString><tessellate>1</tessellate><coordinates>-52.39539576,-23.80108838,0 -52.39503814,-23.80125184,0 -52.39468945,-23.80141777,0 -52.39434417,-23.80158963,0 -52.39400269,-23.80176781,0 -52.39366508,-23.80195214,0 -52.39333055,-23.80214114,0 -52.39299936,-23.80233508,0 -52.39250754,-23.80263304,0 -52.39238433,-23.80270398,0 -52.39216835,-23.80281461,0 -52.39200090,-23.80290882,0 -52.39183703,-23.80300822,0 -52.39167660,-23.80311226,0 -52.39152017,-23.80322131,0 -52.39136873,-23.80333619,0 -52.39122312,-23.80345728,0 -52.39108265,-23.80358340,0 -52.39094762,-23.80371446,0 -52.39081875,-23.80385067,0 -52.39069371,-23.80398988,0 -52.39046011,-23.80426007,0</coordinates></LineString>
    </Placemark>
    <Placemark>
      <name>terra boa</name>
      <Style><LineStyle><color>ff000000</color><width>3</width></LineStyle></Style>
      <ExtendedData>
        <Data name="camada"><value>LP3</value></Data>
        <Data name="classificacao"><value>LP3 - LP3</value></Data>
      </ExtendedData>
      <LineString><tessellate>1</tessellate><coordinates>-52.39536927,-23.80103245,0 -52.39497569,-23.80121255,0 -52.39462729,-23.80137900,0 -52.39428232,-23.80155140,0 -52.39394117,-23.80173011,0 -52.39360391,-23.80191497,0 -52.39326962,-23.80210434,0 -52.39293866,-23.80229861,0 -52.39244678,-23.80259647,0 -52.39234043,-23.80265702,0 -52.39210694,-23.80277708,0 -52.39194004,-23.80287211,0 -52.39177673,-23.80297230,0 -52.39161677,-23.80307696,0 -52.39146082,-23.80318660,0 -52.39131026,-23.80330244,0 -52.39116503,-23.80342391,0 -52.39102490,-23.80355036,0 -52.39089044,-23.80368191,0 -52.39076180,-23.80381831,0 -52.39063684,-23.80395759,0 -52.39047795,-23.80414183,0</coordinates></LineString>
    </Placemark>
    <Placemark>
      <name>terra boa</name>
      <Style><LineStyle><color>ff000000</color><width>3</width></LineStyle></Style>
      <ExtendedData>
        <Data name="camada"><value>LP3</value></Data>
        <Data name="classificacao"><value>LP3 - LP3</value></Data>
      </ExtendedData>
      <LineString><tessellate>1</tessellate><coordinates>-52.39534388,-23.80097601,0 -52.39491333,-23.80117328,0 -52.39456522,-23.80134024,0 -52.39422058,-23.80151320,0 -52.39387981,-23.80169253,0 -52.39354283,-23.80187781,0 -52.39320875,-23.80206750,0 -52.39287806,-23.80226215,0 -52.39238597,-23.80255972,0 -52.39230838,-23.80260365,0 -52.39221580,-23.80264958,0 -52.39204583,-23.80273987,0 -52.39187943,-23.80283564,0 -52.39171651,-23.80293637,0 -52.39155701,-23.80304162,0 -52.39140165,-23.80315198,0 -52.39125184,-23.80326865,0 -52.39110699,-23.80339051,0 -52.39096721,-23.80351727,0 -52.39083332,-23.80364932,0 -52.39070490,-23.80378589,0 -52.39049601,-23.80402210,0</coordinates></LineString>
    </Placemark>
    <Placemark>
      <name>terra boa</name>
      <Style><LineStyle><color>ff000000</color><width>3</width></LineStyle></Style>
      <ExtendedData>
        <Data name="camada"><value>LP3</value></Data>
        <Data name="classificacao"><value>LP3 - LP3</value></Data>
      </ExtendedData>
      <LineString><tessellate>1</tessellate><coordinates>-52.39531957,-23.80091908,0 -52.39485109,-23.80113422,0 -52.39450328,-23.80130171,0 -52.39415896,-23.80147520,0 -52.39381854,-23.80165506,0 -52.39348175,-23.80184065,0 -52.39314788,-23.80203067,0 -52.39281754,-23.80222582,0 -52.39249033,-23.80242538,0 -52.39232511,-23.80252289,0 -52.39198472,-23.80270267,0 -52.39181892,-23.80279931,0 -52.39165651,-23.80290073,0 -52.39149724,-23.80300628,0 -52.39134282,-23.80311774,0 -52.39119342,-23.80323486,0 -52.39104896,-23.80335710,0 -52.39090956,-23.80348423,0 -52.39077619,-23.80361673,0 -52.39064799,-23.80375347,0 -52.39051388,-23.80390367,0</coordinates></LineString>
    </Placemark>
    <Placemark>
      <name>terra boa</name>
      <Style><LineStyle><color>ff000000</color><width>3</width></LineStyle></Style>
      <ExtendedData>
        <Data name="camada"><value>LP3</value></Data>
        <Data name="classificacao"><value>LP3 - LP3</value></Data>
      </ExtendedData>
      <LineString><tessellate>1</tessellate><coordinates>-52.39529667,-23.80086151,0 -52.39478885,-23.80109515,0 -52.39444135,-23.80126317,0 -52.39409735,-23.80143720,0 -52.39375726,-23.80161760,0 -52.39342067,-23.80180349,0 -52.39308702,-23.80199383,0 -52.39226411,-23.80248585,0 -52.39209245,-23.80257337,0 -52.39192361,-23.80266546,0 -52.39175841,-23.80276298,0 -52.39159652,-23.80286510,0 -52.39143772,-23.80297125,0 -52.39128398,-23.80308351,0 -52.39113501,-23.80320107,0 -52.39099092,-23.80332369,0 -52.39085217,-23.80345142,0 -52.39071906,-23.80358413,0 -52.39053134,-23.80378793,0</coordinates></LineString>
    </Placemark>
    <Placemark>
      <name>terra boa</name>
      <Style><LineStyle><color>ff000000</color><width>3</width></LineStyle></Style>
      <ExtendedData>
        <Data name="camada"><value>LP3</value></Data>
        <Data name="classificacao"><value>LP3 - LP3</value></Data>
      </ExtendedData>
      <LineString><tessellate>1</tessellate><coordinates>-52.39527301,-23.80080428,0 -52.39490142,-23.80097395,0 -52.39455259,-23.80113963,0 -52.39420711,-23.80131114,0 -52.39386534,-23.80148884,0 -52.39352744,-23.80167271,0 -52.39319248,-23.80186108,0 -52.39286093,-23.80205449,0 -52.39236918,-23.80235254,0 -52.39220266,-23.80244810,0 -52.39203100,-23.80253564,0 -52.39186273,-23.80262861,0 -52.39169789,-23.80272665,0 -52.39153652,-23.80282946,0 -52.39137844,-23.80293649,0 -52.39122515,-23.80304927,0 -52.39107659,-23.80316728,0 -52.39093288,-23.80329028,0 -52.39079478,-23.80341860,0 -52.39066194,-23.80355154,0 -52.39054867,-23.80367309,0</coordinates></LineString>
    </Placemark>
    <Placemark>
      <name>terra boa</name>
      <Style><LineStyle><color>ff000000</color><width>3</width></LineStyle></Style>
      <ExtendedData>
        <Data name="camada"><value>LP3</value></Data>
        <Data name="classificacao"><value>LP3 - LP3</value></Data>
      </ExtendedData>
      <LineString><tessellate>1</tessellate><coordinates>-52.39524913,-23.80074716,0 -52.39483904,-23.80093462,0 -52.39449050,-23.80110083,0 -52.39414533,-23.80127287,0 -52.39380389,-23.80145111,0 -52.39346625,-23.80163540,0 -52.39313161,-23.80182424,0 -52.39280029,-23.80201799,0 -52.39230852,-23.80231601,0 -52.39218014,-23.80239018,0 -52.39196955,-23.80249792,0 -52.39180193,-23.80259187,0 -52.39163762,-23.80269065,0 -52.39147654,-23.80279385,0 -52.39131915,-23.80290174,0 -52.39116632,-23.80301503,0 -52.39101817,-23.80313349,0 -52.39087499,-23.80325701,0 -52.39073739,-23.80338579,0 -52.39056555,-23.80356121,0</coordinates></LineString>
    </Placemark>
    <Placemark>
      <name>terra boa</name>
      <Style><LineStyle><color>ff000000</color><width>3</width></LineStyle></Style>
      <ExtendedData>
        <Data name="camada"><value>LP3</value></Data>
        <Data name="classificacao"><value>LP3 - LP3</value></Data>
      </ExtendedData>
      <LineString><tessellate>1</tessellate><coordinates>-52.39522524,-23.80069004,0 -52.39477665,-23.80089530,0 -52.39442841,-23.80106203,0 -52.39408355,-23.80123461,0 -52.39374244,-23.80141338,0 -52.39340512,-23.80159815,0 -52.39307075,-23.80178741,0 -52.39273966,-23.80198148,0 -52.39241222,-23.80218074,0 -52.39214760,-23.80233704,0 -52.39190816,-23.80246028,0 -52.39174113,-23.80255513,0 -52.39157738,-23.80265469,0 -52.39141678,-23.80275851,0 -52.39125987,-23.80286699,0 -52.39110748,-23.80298079,0 -52.39095976,-23.80309970,0 -52.39081730,-23.80322392,0 -52.39068000,-23.80335297,0 -52.39058965,-23.80344405,0</coordinates></LineString>
    </Placemark>
    <Placemark>
      <name>terra boa</name>
      <Style><LineStyle><color>ff000000</color><width>3</width></LineStyle></Style>
      <ExtendedData>
        <Data name="camada"><value>LP3</value></Data>
        <Data name="classificacao"><value>LP3 - LP3</value></Data>
      </ExtendedData>
      <LineString><tessellate>1</tessellate><coordinates>-52.39520136,-23.80063291,0 -52.39471438,-23.80085618,0 -52.39436640,-23.80102337,0 -52.39402184,-23.80119645,0 -52.39368107,-23.80137578,0 -52.39334404,-23.80156100,0 -52.39300988,-23.80175057,0 -52.39267902,-23.80194498,0 -52.39218710,-23.80224278,0 -52.39211507,-23.80228390,0 -52.39184705,-23.80242307,0 -52.39168033,-23.80251839,0 -52.39151713,-23.80261873,0 -52.39135701,-23.80272317,0 -52.39120058,-23.80283224,0 -52.39104865,-23.80294656,0 -52.39090147,-23.80306604,0 -52.39075961,-23.80319084,0 -52.39060503,-23.80333795,0</coordinates></LineString>
    </Placemark>
    <Placemark>
      <name>terra boa</name>
      <Style><LineStyle><color>ff000000</color><width>3</width></LineStyle></Style>
      <ExtendedData>
        <Data name="camada"><value>LP3</value></Data>
        <Data name="classificacao"><value>LP3 - LP3</value></Data>
      </ExtendedData>
      <LineString><tessellate>1</tessellate><coordinates>-52.39517740,-23.80057582,0 -52.39465214,-23.80081712,0 -52.39430446,-23.80098484,0 -52.39396022,-23.80115845,0 -52.39361979,-23.80133831,0 -52.39328296,-23.80152384,0 -52.39294901,-23.80171373,0 -52.39261845,-23.80190856,0 -52.39212624,-23.80220594,0 -52.39178593,-23.80238587,0 -52.39161982,-23.80248206,0 -52.39145689,-23.80258277,0 -52.39129724,-23.80268783,0 -52.39114130,-23.80279749,0 -52.39098981,-23.80291232,0 -52.39084343,-23.80303263,0 -52.39070191,-23.80315775,0 -52.39061922,-23.80323615,0</coordinates></LineString>
    </Placemark>
    <Placemark>
      <name>terra boa</name>
      <Style><LineStyle><color>ff000000</color><width>3</width></LineStyle></Style>
      <ExtendedData>
        <Data name="camada"><value>LP3</value></Data>
        <Data name="classificacao"><value>LP3 - LP3</value></Data>
      </ExtendedData>
      <LineString><tessellate>1</tessellate><coordinates>-52.39515216,-23.80051932,0 -52.39476477,-23.80069603,0 -52.39441580,-23.80086146,0 -52.39407011,-23.80103262,0 -52.39372805,-23.80120985,0 -52.39338985,-23.80139325,0 -52.39288815,-23.80167689,0 -52.39255794,-23.80187223,0 -52.39223071,-23.80207177,0 -52.39206532,-23.80216903,0 -52.39189371,-23.80225664,0 -52.39172482,-23.80234866,0 -52.39155930,-23.80244573,0 -52.39139686,-23.80254709,0 -52.39123747,-23.80265250,0 -52.39108201,-23.80276273,0 -52.39093129,-23.80287842,0 -52.39078540,-23.80299922,0 -52.39063492,-23.80313352,0</coordinates></LineString>
    </Placemark>
    <Placemark>
      <name>terra boa</name>
      <Style><LineStyle><color>ff000000</color><width>3</width></LineStyle></Style>
      <ExtendedData>
        <Data name="camada"><value>LP3</value></Data>
        <Data name="classificacao"><value>LP3 - LP3</value></Data>
      </ExtendedData>
      <LineString><tessellate>1</tessellate><coordinates>-52.39512783,-23.80046240,0 -52.39452766,-23.80073899,0 -52.39400833,-23.80099435,0 -52.39366660,-23.80117211,0 -52.39349723,-23.80126339,0 -52.39299365,-23.80154421,0 -52.39266192,-23.80173736,0 -52.39217013,-23.80203535,0 -52.39200373,-23.80213104,0 -52.39183226,-23.80221892,0 -52.39166382,-23.80231163,0 -52.39149879,-23.80240940,0 -52.39133687,-23.80251146,0 -52.39117771,-23.80261716,0 -52.39102296,-23.80272824,0 -52.39087287,-23.80284462,0 -52.39072736,-23.80296581,0 -52.39065003,-23.80303488,0</coordinates></LineString>
    </Placemark>
    <Placemark>
      <name>terra boa</name>
      <Style><LineStyle><color>ff000000</color><width>3</width></LineStyle></Style>
      <ExtendedData>
        <Data name="camada"><value>LP3</value></Data>
        <Data name="classificacao"><value>LP3 - LP3</value></Data>
      </ExtendedData>
      <LineString><tessellate>1</tessellate><coordinates>-52.39510394,-23.80040528,0 -52.39481533,-23.80053618,0 -52.39446542,-23.80069992,0 -52.39394655,-23.80095608,0 -52.39360515,-23.80113438,0 -52.39343595,-23.80122593,0 -52.39293274,-23.80150731,0 -52.39260129,-23.80170086,0 -52.39210956,-23.80199893,0 -52.39198494,-23.80207134,0 -52.39177081,-23.80218119,0 -52.39160302,-23.80227489,0 -52.39143828,-23.80237307,0 -52.39127687,-23.80247583,0 -52.39111820,-23.80258213,0 -52.39096412,-23.80269401,0 -52.39081446,-23.80281083,0 -52.39066419,-23.80293702,0</coordinates></LineString>
    </Placemark>
    <Placemark>
      <name>terra boa</name>
      <Style><LineStyle><color>ff000000</color><width>3</width></LineStyle></Style>
      <ExtendedData>
        <Data name="camada"><value>LP3</value></Data>
        <Data name="classificacao"><value>LP3 - LP3</value></Data>
      </ExtendedData>
      <LineString><tessellate>1</tessellate><coordinates>-52.39508004,-23.80034815,0 -52.39457767,-23.80057815,0 -52.39405671,-23.80083070,0 -52.39354370,-23.80109665,0 -52.39303873,-23.80137534,0 -52.39254065,-23.80166435,0 -52.39195241,-23.80201820,0 -52.39170937,-23.80214348,0 -52.39154222,-23.80223815,0 -52.39137802,-23.80233709,0 -52.39121687,-23.80244019,0 -52.39105891,-23.80254738,0 -52.39090529,-23.80265977,0 -52.39075604,-23.80277704,0 -52.39067780,-23.80284296,0</coordinates></LineString>
    </Placemark>
    <Placemark>
      <name>terra boa</name>
      <Style><LineStyle><color>ff000000</color><width>3</width></LineStyle></Style>
      <ExtendedData>
        <Data name="camada"><value>LP3</value></Data>
        <Data name="classificacao"><value>LP3 - LP3</value></Data>
      </ExtendedData>
      <LineString><tessellate>1</tessellate><coordinates>-52.39505615,-23.80029104,0 -52.39451543,-23.80053908,0 -52.39399489,-23.80079236,0 -52.39348232,-23.80105903,0 -52.39297775,-23.80133834,0 -52.39248002,-23.80162785,0 -52.39198816,-23.80192574,0 -52.39191988,-23.80196506,0 -52.39164826,-23.80210628,0 -52.39148142,-23.80220141,0 -52.39131778,-23.80230113,0 -52.39115701,-23.80240473,0 -52.39099963,-23.80251263,0 -52.39084645,-23.80262553,0 -52.39069147,-23.80274847,0</coordinates></LineString>
    </Placemark>
    <Placemark>
      <name>terra boa</name>
      <Style><LineStyle><color>ff000000</color><width>3</width></LineStyle></Style>
      <ExtendedData>
        <Data name="camada"><value>LP3</value></Data>
        <Data name="classificacao"><value>LP3 - LP3</value></Data>
      </ExtendedData>
      <LineString><tessellate>1</tessellate><coordinates>-52.39550152,-23.80124430,0 -52.39505011,-23.80145128,0 -52.39470216,-23.80161854,0 -52.39435777,-23.80179191,0 -52.39401734,-23.80197178,0 -52.39368059,-23.80215743,0 -52.39334682,-23.80234757,0 -52.39252403,-23.80283977,0 -52.39218356,-23.80301943,0 -52.39201807,-23.80311654,0 -52.39185622,-23.80321870,0 -52.39169802,-23.80332557,0 -52.39154506,-23.80343873,0 -52.39139722,-23.80355750,0 -52.39125572,-23.80368265,0 -52.39111956,-23.80381272,0 -52.39098946,-23.80394793,0 -52.39074115,-23.80422769,0 -52.39060970,-23.80438405,0 -52.39042129,-23.80451735,0</coordinates></LineString>
    </Placemark>
    <Placemark>
      <name>terra boa</name>
      <Style><LineStyle><color>ff000000</color><width>3</width></LineStyle></Style>
      <ExtendedData>
        <Data name="camada"><value>LP3</value></Data>
        <Data name="classificacao"><value>LP3 - LP3</value></Data>
      </ExtendedData>
      <LineString><tessellate>1</tessellate><coordinates>-52.39555557,-23.80128775,0 -52.39511240,-23.80149044,0 -52.39476414,-23.80165714,0 -52.39441939,-23.80182991,0 -52.39407862,-23.80200924,0 -52.39374167,-23.80219459,0 -52.39340768,-23.80238441,0 -52.39307721,-23.80257937,0 -52.39258490,-23.80287662,0 -52.39250071,-23.80292385,0 -52.39241465,-23.80296635,0 -52.39224467,-23.80305664,0 -52.39207858,-23.80315287,0 -52.39191622,-23.80325434,0 -52.39175730,-23.80336033,0 -52.39160389,-23.80347297,0 -52.39145561,-23.80359127,0 -52.39131341,-23.80371574,0 -52.39117695,-23.80384553,0 -52.39104637,-23.80398035,0 -52.39079788,-23.80425997,0 -52.39065762,-23.80442680,0 -52.39052929,-23.80451977,0 -52.39042307,-23.80459142,0 -52.39040916,-23.80459777,0</coordinates></LineString>
    </Placemark>
    <Placemark>
      <name>terra boa</name>
      <Style><LineStyle><color>ff000000</color><width>3</width></LineStyle></Style>
      <ExtendedData>
        <Data name="camada"><value>LP4</value></Data>
        <Data name="classificacao"><value>LP4 - LP4</value></Data>
      </ExtendedData>
      <LineString><tessellate>1</tessellate><coordinates>-52.39537396,-23.80093134,0 -52.39547459,-23.80078147,0 -52.39558603,-23.80063281,0 -52.39570456,-23.80048887,0 -52.39582911,-23.80034930,0 -52.39595821,-23.80021327,0 -52.39609023,-23.80007962,0 -52.39622528,-23.79994856,0 -52.39636419,-23.79982097,0 -52.39650749,-23.79969757,0 -52.39665578,-23.79957926,0 -52.39680905,-23.79946646,0 -52.39696731,-23.79935965,0 -52.39712983,-23.79925839,0 -52.39729602,-23.79916230,0 -52.39746509,-23.79907057,0 -52.39763657,-23.79898270,0 -52.39780997,-23.79889807,0 -52.39798487,-23.79881611,0 -52.39833808,-23.79865850,0 -52.39869468,-23.79850746,0 -52.39905343,-23.79836081,0 -52.39977470,-23.79807547,0 -52.39995670,-23.79800785,0 -52.40032454,-23.79788174,0 -52.40069714,-23.79776812,0 -52.40107380,-23.79766639,0 -52.40126330,-23.79761936,0 -52.40161025,-23.79753992,0</coordinates></LineString>
    </Placemark>
    <Placemark>
      <name>terra boa</name>
      <Style><LineStyle><color>ff000000</color><width>3</width></LineStyle></Style>
      <ExtendedData>
        <Data name="camada"><value>LP4</value></Data>
        <Data name="classificacao"><value>LP4 - LP4</value></Data>
      </ExtendedData>
      <LineString><tessellate>1</tessellate><coordinates>-52.39534354,-23.80086091,0 -52.39541025,-23.80076071,0 -52.39552098,-23.80061161,0 -52.39563872,-23.80046712,0 -52.39576273,-23.80032714,0 -52.39589134,-23.80019071,0 -52.39602297,-23.80005674,0 -52.39615758,-23.79992530,0 -52.39629582,-23.79979710,0 -52.39643842,-23.79967300,0 -52.39658577,-23.79955371,0 -52.39673816,-23.79943990,0 -52.39689541,-23.79933182,0 -52.39705711,-23.79922947,0 -52.39722251,-23.79913224,0 -52.39739094,-23.79903951,0 -52.39756190,-23.79895079,0 -52.39790939,-23.79878277,0 -52.39808520,-23.79870248,0 -52.39843981,-23.79854754,0 -52.39879731,-23.79839833,0 -52.39915659,-23.79825279,0 -52.39951690,-23.79810940,0 -52.39987932,-23.79797062,0 -52.40024636,-23.79784257,0 -52.40061830,-23.79772712,0 -52.40099435,-23.79762352,0 -52.40118365,-23.79757580,0 -52.40151013,-23.79749961,0</coordinates></LineString>
    </Placemark>
    <Placemark>
      <name>terra boa</name>
      <Style><LineStyle><color>ff000000</color><width>3</width></LineStyle></Style>
      <ExtendedData>
        <Data name="camada"><value>LP4</value></Data>
        <Data name="classificacao"><value>LP4 - LP4</value></Data>
      </ExtendedData>
      <LineString><tessellate>1</tessellate><coordinates>-52.39531351,-23.80078920,0 -52.39534603,-23.80074002,0 -52.39545593,-23.80059040,0 -52.39557313,-23.80044555,0 -52.39569643,-23.80030503,0 -52.39582453,-23.80016820,0 -52.39595581,-23.80003394,0 -52.39608992,-23.79990207,0 -52.39622760,-23.79977335,0 -52.39636944,-23.79964853,0 -52.39651597,-23.79952837,0 -52.39666741,-23.79941350,0 -52.39682370,-23.79930426,0 -52.39698454,-23.79920076,0 -52.39714915,-23.79910240,0 -52.39731696,-23.79900872,0 -52.39748735,-23.79891908,0 -52.39783399,-23.79874960,0 -52.39800951,-23.79866876,0 -52.39836363,-23.79851289,0 -52.39872081,-23.79836302,0 -52.39907990,-23.79821708,0 -52.39962060,-23.79800251,0 -52.39980198,-23.79793348,0 -52.40016832,-23.79780374,0 -52.40053954,-23.79768634,0 -52.40091496,-23.79758085,0 -52.40110400,-23.79753223,0 -52.40141030,-23.79745942,0</coordinates></LineString>
    </Placemark>
    <Placemark>
      <name>terra boa</name>
      <Style><LineStyle><color>ff000000</color><width>3</width></LineStyle></Style>
      <ExtendedData>
        <Data name="camada"><value>LP4</value></Data>
        <Data name="classificacao"><value>LP4 - LP4</value></Data>
      </ExtendedData>
      <LineString><tessellate>1</tessellate><coordinates>-52.39528336,-23.80071719,0 -52.39539101,-23.80056928,0 -52.39550754,-23.80042397,0 -52.39563012,-23.80028293,0 -52.39575772,-23.80014570,0 -52.39602237,-23.79987894,0 -52.39615945,-23.79974968,0 -52.39630060,-23.79962419,0 -52.39644632,-23.79950321,0 -52.39659681,-23.79938728,0 -52.39675223,-23.79927699,0 -52.39691214,-23.79917228,0 -52.39707598,-23.79907284,0 -52.39724311,-23.79897815,0 -52.39741291,-23.79888756,0 -52.39775870,-23.79871661,0 -52.39793389,-23.79863518,0 -52.39828751,-23.79847833,0 -52.39864435,-23.79832778,0 -52.39900323,-23.79818141,0 -52.39972478,-23.79789668,0 -52.40009035,-23.79776510,0 -52.40046086,-23.79764580,0 -52.40083574,-23.79753868,0 -52.40102450,-23.79748920,0 -52.40131100,-23.79741944,0</coordinates></LineString>
    </Placemark>
    <Placemark>
      <name>terra boa</name>
      <Style><LineStyle><color>ff000000</color><width>3</width></LineStyle></Style>
      <ExtendedData>
        <Data name="camada"><value>LP4</value></Data>
        <Data name="classificacao"><value>LP4 - LP4</value></Data>
      </ExtendedData>
      <LineString><tessellate>1</tessellate><coordinates>-52.39525431,-23.80064781,0 -52.39532624,-23.80054826,0 -52.39544195,-23.80040239,0 -52.39556399,-23.80026095,0 -52.39569105,-23.80012330,0 -52.39595485,-23.79985583,0 -52.39609142,-23.79972612,0 -52.39623189,-23.79959999,0 -52.39637676,-23.79947815,0 -52.39652647,-23.79936135,0 -52.39668090,-23.79924990,0 -52.39683991,-23.79914403,0 -52.39700299,-23.79904354,0 -52.39716941,-23.79894779,0 -52.39733860,-23.79885625,0 -52.39768349,-23.79868377,0 -52.39785835,-23.79860173,0 -52.39821144,-23.79844389,0 -52.39856792,-23.79829262,0 -52.39892657,-23.79814577,0 -52.39964764,-23.79785999,0 -52.40001254,-23.79772686,0 -52.40038233,-23.79760570,0 -52.40075651,-23.79749652,0 -52.40094505,-23.79744633,0 -52.40121283,-23.79737992,0</coordinates></LineString>
    </Placemark>
    <Placemark>
      <name>terra boa</name>
      <Style><LineStyle><color>ff000000</color><width>3</width></LineStyle></Style>
      <ExtendedData>
        <Data name="camada"><value>LP4</value></Data>
        <Data name="classificacao"><value>LP4 - LP4</value></Data>
      </ExtendedData>
      <LineString><tessellate>1</tessellate><coordinates>-52.39522495,-23.80057814,0 -52.39526146,-23.80052723,0 -52.39537650,-23.80038092,0 -52.39549790,-23.80023901,0 -52.39562438,-23.80010091,0 -52.39588745,-23.79983283,0 -52.39602346,-23.79970262,0 -52.39616327,-23.79957586,0 -52.39630745,-23.79945333,0 -52.39645623,-23.79933555,0 -52.39660975,-23.79922303,0 -52.39676791,-23.79911609,0 -52.39693015,-23.79901445,0 -52.39709584,-23.79891764,0 -52.39726445,-23.79882519,0 -52.39743544,-23.79873653,0 -52.39760838,-23.79865111,0 -52.39795864,-23.79848801,0 -52.39849152,-23.79825753,0 -52.39884995,-23.79811020,0 -52.39938997,-23.79789420,0 -52.39975212,-23.79775482,0 -52.39993479,-23.79768875,0 -52.40030383,-23.79756565,0 -52.40067746,-23.79745490,0 -52.40086565,-23.79740359,0 -52.40111487,-23.79734048,0</coordinates></LineString>
    </Placemark>
    <Placemark>
      <name>terra boa</name>
      <Style><LineStyle><color>ff000000</color><width>3</width></LineStyle></Style>
      <ExtendedData>
        <Data name="camada"><value>LP4</value></Data>
        <Data name="classificacao"><value>LP4 - LP4</value></Data>
      </ExtendedData>
      <LineString><tessellate>1</tessellate><coordinates>-52.39519412,-23.80050981,0 -52.39531118,-23.80035952,0 -52.39543182,-23.80021708,0 -52.39555778,-23.80007857,0 -52.39568759,-23.79994311,0 -52.39582005,-23.79980983,0 -52.39595560,-23.79967922,0 -52.39609481,-23.79955190,0 -52.39623819,-23.79942857,0 -52.39638616,-23.79930993,0 -52.39653884,-23.79919644,0 -52.39669606,-23.79908834,0 -52.39685745,-23.79898557,0 -52.39702245,-23.79888776,0 -52.39719043,-23.79879435,0 -52.39736088,-23.79870480,0 -52.39753336,-23.79861860,0 -52.39770749,-23.79853526,0 -52.39805950,-23.79837538,0 -52.39859402,-23.79814812,0 -52.39895303,-23.79800200,0 -52.39949363,-23.79778723,0 -52.39985721,-23.79765105,0 -52.40022554,-23.79752619,0 -52.40059846,-23.79741343,0 -52.40101564,-23.79730199,0</coordinates></LineString>
    </Placemark>
    <Placemark>
      <name>terra boa</name>
      <Style><LineStyle><color>ff000000</color><width>3</width></LineStyle></Style>
      <ExtendedData>
        <Data name="camada"><value>LP4</value></Data>
        <Data name="classificacao"><value>LP4 - LP4</value></Data>
      </ExtendedData>
      <LineString><tessellate>1</tessellate><coordinates>-52.39516478,-23.80044277,0 -52.39524585,-23.80033813,0 -52.39536588,-23.80019525,0 -52.39549128,-23.80005631,0 -52.39562066,-23.79992050,0 -52.39575278,-23.79978694,0 -52.39588781,-23.79965587,0 -52.39602639,-23.79952797,0 -52.39616912,-23.79940401,0 -52.39631628,-23.79928451,0 -52.39646804,-23.79916999,0 -52.39662436,-23.79906078,0 -52.39678498,-23.79895698,0 -52.39694923,-23.79885812,0 -52.39711655,-23.79876372,0 -52.39728644,-23.79867327,0 -52.39745845,-23.79858627,0 -52.39763221,-23.79850229,0 -52.39798363,-23.79834132,0 -52.39851757,-23.79811290,0 -52.39887637,-23.79796636,0 -52.39941672,-23.79775105,0 -52.39977967,-23.79761345,0 -52.40014726,-23.79748674,0 -52.40051954,-23.79737219,0 -52.40092250,-23.79726241,0</coordinates></LineString>
    </Placemark>
    <Placemark>
      <name>terra boa</name>
      <Style><LineStyle><color>ff000000</color><width>3</width></LineStyle></Style>
      <ExtendedData>
        <Data name="camada"><value>LP4</value></Data>
        <Data name="classificacao"><value>LP4 - LP4</value></Data>
      </ExtendedData>
      <LineString><tessellate>1</tessellate><coordinates>-52.39513650,-23.80037416,0 -52.39518052,-23.80031674,0 -52.39530003,-23.80017349,0 -52.39542478,-23.80003406,0 -52.39555373,-23.79989790,0 -52.39582012,-23.79963261,0 -52.39595815,-23.79950422,0 -52.39610014,-23.79937954,0 -52.39624648,-23.79925918,0 -52.39639744,-23.79914377,0 -52.39655292,-23.79903355,0 -52.39671266,-23.79892863,0 -52.39687615,-23.79882869,0 -52.39704280,-23.79873328,0 -52.39721212,-23.79864193,0 -52.39738366,-23.79855418,0 -52.39755702,-23.79846947,0 -52.39790782,-23.79830738,0 -52.39844116,-23.79807778,0 -52.39915961,-23.79778647,0 -52.39952061,-23.79764458,0 -52.39970229,-23.79757623,0 -52.40006918,-23.79744781,0 -52.40044077,-23.79733142,0 -52.40082829,-23.79722327,0</coordinates></LineString>
    </Placemark>
    <Placemark>
      <name>terra boa</name>
      <Style><LineStyle><color>ff000000</color><width>3</width></LineStyle></Style>
      <ExtendedData>
        <Data name="camada"><value>LP4</value></Data>
        <Data name="classificacao"><value>LP4 - LP4</value></Data>
      </ExtendedData>
      <LineString><tessellate>1</tessellate><coordinates>-52.39510803,-23.80030510,0 -52.39523419,-23.80015173,0 -52.39535840,-23.80001189,0 -52.39548692,-23.79987539,0 -52.39575247,-23.79960940,0 -52.39588993,-23.79948048,0 -52.39603130,-23.79935520,0 -52.39617692,-23.79923412,0 -52.39632702,-23.79911775,0 -52.39648160,-23.79900648,0 -52.39664049,-23.79890045,0 -52.39680319,-23.79879944,0 -52.39696920,-23.79870309,0 -52.39713795,-23.79861086,0 -52.39730899,-23.79852226,0 -52.39748192,-23.79843682,0 -52.39783208,-23.79827357,0 -52.39836478,-23.79804273,0 -52.39890285,-23.79782263,0 -52.39944358,-23.79760813,0 -52.39980747,-23.79747267,0 -52.39999113,-23.79740898,0 -52.40036201,-23.79729064,0 -52.40073388,-23.79718507,0</coordinates></LineString>
    </Placemark>
    <Placemark>
      <name>terra boa</name>
      <Style><LineStyle><color>ff000000</color><width>3</width></LineStyle></Style>
      <ExtendedData>
        <Data name="camada"><value>LP4</value></Data>
        <Data name="classificacao"><value>LP4 - LP4</value></Data>
      </ExtendedData>
      <LineString><tessellate>1</tessellate><coordinates>-52.39508024,-23.80023767,0 -52.39516838,-23.80012999,0 -52.39529209,-23.79998979,0 -52.39542010,-23.79985288,0 -52.39568493,-23.79958627,0 -52.39582188,-23.79945689,0 -52.39596257,-23.79933097,0 -52.39610742,-23.79920911,0 -52.39625669,-23.79909184,0 -52.39641045,-23.79897960,0 -52.39656852,-23.79887254,0 -52.39673048,-23.79877053,0 -52.39689578,-23.79867315,0 -52.39706391,-23.79857998,0 -52.39723442,-23.79849053,0 -52.39758101,-23.79832094,0 -52.39775641,-23.79823989,0 -52.39811028,-23.79808353,0 -52.39864652,-23.79785970,0 -52.39936666,-23.79757194,0 -52.39972988,-23.79743496,0 -52.40009776,-23.79730896,0 -52.40047015,-23.79719473,0 -52.40063994,-23.79714705,0</coordinates></LineString>
    </Placemark>
    <Placemark>
      <name>terra boa</name>
      <Style><LineStyle><color>ff000000</color><width>3</width></LineStyle></Style>
      <ExtendedData>
        <Data name="camada"><value>LP4</value></Data>
        <Data name="classificacao"><value>LP4 - LP4</value></Data>
      </ExtendedData>
      <LineString><tessellate>1</tessellate><coordinates>-52.39505198,-23.80017093,0 -52.39510278,-23.80010841,0 -52.39522579,-23.79996768,0 -52.39535335,-23.79983042,0 -52.39548409,-23.79969572,0 -52.39561741,-23.79956316,0 -52.39575384,-23.79943333,0 -52.39589394,-23.79930684,0 -52.39603811,-23.79918430,0 -52.39618661,-23.79906621,0 -52.39633952,-23.79895299,0 -52.39649672,-23.79884486,0 -52.39665789,-23.79874179,0 -52.39682248,-23.79864341,0 -52.39698999,-23.79854928,0 -52.39715996,-23.79845897,0 -52.39733199,-23.79837201,0 -52.39768082,-23.79820636,0 -52.39785704,-23.79812680,0 -52.39821217,-23.79797288,0 -52.39874951,-23.79775131,0 -52.39947062,-23.79746562,0 -52.39983543,-23.79733228,0 -52.40020494,-23.79721038,0 -52.40054683,-23.79710937,0</coordinates></LineString>
    </Placemark>
    <Placemark>
      <name>terra boa</name>
      <Style><LineStyle><color>ff000000</color><width>3</width></LineStyle></Style>
      <ExtendedData>
        <Data name="camada"><value>LP4</value></Data>
        <Data name="classificacao"><value>LP4 - LP4</value></Data>
      </ExtendedData>
      <LineString><tessellate>1</tessellate><coordinates>-52.39502507,-23.80010186,0 -52.39515959,-23.79994566,0 -52.39528668,-23.79980803,0 -52.39555001,-23.79954016,0 -52.39568595,-23.79940989,0 -52.39582544,-23.79928283,0 -52.39596889,-23.79915958,0 -52.39611660,-23.79904066,0 -52.39626868,-23.79892648,0 -52.39642504,-23.79881733,0 -52.39658542,-23.79871322,0 -52.39674931,-23.79861384,0 -52.39691620,-23.79851880,0 -52.39708564,-23.79842764,0 -52.39725721,-23.79833991,0 -52.39760531,-23.79817298,0 -52.39795817,-23.79801470,0 -52.39849342,-23.79778889,0 -52.39921294,-23.79749980,0 -52.39957508,-23.79736042,0 -52.39994156,-23.79723101,0 -52.40012655,-23.79717064,0 -52.40045437,-23.79707195,0</coordinates></LineString>
    </Placemark>
    <Placemark>
      <name>terra boa</name>
      <Style><LineStyle><color>ff000000</color><width>3</width></LineStyle></Style>
      <ExtendedData>
        <Data name="camada"><value>LP4</value></Data>
        <Data name="classificacao"><value>LP4 - LP4</value></Data>
      </ExtendedData>
      <LineString><tessellate>1</tessellate><coordinates>-52.39499860,-23.80003391,0 -52.39509351,-23.79992372,0 -52.39522001,-23.79978563,0 -52.39548261,-23.79951717,0 -52.39561809,-23.79938649,0 -52.39575702,-23.79925891,0 -52.39589982,-23.79913501,0 -52.39604680,-23.79901532,0 -52.39619808,-23.79890026,0 -52.39635361,-23.79879012,0 -52.39651319,-23.79868497,0 -52.39667635,-23.79858459,0 -52.39684259,-23.79848858,0 -52.39701146,-23.79839653,0 -52.39718254,-23.79830800,0 -52.39752988,-23.79813973,0 -52.39788220,-23.79798045,0 -52.39841692,-23.79775357,0 -52.39895595,-23.79753549,0 -52.39949785,-23.79732353,0 -52.39986359,-23.79719236,0 -52.40004827,-23.79713119,0 -52.40036230,-23.79703469,0</coordinates></LineString>
    </Placemark>
    <Placemark>
      <name>terra boa</name>
      <Style><LineStyle><color>ff000000</color><width>3</width></LineStyle></Style>
      <ExtendedData>
        <Data name="camada"><value>LP4</value></Data>
        <Data name="classificacao"><value>LP4 - LP4</value></Data>
      </ExtendedData>
      <LineString><tessellate>1</tessellate><coordinates>-52.39497226,-23.79996630,0 -52.39515344,-23.79976332,0 -52.39541533,-23.79949426,0 -52.39555035,-23.79936318,0 -52.39568870,-23.79923508,0 -52.39583084,-23.79911054,0 -52.39597708,-23.79899009,0 -52.39612758,-23.79887416,0 -52.39628230,-23.79876305,0 -52.39644109,-23.79865689,0 -52.39660352,-23.79855551,0 -52.39676911,-23.79845855,0 -52.39693739,-23.79836560,0 -52.39710796,-23.79827625,0 -52.39745452,-23.79810662,0 -52.39780629,-23.79794631,0 -52.39834046,-23.79771835,0 -52.39887922,-23.79749968,0 -52.39942066,-23.79728673,0 -52.39978578,-23.79715411,0 -52.39997004,-23.79709188,0 -52.40027125,-23.79699784,0</coordinates></LineString>
    </Placemark>
    <Placemark>
      <name>terra boa</name>
      <Style><LineStyle><color>ff000000</color><width>3</width></LineStyle></Style>
      <ExtendedData>
        <Data name="camada"><value>LP4</value></Data>
        <Data name="classificacao"><value>LP4 - LP4</value></Data>
      </ExtendedData>
      <LineString><tessellate>1</tessellate><coordinates>-52.39494679,-23.79989706,0 -52.39508694,-23.79974107,0 -52.39534806,-23.79947138,0 -52.39548265,-23.79933992,0 -52.39562048,-23.79921134,0 -52.39576200,-23.79908620,0 -52.39590753,-23.79896502,0 -52.39605725,-23.79884824,0 -52.39621115,-23.79873617,0 -52.39636912,-23.79862899,0 -52.39653080,-23.79852660,0 -52.39669573,-23.79842869,0 -52.39686343,-23.79833485,0 -52.39703349,-23.79824467,0 -52.39737924,-23.79807364,0 -52.39773044,-23.79791229,0 -52.39808546,-23.79775815,0 -52.39862266,-23.79753628,0 -52.39934359,-23.79725021,0 -52.39970799,-23.79711591,0 -52.39989200,-23.79705305,0 -52.40018049,-23.79696111,0</coordinates></LineString>
    </Placemark>
    <Placemark>
      <name>terra boa</name>
      <Style><LineStyle><color>ff000000</color><width>3</width></LineStyle></Style>
      <ExtendedData>
        <Data name="camada"><value>LP4</value></Data>
        <Data name="classificacao"><value>LP4 - LP4</value></Data>
      </ExtendedData>
      <LineString><tessellate>1</tessellate><coordinates>-52.39492173,-23.79982887,0 -52.39502044,-23.79971881,0 -52.39514931,-23.79958258,0 -52.39541503,-23.79931672,0 -52.39555234,-23.79918767,0 -52.39569325,-23.79906195,0 -52.39583809,-23.79894008,0 -52.39598707,-23.79882250,0 -52.39614020,-23.79870954,0 -52.39629738,-23.79860138,0 -52.39645832,-23.79849801,0 -52.39662256,-23.79839912,0 -52.39678964,-23.79830436,0 -52.39695917,-23.79821334,0 -52.39713076,-23.79812565,0 -52.39747880,-23.79795860,0 -52.39783154,-23.79780010,0 -52.39818765,-23.79764811,0 -52.39890581,-23.79735619,0 -52.39944794,-23.79714474,0 -52.39981395,-23.79701422,0 -52.40009053,-23.79692470,0</coordinates></LineString>
    </Placemark>
    <Placemark>
      <name>terra boa</name>
      <Style><LineStyle><color>ff000000</color><width>3</width></LineStyle></Style>
      <ExtendedData>
        <Data name="camada"><value>LP4</value></Data>
        <Data name="classificacao"><value>LP4 - LP4</value></Data>
      </ExtendedData>
      <LineString><tessellate>1</tessellate><coordinates>-52.39489677,-23.79976097,0 -52.39508250,-23.79956007,0 -52.39534749,-23.79929360,0 -52.39548430,-23.79916410,0 -52.39562462,-23.79903782,0 -52.39576878,-23.79891527,0 -52.39591700,-23.79879688,0 -52.39606933,-23.79868299,0 -52.39622574,-23.79857389,0 -52.39638595,-23.79846957,0 -52.39654951,-23.79836974,0 -52.39671599,-23.79827407,0 -52.39688497,-23.79818220,0 -52.39705608,-23.79809373,0 -52.39740338,-23.79792538,0 -52.39775559,-23.79776589,0 -52.39811131,-23.79761312,0 -52.39864911,-23.79739250,0 -52.39937075,-23.79710794,0 -52.39973613,-23.79697594,0 -52.40000097,-23.79688846,0</coordinates></LineString>
    </Placemark>
    <Placemark>
      <name>terra boa</name>
      <Style><LineStyle><color>ff000000</color><width>3</width></LineStyle></Style>
      <ExtendedData>
        <Data name="camada"><value>LP4</value></Data>
        <Data name="classificacao"><value>LP4 - LP4</value></Data>
      </ExtendedData>
      <LineString><tessellate>1</tessellate><coordinates>-52.39487168,-23.79969270,0 -52.39501568,-23.79953756,0 -52.39527997,-23.79927049,0 -52.39541631,-23.79914057,0 -52.39555606,-23.79901377,0 -52.39569959,-23.79889058,0 -52.39584711,-23.79877146,0 -52.39599871,-23.79865675,0 -52.39615431,-23.79854668,0 -52.39631372,-23.79844132,0 -52.39647657,-23.79834050,0 -52.39664243,-23.79824395,0 -52.39681087,-23.79815123,0 -52.39698150,-23.79806198,0 -52.39732803,-23.79789229,0 -52.39767970,-23.79773179,0 -52.39803501,-23.79757823,0 -52.39857245,-23.79735685,0 -52.39929360,-23.79707125,0 -52.39965832,-23.79693770,0 -52.39991212,-23.79685250,0</coordinates></LineString>
    </Placemark>
    <Placemark>
      <name>terra boa</name>
      <Style><LineStyle><color>ff000000</color><width>3</width></LineStyle></Style>
      <ExtendedData>
        <Data name="camada"><value>LP4</value></Data>
        <Data name="classificacao"><value>LP4 - LP4</value></Data>
      </ExtendedData>
      <LineString><tessellate>1</tessellate><coordinates>-52.39484684,-23.79962510,0 -52.39507956,-23.79938030,0 -52.39521257,-23.79924750,0 -52.39534845,-23.79911716,0 -52.39548764,-23.79898984,0 -52.39563052,-23.79886601,0 -52.39577731,-23.79874613,0 -52.39592813,-23.79863056,0 -52.39608301,-23.79851962,0 -52.39624169,-23.79841334,0 -52.39640385,-23.79831159,0 -52.39656905,-23.79821407,0 -52.39673690,-23.79812045,0 -52.39690702,-23.79803038,0 -52.39725276,-23.79785934,0 -52.39760387,-23.79769781,0 -52.39795876,-23.79754343,0 -52.39849582,-23.79732126,0 -52.39921657,-23.79703480,0 -52.39958067,-23.79689983,0 -52.39982382,-23.79681677,0</coordinates></LineString>
    </Placemark>
    <Placemark>
      <name>terra boa</name>
      <Style><LineStyle><color>ff000000</color><width>3</width></LineStyle></Style>
      <ExtendedData>
        <Data name="camada"><value>LP4</value></Data>
        <Data name="classificacao"><value>LP4 - LP4</value></Data>
      </ExtendedData>
      <LineString><tessellate>1</tessellate><coordinates>-52.39482214,-23.79955789,0 -52.39501253,-23.79935762,0 -52.39528059,-23.79909376,0 -52.39541926,-23.79896594,0 -52.39556155,-23.79884155,0 -52.39570769,-23.79872099,0 -52.39585780,-23.79860464,0 -52.39601186,-23.79849274,0 -52.39616975,-23.79838546,0 -52.39633123,-23.79828281,0 -52.39649581,-23.79818440,0 -52.39666309,-23.79808993,0 -52.39683270,-23.79799904,0 -52.39700431,-23.79791139,0 -52.39735228,-23.79774422,0 -52.39770491,-23.79758551,0 -52.39823983,-23.79735905,0 -52.39895909,-23.79706943,0 -52.39932083,-23.79692916,0 -52.39950309,-23.79686212,0 -52.39973602,-23.79678124,0</coordinates></LineString>
    </Placemark>
    <Placemark>
      <name>terra boa</name>
      <Style><LineStyle><color>ff000000</color><width>3</width></LineStyle></Style>
      <ExtendedData>
        <Data name="camada"><value>LP4</value></Data>
        <Data name="classificacao"><value>LP4 - LP4</value></Data>
      </ExtendedData>
      <LineString><tessellate>1</tessellate><coordinates>-52.39479732,-23.79949035,0 -52.39494556,-23.79933498,0 -52.39521288,-23.79907049,0 -52.39535103,-23.79894220,0 -52.39549270,-23.79881720,0 -52.39563814,-23.79869593,0 -52.39578752,-23.79857878,0 -52.39594088,-23.79846608,0 -52.39609804,-23.79835790,0 -52.39625876,-23.79825423,0 -52.39642267,-23.79815488,0 -52.39658938,-23.79805956,0 -52.39675848,-23.79796787,0 -52.39710252,-23.79779398,0 -52.39745243,-23.79763024,0 -52.39780641,-23.79747410,0 -52.39834262,-23.79725022,0 -52.39888230,-23.79703351,0 -52.39924364,-23.79689236,0 -52.39964614,-23.79674683,0</coordinates></LineString>
    </Placemark>
    <Placemark>
      <name>terra boa</name>
      <Style><LineStyle><color>ff000000</color><width>3</width></LineStyle></Style>
      <ExtendedData>
        <Data name="camada"><value>LP4</value></Data>
        <Data name="classificacao"><value>LP4 - LP4</value></Data>
      </ExtendedData>
      <LineString><tessellate>1</tessellate><coordinates>-52.39477270,-23.79942336,0 -52.39501061,-23.79917870,0 -52.39514519,-23.79904723,0 -52.39528281,-23.79891846,0 -52.39542392,-23.79879293,0 -52.39556876,-23.79867105,0 -52.39571745,-23.79855317,0 -52.39587001,-23.79843954,0 -52.39602643,-23.79833045,0 -52.39618647,-23.79822591,0 -52.39634972,-23.79812564,0 -52.39651579,-23.79802938,0 -52.39668435,-23.79793685,0 -52.39702754,-23.79776153,0 -52.39737681,-23.79759666,0 -52.39773032,-23.79743962,0 -52.39826606,-23.79721480,0 -52.39880553,-23.79699763,0 -52.39916657,-23.79685584,0 -52.39956312,-23.79671040,0</coordinates></LineString>
    </Placemark>
    <Placemark>
      <name>terra boa</name>
      <Style><LineStyle><color>ff000000</color><width>3</width></LineStyle></Style>
      <ExtendedData>
        <Data name="camada"><value>LP4</value></Data>
        <Data name="classificacao"><value>LP4 - LP4</value></Data>
      </ExtendedData>
      <LineString><tessellate>1</tessellate><coordinates>-52.39474820,-23.79935670,0 -52.39494339,-23.79915585,0 -52.39507759,-23.79902405,0 -52.39521476,-23.79889488,0 -52.39535530,-23.79876880,0 -52.39549945,-23.79864624,0 -52.39564743,-23.79852760,0 -52.39579934,-23.79841324,0 -52.39595500,-23.79830324,0 -52.39611427,-23.79819769,0 -52.39627689,-23.79809657,0 -52.39644238,-23.79799946,0 -52.39661038,-23.79790608,0 -52.39695263,-23.79772922,0 -52.39730125,-23.79756319,0 -52.39765428,-23.79740524,0 -52.39801052,-23.79725351,0 -52.39854875,-23.79703374,0 -52.39908954,-23.79681939,0 -52.39947712,-23.79667543,0</coordinates></LineString>
    </Placemark>
    <Placemark>
      <name>terra boa</name>
      <Style><LineStyle><color>ff000000</color><width>3</width></LineStyle></Style>
      <ExtendedData>
        <Data name="camada"><value>LP4</value></Data>
        <Data name="classificacao"><value>LP4 - LP4</value></Data>
      </ExtendedData>
      <LineString><tessellate>1</tessellate><coordinates>-52.39472361,-23.79928978,0 -52.39487625,-23.79913306,0 -52.39501005,-23.79900093,0 -52.39514673,-23.79887131,0 -52.39528669,-23.79874470,0 -52.39543029,-23.79862158,0 -52.39557763,-23.79850227,0 -52.39572874,-23.79838702,0 -52.39588371,-23.79827619,0 -52.39604230,-23.79816979,0 -52.39620417,-23.79806766,0 -52.39636906,-23.79796969,0 -52.39653653,-23.79787549,0 -52.39687785,-23.79769712,0 -52.39722577,-23.79752985,0 -52.39757830,-23.79737096,0 -52.39793417,-23.79721850,0 -52.39847206,-23.79699804,0 -52.39901261,-23.79678317,0 -52.39939136,-23.79664057,0</coordinates></LineString>
    </Placemark>
    <Placemark>
      <name>terra boa</name>
      <Style><LineStyle><color>ff000000</color><width>3</width></LineStyle></Style>
      <ExtendedData>
        <Data name="camada"><value>LP4</value></Data>
        <Data name="classificacao"><value>LP4 - LP4</value></Data>
      </ExtendedData>
      <LineString><tessellate>1</tessellate><coordinates>-52.39469912,-23.79922315,0 -52.39494253,-23.79897783,0 -52.39507880,-23.79884784,0 -52.39521827,-23.79872077,0 -52.39536122,-23.79859701,0 -52.39550785,-23.79847696,0 -52.39565836,-23.79836104,0 -52.39581256,-23.79824931,0 -52.39597041,-23.79814198,0 -52.39613167,-23.79803903,0 -52.39629589,-23.79794012,0 -52.39646277,-23.79784505,0 -52.39663198,-23.79775354,0 -52.39697606,-23.79757969,0 -52.39732587,-23.79741580,0 -52.39767975,-23.79725945,0 -52.39803659,-23.79710891,0 -52.39839540,-23.79696240,0 -52.39893570,-23.79674699,0 -52.39930633,-23.79660600,0</coordinates></LineString>
    </Placemark>
    <Placemark>
      <name>terra boa</name>
      <Style><LineStyle><color>ff000000</color><width>3</width></LineStyle></Style>
      <ExtendedData>
        <Data name="camada"><value>LP4</value></Data>
        <Data name="classificacao"><value>LP4 - LP4</value></Data>
      </ExtendedData>
      <LineString><tessellate>1</tessellate><coordinates>-52.39467476,-23.79915688,0 -52.39487513,-23.79895483,0 -52.39501094,-23.79882443,0 -52.39514985,-23.79869684,0 -52.39529225,-23.79857255,0 -52.39543830,-23.79845190,0 -52.39558803,-23.79833513,0 -52.39574156,-23.79822263,0 -52.39589871,-23.79811442,0 -52.39605923,-23.79801050,0 -52.39622288,-23.79791079,0 -52.39638918,-23.79781487,0 -52.39655783,-23.79772248,0 -52.39690108,-23.79754726,0 -52.39725027,-23.79738225,0 -52.39760366,-23.79722498,0 -52.39796017,-23.79707377,0 -52.39831876,-23.79692679,0 -52.39885887,-23.79671099,0 -52.39922143,-23.79657148,0</coordinates></LineString>
    </Placemark>
    <Placemark>
      <name>terra boa</name>
      <Style><LineStyle><color>ff000000</color><width>3</width></LineStyle></Style>
      <ExtendedData>
        <Data name="camada"><value>LP4</value></Data>
        <Data name="classificacao"><value>LP4 - LP4</value></Data>
      </ExtendedData>
      <LineString><tessellate>1</tessellate><coordinates>-52.39465034,-23.79909043,0 -52.39480774,-23.79893183,0 -52.39494312,-23.79880106,0 -52.39508159,-23.79867306,0 -52.39522340,-23.79854821,0 -52.39536875,-23.79842683,0 -52.39551790,-23.79830945,0 -52.39567069,-23.79819609,0 -52.39582713,-23.79808701,0 -52.39598700,-23.79798226,0 -52.39614994,-23.79788156,0 -52.39631571,-23.79778486,0 -52.39648386,-23.79769170,0 -52.39682618,-23.79751496,0 -52.39699982,-23.79743074,0 -52.39735073,-23.79726885,0 -52.39770537,-23.79711398,0 -52.39806274,-23.79696452,0 -52.39860187,-23.79674664,0 -52.39913730,-23.79653728,0</coordinates></LineString>
    </Placemark>
    <Placemark>
      <name>terra boa</name>
      <Style><LineStyle><color>ff000000</color><width>3</width></LineStyle></Style>
      <ExtendedData>
        <Data name="camada"><value>LP4</value></Data>
        <Data name="classificacao"><value>LP4 - LP4</value></Data>
      </ExtendedData>
      <LineString><tessellate>1</tessellate><coordinates>-52.39462598,-23.79902412,0 -52.39487542,-23.79877780,0 -52.39501337,-23.79864932,0 -52.39515460,-23.79852391,0 -52.39529943,-23.79840202,0 -52.39544784,-23.79828383,0 -52.39559998,-23.79816973,0 -52.39575570,-23.79805980,0 -52.39591487,-23.79795414,0 -52.39607722,-23.79785264,0 -52.39624232,-23.79775498,0 -52.39640997,-23.79766106,0 -52.39675140,-23.79748286,0 -52.39692465,-23.79739797,0 -52.39727500,-23.79723505,0 -52.39762921,-23.79707935,0 -52.39798626,-23.79692925,0 -52.39852512,-23.79671082,0 -52.39905177,-23.79650373,0</coordinates></LineString>
    </Placemark>
    <Placemark>
      <name>terra boa</name>
      <Style><LineStyle><color>ff000000</color><width>3</width></LineStyle></Style>
      <ExtendedData>
        <Data name="camada"><value>LP4</value></Data>
        <Data name="classificacao"><value>LP4 - LP4</value></Data>
      </ExtendedData>
      <LineString><tessellate>1</tessellate><coordinates>-52.39460176,-23.79895824,0 -52.39480773,-23.79875454,0 -52.39494523,-23.79862566,0 -52.39508597,-23.79849978,0 -52.39523012,-23.79837721,0 -52.39537795,-23.79825841,0 -52.39552938,-23.79814351,0 -52.39568441,-23.79803276,0 -52.39584290,-23.79792623,0 -52.39600458,-23.79782384,0 -52.39616914,-23.79772540,0 -52.39633618,-23.79763058,0 -52.39667672,-23.79745094,0 -52.39684960,-23.79736541,0 -52.39719933,-23.79720137,0 -52.39755309,-23.79704482,0 -52.39790981,-23.79689403,0 -52.39844840,-23.79667504,0 -52.39896461,-23.79647117,0</coordinates></LineString>
    </Placemark>
    <Placemark>
      <name>terra boa</name>
      <Style><LineStyle><color>ff000000</color><width>3</width></LineStyle></Style>
      <ExtendedData>
        <Data name="camada"><value>LP4</value></Data>
        <Data name="classificacao"><value>LP4 - LP4</value></Data>
      </ExtendedData>
      <LineString><tessellate>1</tessellate><coordinates>-52.39457745,-23.79889207,0 -52.39474015,-23.79873138,0 -52.39487719,-23.79860209,0 -52.39501735,-23.79847565,0 -52.39516099,-23.79835258,0 -52.39530814,-23.79823307,0 -52.39545892,-23.79811745,0 -52.39561326,-23.79800588,0 -52.39577107,-23.79789850,0 -52.39593210,-23.79779525,0 -52.39609603,-23.79769593,0 -52.39626257,-23.79760036,0 -52.39643134,-23.79750816,0 -52.39677463,-23.79733299,0 -52.39694857,-23.79724932,0 -52.39729993,-23.79708824,0 -52.39765490,-23.79693401,0 -52.39801245,-23.79678491,0 -52.39888082,-23.79643745,0</coordinates></LineString>
    </Placemark>
    <Placemark>
      <name>terra boa</name>
      <Style><LineStyle><color>ff000000</color><width>3</width></LineStyle></Style>
      <ExtendedData>
        <Data name="camada"><value>LP4</value></Data>
        <Data name="classificacao"><value>LP4 - LP4</value></Data>
      </ExtendedData>
      <LineString><tessellate>1</tessellate><coordinates>-52.39455321,-23.79882611,0 -52.39480916,-23.79857852,0 -52.39494890,-23.79845170,0 -52.39509192,-23.79832802,0 -52.39523846,-23.79820787,0 -52.39538859,-23.79809153,0 -52.39554225,-23.79797917,0 -52.39569937,-23.79787094,0 -52.39585976,-23.79776685,0 -52.39602308,-23.79766669,0 -52.39618904,-23.79757025,0 -52.39635734,-23.79747733,0 -52.39669973,-23.79730069,0 -52.39687334,-23.79721644,0 -52.39722416,-23.79705437,0 -52.39757869,-23.79689929,0 -52.39793595,-23.79674960,0 -52.39879918,-23.79640312,0</coordinates></LineString>
    </Placemark>
    <Placemark>
      <name>terra boa</name>
      <Style><LineStyle><color>ff000000</color><width>3</width></LineStyle></Style>
      <ExtendedData>
        <Data name="camada"><value>LP4</value></Data>
        <Data name="classificacao"><value>LP4 - LP4</value></Data>
      </ExtendedData>
      <LineString><tessellate>1</tessellate><coordinates>-52.39452911,-23.79876055,0 -52.39474130,-23.79855511,0 -52.39488048,-23.79842777,0 -52.39502295,-23.79830355,0 -52.39516891,-23.79818280,0 -52.39531836,-23.79806573,0 -52.39547137,-23.79795263,0 -52.39562782,-23.79784357,0 -52.39578753,-23.79773860,0 -52.39595027,-23.79763763,0 -52.39611565,-23.79754037,0 -52.39628341,-23.79744663,0 -52.39662495,-23.79726859,0 -52.39679818,-23.79718369,0 -52.39714845,-23.79702061,0 -52.39750253,-23.79686467,0 -52.39785949,-23.79671436,0 -52.39871764,-23.79636884,0</coordinates></LineString>
    </Placemark>
    <Placemark>
      <name>terra boa</name>
      <Style><LineStyle><color>ff000000</color><width>3</width></LineStyle></Style>
      <ExtendedData>
        <Data name="camada"><value>LP4</value></Data>
        <Data name="classificacao"><value>LP4 - LP4</value></Data>
      </ExtendedData>
      <LineString><tessellate>1</tessellate><coordinates>-52.39450495,-23.79869479,0 -52.39467344,-23.79853170,0 -52.39481215,-23.79840393,0 -52.39495411,-23.79827921,0 -52.39509941,-23.79815780,0 -52.39524829,-23.79804011,0 -52.39540061,-23.79792622,0 -52.39555639,-23.79781636,0 -52.39571548,-23.79771058,0 -52.39587755,-23.79760871,0 -52.39604239,-23.79751068,0 -52.39620963,-23.79741614,0 -52.39655027,-23.79723667,0 -52.39672314,-23.79715113,0 -52.39707279,-23.79698696,0 -52.39742644,-23.79683018,0 -52.39778305,-23.79667919,0 -52.39814169,-23.79653232,0 -52.39863583,-23.79633483,0</coordinates></LineString>
    </Placemark>
    <Placemark>
      <name>terra boa</name>
      <Style><LineStyle><color>ff000000</color><width>3</width></LineStyle></Style>
      <ExtendedData>
        <Data name="camada"><value>LP4</value></Data>
        <Data name="classificacao"><value>LP4 - LP4</value></Data>
      </ExtendedData>
      <LineString><tessellate>1</tessellate><coordinates>-52.39448203,-23.79862782,0 -52.39474392,-23.79838018,0 -52.39488528,-23.79825489,0 -52.39503010,-23.79813299,0 -52.39517827,-23.79801454,0 -52.39533001,-23.79790000,0 -52.39548511,-23.79778933,0 -52.39564351,-23.79768268,0 -52.39580502,-23.79758006,0 -52.39596922,-23.79748112,0 -52.39613596,-23.79738585,0 -52.39647567,-23.79720487,0 -52.39664817,-23.79711872,0 -52.39699721,-23.79695343,0 -52.39735039,-23.79679577,0 -52.39770665,-23.79664408,0 -52.39806507,-23.79649675,0 -52.39855257,-23.79630144,0</coordinates></LineString>
    </Placemark>
    <Placemark>
      <name>terra boa</name>
      <Style><LineStyle><color>ff000000</color><width>3</width></LineStyle></Style>
      <ExtendedData>
        <Data name="camada"><value>LP4</value></Data>
        <Data name="classificacao"><value>LP4 - LP4</value></Data>
      </ExtendedData>
      <LineString><tessellate>1</tessellate><coordinates>-52.39445947,-23.79856135,0 -52.39467570,-23.79835644,0 -52.39481665,-23.79823076,0 -52.39496079,-23.79810818,0 -52.39510846,-23.79798921,0 -52.39525947,-23.79787385,0 -52.39541397,-23.79776245,0 -52.39557173,-23.79765502,0 -52.39573254,-23.79755147,0 -52.39589624,-23.79745184,0 -52.39606237,-23.79735566,0 -52.39623082,-23.79726296,0 -52.39657328,-23.79708643,0 -52.39674687,-23.79700214,0 -52.39709759,-23.79683989,0 -52.39763031,-23.79660908,0 -52.39798848,-23.79646125,0 -52.39846942,-23.79626809,0</coordinates></LineString>
    </Placemark>
    <Placemark>
      <name>terra boa</name>
      <Style><LineStyle><color>ff000000</color><width>3</width></LineStyle></Style>
      <ExtendedData>
        <Data name="camada"><value>LP4</value></Data>
        <Data name="classificacao"><value>LP4 - LP4</value></Data>
      </ExtendedData>
      <LineString><tessellate>1</tessellate><coordinates>-52.39443681,-23.79849454,0 -52.39460766,-23.79833286,0 -52.39474803,-23.79820663,0 -52.39489170,-23.79808359,0 -52.39503866,-23.79796388,0 -52.39518914,-23.79784793,0 -52.39534293,-23.79773572,0 -52.39550003,-23.79762746,0 -52.39566029,-23.79752319,0 -52.39582331,-23.79742262,0 -52.39598898,-23.79732577,0 -52.39615685,-23.79723219,0 -52.39649850,-23.79705433,0 -52.39667172,-23.79696940,0 -52.39702190,-23.79680617,0 -52.39755400,-23.79657416,0 -52.39791191,-23.79642579,0 -52.39838632,-23.79623476,0</coordinates></LineString>
    </Placemark>
    <Placemark>
      <name>terra boa</name>
      <Style><LineStyle><color>ff000000</color><width>3</width></LineStyle></Style>
      <ExtendedData>
        <Data name="camada"><value>LP4</value></Data>
        <Data name="classificacao"><value>LP4 - LP4</value></Data>
      </ExtendedData>
      <LineString><tessellate>1</tessellate><coordinates>-52.39441418,-23.79842786,0 -52.39453962,-23.79830930,0 -52.39467953,-23.79818263,0 -52.39482262,-23.79805902,0 -52.39496907,-23.79793877,0 -52.39511881,-23.79782202,0 -52.39527206,-23.79770918,0 -52.39542852,-23.79760014,0 -52.39558806,-23.79749495,0 -52.39575060,-23.79739370,0 -52.39591565,-23.79729597,0 -52.39608307,-23.79720171,0 -52.39642382,-23.79702240,0 -52.39659668,-23.79693685,0 -52.39694626,-23.79677255,0 -52.39747773,-23.79653931,0 -52.39783536,-23.79639039,0 -52.39830419,-23.79620108,0</coordinates></LineString>
    </Placemark>
    <Placemark>
      <name>terra boa</name>
      <Style><LineStyle><color>ff000000</color><width>3</width></LineStyle></Style>
      <ExtendedData>
        <Data name="camada"><value>LP4</value></Data>
        <Data name="classificacao"><value>LP4 - LP4</value></Data>
      </ExtendedData>
      <LineString><tessellate>1</tessellate><coordinates>-52.39439176,-23.79836177,0 -52.39461111,-23.79815870,0 -52.39475366,-23.79803455,0 -52.39489952,-23.79791371,0 -52.39504875,-23.79779640,0 -52.39520125,-23.79768271,0 -52.39535709,-23.79757292,0 -52.39551609,-23.79746703,0 -52.39567793,-23.79736486,0 -52.39584247,-23.79726640,0 -52.39600936,-23.79717133,0 -52.39634921,-23.79699060,0 -52.39652172,-23.79690445,0 -52.39687068,-23.79673903,0 -52.39740151,-23.79650456,0 -52.39775886,-23.79635507,0 -52.39822132,-23.79616776,0</coordinates></LineString>
    </Placemark>
    <Placemark>
      <name>terra boa</name>
      <Style><LineStyle><color>ff000000</color><width>3</width></LineStyle></Style>
      <ExtendedData>
        <Data name="camada"><value>LP4</value></Data>
        <Data name="classificacao"><value>LP4 - LP4</value></Data>
      </ExtendedData>
      <LineString><tessellate>1</tessellate><coordinates>-52.39436924,-23.79829540,0 -52.39454270,-23.79813479,0 -52.39468481,-23.79801021,0 -52.39483008,-23.79788877,0 -52.39497868,-23.79777078,0 -52.39513065,-23.79765648,0 -52.39528582,-23.79754590,0 -52.39544412,-23.79743912,0 -52.39560546,-23.79733627,0 -52.39576940,-23.79723698,0 -52.39593577,-23.79714115,0 -52.39627473,-23.79695900,0 -52.39644683,-23.79687216,0 -52.39679519,-23.79670568,0 -52.39697102,-23.79662542,0 -52.39732534,-23.79646993,0 -52.39768239,-23.79631981,0 -52.39813846,-23.79613448,0</coordinates></LineString>
    </Placemark>
    <Placemark>
      <name>terra boa</name>
      <Style><LineStyle><color>ff000000</color><width>3</width></LineStyle></Style>
      <ExtendedData>
        <Data name="camada"><value>LP4</value></Data>
        <Data name="classificacao"><value>LP4 - LP4</value></Data>
      </ExtendedData>
      <LineString><tessellate>1</tessellate><coordinates>-52.39434672,-23.79822901,0 -52.39447448,-23.79811104,0 -52.39461597,-23.79798587,0 -52.39476078,-23.79786396,0 -52.39490879,-23.79774535,0 -52.39506005,-23.79763026,0 -52.39521467,-23.79751902,0 -52.39537240,-23.79741154,0 -52.39553305,-23.79730779,0 -52.39569645,-23.79720774,0 -52.39586231,-23.79711116,0 -52.39603033,-23.79701780,0 -52.39620034,-23.79692756,0 -52.39637205,-23.79684007,0 -52.39671977,-23.79667245,0 -52.39689535,-23.79659172,0 -52.39724922,-23.79643537,0 -52.39760594,-23.79628461,0 -52.39805567,-23.79610123,0</coordinates></LineString>
    </Placemark>
    <Placemark>
      <name>terra boa</name>
      <Style><LineStyle><color>ff000000</color><width>3</width></LineStyle></Style>
      <ExtendedData>
        <Data name="camada"><value>LP4</value></Data>
        <Data name="classificacao"><value>LP4 - LP4</value></Data>
      </ExtendedData>
      <LineString><tessellate>1</tessellate><coordinates>-52.39432445,-23.79816337,0 -52.39454733,-23.79796174,0 -52.39469147,-23.79783915,0 -52.39483898,-23.79772001,0 -52.39498970,-23.79760433,0 -52.39514362,-23.79749226,0 -52.39530070,-23.79738398,0 -52.39546082,-23.79727954,0 -52.39562364,-23.79717869,0 -52.39578893,-23.79708128,0 -52.39612602,-23.79689623,0 -52.39629737,-23.79680814,0 -52.39664440,-23.79663933,0 -52.39681973,-23.79655814,0 -52.39717314,-23.79640091,0 -52.39752954,-23.79624950,0 -52.39797031,-23.79606909,0</coordinates></LineString>
    </Placemark>
    <Placemark>
      <name>terra boa</name>
      <Style><LineStyle><color>ff000000</color><width>3</width></LineStyle></Style>
      <ExtendedData>
        <Data name="camada"><value>LP4</value></Data>
        <Data name="classificacao"><value>LP4 - LP4</value></Data>
      </ExtendedData>
      <LineString><tessellate>1</tessellate><coordinates>-52.39430206,-23.79809738,0 -52.39447871,-23.79793761,0 -52.39462240,-23.79781459,0 -52.39476924,-23.79769474,0 -52.39491937,-23.79757842,0 -52.39507274,-23.79746572,0 -52.39522922,-23.79735670,0 -52.39538866,-23.79725138,0 -52.39555093,-23.79714977,0 -52.39571573,-23.79705168,0 -52.39588275,-23.79695682,0 -52.39605187,-23.79686517,0 -52.39622275,-23.79677632,0 -52.39656912,-23.79660635,0 -52.39674417,-23.79652465,0 -52.39709713,-23.79636658,0 -52.39745318,-23.79621447,0 -52.39788120,-23.79603853,0</coordinates></LineString>
    </Placemark>
    <Placemark>
      <name>terra boa</name>
      <Style><LineStyle><color>ff000000</color><width>3</width></LineStyle></Style>
      <ExtendedData>
        <Data name="camada"><value>LP4</value></Data>
        <Data name="classificacao"><value>LP4 - LP4</value></Data>
      </ExtendedData>
      <LineString><tessellate>1</tessellate><coordinates>-52.39427968,-23.79803141,0 -52.39441016,-23.79791356,0 -52.39455333,-23.79779002,0 -52.39469968,-23.79766968,0 -52.39484920,-23.79755268,0 -52.39500188,-23.79743919,0 -52.39515779,-23.79732948,0 -52.39531669,-23.79722347,0 -52.39547837,-23.79712108,0 -52.39564256,-23.79702213,0 -52.39597778,-23.79683421,0 -52.39614827,-23.79674472,0 -52.39649393,-23.79657354,0 -52.39666868,-23.79649130,0 -52.39702118,-23.79633235,0 -52.39737685,-23.79617951,0 -52.39779190,-23.79600814,0</coordinates></LineString>
    </Placemark>
    <Placemark>
      <name>terra boa</name>
      <Style><LineStyle><color>ff000000</color><width>3</width></LineStyle></Style>
      <ExtendedData>
        <Data name="camada"><value>LP4</value></Data>
        <Data name="classificacao"><value>LP4 - LP4</value></Data>
      </ExtendedData>
      <LineString><tessellate>1</tessellate><coordinates>-52.39425752,-23.79796612,0 -52.39448436,-23.79776556,0 -52.39463013,-23.79764461,0 -52.39477914,-23.79752706,0 -52.39493128,-23.79741297,0 -52.39508652,-23.79730247,0 -52.39524476,-23.79719562,0 -52.39540589,-23.79709249,0 -52.39556961,-23.79699288,0 -52.39573564,-23.79689656,0 -52.39590381,-23.79680343,0 -52.39607388,-23.79671326,0 -52.39641880,-23.79654084,0 -52.39659327,-23.79645810,0 -52.39694527,-23.79629822,0 -52.39730057,-23.79614463,0 -52.39760298,-23.79601869,0</coordinates></LineString>
    </Placemark>
    <Placemark>
      <name>terra boa</name>
      <Style><LineStyle><color>ff000000</color><width>3</width></LineStyle></Style>
      <ExtendedData>
        <Data name="camada"><value>LP4</value></Data>
        <Data name="classificacao"><value>LP4 - LP4</value></Data>
      </ExtendedData>
      <LineString><tessellate>1</tessellate><coordinates>-52.39423527,-23.79790052,0 -52.39441552,-23.79774122,0 -52.39456076,-23.79761974,0 -52.39470911,-23.79750149,0 -52.39486068,-23.79738675,0 -52.39501538,-23.79727559,0 -52.39517306,-23.79716806,0 -52.39533358,-23.79706413,0 -52.39549669,-23.79696368,0 -52.39566226,-23.79686668,0 -52.39582996,-23.79677284,0 -52.39599955,-23.79668193,0 -52.39634375,-23.79650828,0 -52.39651792,-23.79642500,0 -52.39686942,-23.79626420,0 -52.39740341,-23.79603440,0</coordinates></LineString>
    </Placemark>
    <Placemark>
      <name>terra boa</name>
      <Style><LineStyle><color>ff000000</color><width>3</width></LineStyle></Style>
      <ExtendedData>
        <Data name="camada"><value>LP4</value></Data>
        <Data name="classificacao"><value>LP4 - LP4</value></Data>
      </ExtendedData>
      <LineString><tessellate>1</tessellate><coordinates>-52.39421300,-23.79783488,0 -52.39434668,-23.79771687,0 -52.39449145,-23.79759493,0 -52.39463930,-23.79747615,0 -52.39479026,-23.79736073,0 -52.39494430,-23.79724881,0 -52.39510136,-23.79714050,0 -52.39526135,-23.79703588,0 -52.39542397,-23.79693476,0 -52.39558898,-23.79683696,0 -52.39575617,-23.79674235,0 -52.39592538,-23.79665084,0 -52.39626881,-23.79647590,0 -52.39644264,-23.79639203,0 -52.39679365,-23.79623032,0 -52.39719651,-23.79605469,0</coordinates></LineString>
    </Placemark>
    <Placemark>
      <name>terra boa</name>
      <Style><LineStyle><color>ff000000</color><width>3</width></LineStyle></Style>
      <ExtendedData>
        <Data name="camada"><value>LP4</value></Data>
        <Data name="classificacao"><value>LP4 - LP4</value></Data>
      </ExtendedData>
      <LineString><tessellate>1</tessellate><coordinates>-52.39418990,-23.79777100,0 -52.39442218,-23.79757015,0 -52.39456950,-23.79745082,0 -52.39471993,-23.79733482,0 -52.39487343,-23.79722227,0 -52.39502991,-23.79711326,0 -52.39518927,-23.79700783,0 -52.39535129,-23.79690588,0 -52.39551581,-23.79680740,0 -52.39568255,-23.79671213,0 -52.39602182,-23.79653045,0 -52.39619393,-23.79644363,0 -52.39654216,-23.79627692,0 -52.39698125,-23.79608007,0</coordinates></LineString>
    </Placemark>
    <Placemark>
      <name>terra boa</name>
      <Style><LineStyle><color>ff000000</color><width>3</width></LineStyle></Style>
      <ExtendedData>
        <Data name="camada"><value>LP4</value></Data>
        <Data name="classificacao"><value>LP4 - LP4</value></Data>
      </ExtendedData>
      <LineString><tessellate>1</tessellate><coordinates>-52.39416611,-23.79770726,0 -52.39435311,-23.79754559,0 -52.39449985,-23.79742565,0 -52.39464966,-23.79730896,0 -52.39480256,-23.79719572,0 -52.39495849,-23.79708604,0 -52.39511730,-23.79697992,0 -52.39527881,-23.79687730,0 -52.39544278,-23.79677803,0 -52.39560897,-23.79668195,0 -52.39594741,-23.79649897,0 -52.39629234,-23.79632655,0 -52.39674982,-23.79611459,0</coordinates></LineString>
    </Placemark>
    <Placemark>
      <name>terra boa</name>
      <Style><LineStyle><color>ff000000</color><width>3</width></LineStyle></Style>
      <ExtendedData>
        <Data name="camada"><value>LP4</value></Data>
        <Data name="classificacao"><value>LP4 - LP4</value></Data>
      </ExtendedData>
      <LineString><tessellate>1</tessellate><coordinates>-52.39414223,-23.79764325,0 -52.39428403,-23.79752102,0 -52.39443029,-23.79740058,0 -52.39457959,-23.79728334,0 -52.39473192,-23.79716946,0 -52.39488723,-23.79705903,0 -52.39504543,-23.79695214,0 -52.39520634,-23.79684872,0 -52.39536983,-23.79674878,0 -52.39553559,-23.79665207,0 -52.39587309,-23.79646763,0 -52.39621729,-23.79629400,0 -52.39650884,-23.79615617,0</coordinates></LineString>
    </Placemark>
    <Placemark>
      <name>terra boa</name>
      <Style><LineStyle><color>ff000000</color><width>3</width></LineStyle></Style>
      <ExtendedData>
        <Data name="camada"><value>LP4</value></Data>
        <Data name="classificacao"><value>LP4 - LP4</value></Data>
      </ExtendedData>
      <LineString><tessellate>1</tessellate><coordinates>-52.39411873,-23.79758027,0 -52.39436074,-23.79737552,0 -52.39450953,-23.79725773,0 -52.39466132,-23.79714324,0 -52.39481608,-23.79703216,0 -52.39497373,-23.79692458,0 -52.39513411,-23.79682047,0 -52.39529702,-23.79671975,0 -52.39546224,-23.79662224,0 -52.39562961,-23.79652792,0 -52.39596984,-23.79634777,0 -52.39626006,-23.79620480,0</coordinates></LineString>
    </Placemark>
    <Placemark>
      <name>terra boa</name>
      <Style><LineStyle><color>ff000000</color><width>3</width></LineStyle></Style>
      <ExtendedData>
        <Data name="camada"><value>LP4</value></Data>
        <Data name="classificacao"><value>LP4 - LP4</value></Data>
      </ExtendedData>
      <LineString><tessellate>1</tessellate><coordinates>-52.39409509,-23.79751693,0 -52.39429143,-23.79735071,0 -52.39443963,-23.79723229,0 -52.39459082,-23.79711713,0 -52.39474499,-23.79700535,0 -52.39490204,-23.79689703,0 -52.39506189,-23.79679223,0 -52.39522431,-23.79669083,0 -52.39538907,-23.79659268,0 -52.39572475,-23.79640546,0 -52.39598635,-23.79627028,0</coordinates></LineString>
    </Placemark>
    <Placemark>
      <name>terra boa</name>
      <Style><LineStyle><color>ff000000</color><width>3</width></LineStyle></Style>
      <ExtendedData>
        <Data name="camada"><value>LP4</value></Data>
        <Data name="classificacao"><value>LP4 - LP4</value></Data>
      </ExtendedData>
      <LineString><tessellate>1</tessellate><coordinates>-52.39407183,-23.79745277,0 -52.39422212,-23.79732590,0 -52.39436982,-23.79720695,0 -52.39452049,-23.79709122,0 -52.39467411,-23.79697881,0 -52.39483061,-23.79686982,0 -52.39498988,-23.79676427,0 -52.39515172,-23.79666210,0 -52.39531594,-23.79656317,0 -52.39548236,-23.79646743,0 -52.39570064,-23.79634830,0</coordinates></LineString>
    </Placemark>
    <Placemark>
      <name>terra boa</name>
      <Style><LineStyle><color>ff000000</color><width>3</width></LineStyle></Style>
      <ExtendedData>
        <Data name="camada"><value>LP4</value></Data>
        <Data name="classificacao"><value>LP4 - LP4</value></Data>
      </ExtendedData>
      <LineString><tessellate>1</tessellate><coordinates>-52.39404983,-23.79738873,0 -52.39430002,-23.79718162,0 -52.39445017,-23.79706530,0 -52.39460324,-23.79695227,0 -52.39475919,-23.79684260,0 -52.39491791,-23.79673636,0 -52.39507925,-23.79663351,0 -52.39524299,-23.79653393,0 -52.39541020,-23.79643676,0</coordinates></LineString>
    </Placemark>
    <Placemark>
      <name>terra boa</name>
      <Style><LineStyle><color>ff000000</color><width>3</width></LineStyle></Style>
      <ExtendedData>
        <Data name="camada"><value>LP4</value></Data>
        <Data name="classificacao"><value>LP4 - LP4</value></Data>
      </ExtendedData>
      <LineString><tessellate>1</tessellate><coordinates>-52.39568241,-23.80130374,0 -52.39572017,-23.80123477,0 -52.39581866,-23.80107858,0 -52.39592687,-23.80092793,0 -52.39604348,-23.80078268,0 -52.39616707,-23.80064239,0 -52.39629577,-23.80050603,0 -52.39642769,-23.80037230,0 -52.39656276,-23.80024126,0 -52.39670198,-23.80011396,0 -52.39684612,-23.79999138,0 -52.39699569,-23.79987446,0 -52.39715085,-23.79976387,0 -52.39731120,-23.79965974,0 -52.39747586,-23.79956145,0 -52.39764398,-23.79946825,0 -52.39781481,-23.79937932,0 -52.39816242,-23.79921151,0 -52.39833835,-23.79913144,0 -52.39869321,-23.79897699,0 -52.39923049,-23.79875527,0 -52.39977077,-23.79853982,0 -52.40013374,-23.79840226,0 -52.40031711,-23.79833785,0 -52.40068769,-23.79821873,0 -52.40087483,-23.79816427,0 -52.40125185,-23.79806371,0 -52.40144164,-23.79801765,0 -52.40182310,-23.79793240,0 -52.40231024,-23.79783590,0</coordinates></LineString>
    </Placemark>
    <Placemark>
      <name>terra boa</name>
      <Style><LineStyle><color>ff000000</color><width>3</width></LineStyle></Style>
      <ExtendedData>
        <Data name="camada"><value>LP4</value></Data>
        <Data name="classificacao"><value>LP4 - LP4</value></Data>
      </ExtendedData>
      <LineString><tessellate>1</tessellate><coordinates>-52.39562141,-23.80127944,0 -52.39565669,-23.80121449,0 -52.39575470,-23.80105804,0 -52.39586210,-23.80090691,0 -52.39597789,-23.80076110,0 -52.39610077,-23.80062028,0 -52.39622895,-23.80048352,0 -52.39636043,-23.80034942,0 -52.39649505,-23.80021799,0 -52.39663356,-23.80009004,0 -52.39677681,-23.79996657,0 -52.39692540,-23.79984859,0 -52.39707951,-23.79973676,0 -52.39723886,-23.79963134,0 -52.39740265,-23.79953184,0 -52.39757002,-23.79943750,0 -52.39774027,-23.79934763,0 -52.39808700,-23.79917830,0 -52.39826262,-23.79909764,0 -52.39861699,-23.79894225,0 -52.39915386,-23.79871969,0 -52.39969394,-23.79850381,0 -52.40005635,-23.79836502,0 -52.40023930,-23.79829960,0 -52.40042354,-23.79823733,0 -52.40079583,-23.79812282,0 -52.40117239,-23.79802077,0 -52.40136187,-23.79797368,0 -52.40174289,-23.79788677,0 -52.40222167,-23.79779015,0</coordinates></LineString>
    </Placemark>
    <Placemark>
      <name>terra boa</name>
      <Style><LineStyle><color>ff000000</color><width>3</width></LineStyle></Style>
      <ExtendedData>
        <Data name="camada"><value>LP4</value></Data>
        <Data name="classificacao"><value>LP4 - LP4</value></Data>
      </ExtendedData>
      <LineString><tessellate>1</tessellate><coordinates>-52.39556639,-23.80124405,0 -52.39559324,-23.80119423,0 -52.39569074,-23.80103751,0 -52.39579732,-23.80088588,0 -52.39591230,-23.80073952,0 -52.39603446,-23.80059818,0 -52.39616214,-23.80046101,0 -52.39629329,-23.80032664,0 -52.39642736,-23.80019474,0 -52.39656527,-23.80006623,0 -52.39670772,-23.79994200,0 -52.39685533,-23.79982298,0 -52.39700836,-23.79970989,0 -52.39716671,-23.79960320,0 -52.39732963,-23.79950249,0 -52.39749623,-23.79940702,0 -52.39766586,-23.79931615,0 -52.39783782,-23.79922908,0 -52.39818697,-23.79906399,0 -52.39836341,-23.79898487,0 -52.39871905,-23.79883196,0 -52.39907725,-23.79868416,0 -52.39961712,-23.79846783,0 -52.39997900,-23.79832785,0 -52.40016159,-23.79826159,0 -52.40053064,-23.79813852,0 -52.40090449,-23.79802840,0 -52.40109294,-23.79797791,0 -52.40128222,-23.79793011,0 -52.40166283,-23.79784172,0 -52.40212248,-23.79774709,0</coordinates></LineString>
    </Placemark>
    <Placemark>
      <name>terra boa</name>
      <Style><LineStyle><color>ff000000</color><width>3</width></LineStyle></Style>
      <ExtendedData>
        <Data name="camada"><value>LP4</value></Data>
        <Data name="classificacao"><value>LP4 - LP4</value></Data>
      </ExtendedData>
      <LineString><tessellate>1</tessellate><coordinates>-52.39551708,-23.80119811,0 -52.39562678,-23.80101697,0 -52.39573258,-23.80086487,0 -52.39584694,-23.80071811,0 -52.39596838,-23.80057624,0 -52.39609542,-23.80043858,0 -52.39622615,-23.80030386,0 -52.39635982,-23.80017161,0 -52.39649705,-23.80004249,0 -52.39663874,-23.79991752,0 -52.39678546,-23.79979757,0 -52.39693748,-23.79968335,0 -52.39709475,-23.79957530,0 -52.39725678,-23.79947339,0 -52.39742263,-23.79937681,0 -52.39759159,-23.79928490,0 -52.39776303,-23.79919697,0 -52.39811139,-23.79903049,0 -52.39828756,-23.79895085,0 -52.39864276,-23.79879706,0 -52.39900067,-23.79864868,0 -52.39954033,-23.79843192,0 -52.39990180,-23.79829105,0 -52.40008400,-23.79822389,0 -52.40026746,-23.79815968,0 -52.40045232,-23.79809897,0 -52.40063830,-23.79804126,0 -52.40101359,-23.79793535,0 -52.40120257,-23.79788655,0 -52.40158279,-23.79779677,0 -52.40202055,-23.79770477,0</coordinates></LineString>
    </Placemark>
    <Placemark>
      <name>terra boa</name>
      <Style><LineStyle><color>ff000000</color><width>3</width></LineStyle></Style>
      <ExtendedData>
        <Data name="camada"><value>LP4</value></Data>
        <Data name="classificacao"><value>LP4 - LP4</value></Data>
      </ExtendedData>
      <LineString><tessellate>1</tessellate><coordinates>-52.39547420,-23.80114163,0 -52.39556282,-23.80099643,0 -52.39566808,-23.80084402,0 -52.39578162,-23.80069672,0 -52.39590229,-23.80055430,0 -52.39602875,-23.80041618,0 -52.39615912,-23.80028117,0 -52.39629229,-23.80014850,0 -52.39642899,-23.80001891,0 -52.39656990,-23.79989318,0 -52.39671572,-23.79977230,0 -52.39686678,-23.79965701,0 -52.39702304,-23.79954774,0 -52.39718411,-23.79944454,0 -52.39734918,-23.79934684,0 -52.39751745,-23.79925387,0 -52.39768835,-23.79916506,0 -52.39803590,-23.79899713,0 -52.39821178,-23.79891696,0 -52.39856651,-23.79876227,0 -52.39892412,-23.79861327,0 -52.39928348,-23.79846789,0 -52.39964384,-23.79832460,0 -52.40000653,-23.79818643,0 -52.40037403,-23.79805952,0 -52.40074649,-23.79794547,0 -52.40093436,-23.79789319,0 -52.40112309,-23.79784358,0 -52.40150277,-23.79775187,0 -52.40191491,-23.79766334,0</coordinates></LineString>
    </Placemark>
    <Placemark>
      <name>terra boa</name>
      <Style><LineStyle><color>ff000000</color><width>3</width></LineStyle></Style>
      <ExtendedData>
        <Data name="camada"><value>LP4</value></Data>
        <Data name="classificacao"><value>LP4 - LP4</value></Data>
      </ExtendedData>
      <LineString><tessellate>1</tessellate><coordinates>-52.39543871,-23.80107540,0 -52.39549886,-23.80097589,0 -52.39560359,-23.80082317,0 -52.39571629,-23.80067533,0 -52.39583625,-23.80053240,0 -52.39596212,-23.80039382,0 -52.39609209,-23.80025849,0 -52.39622489,-23.80012550,0 -52.39636097,-23.79999535,0 -52.39650122,-23.79986901,0 -52.39664616,-23.79974724,0 -52.39679624,-23.79963086,0 -52.39695154,-23.79952043,0 -52.39711163,-23.79941596,0 -52.39727590,-23.79931712,0 -52.39744348,-23.79922310,0 -52.39761381,-23.79913335,0 -52.39796050,-23.79896395,0 -52.39813607,-23.79888320,0 -52.39849031,-23.79872757,0 -52.39884761,-23.79857794,0 -52.39920678,-23.79843216,0 -52.39956701,-23.79828861,0 -52.39992915,-23.79814921,0 -52.40029593,-23.79802053,0 -52.40048120,-23.79796091,0 -52.40085514,-23.79785105,0 -52.40123293,-23.79775296,0 -52.40142292,-23.79770761,0 -52.40181191,-23.79762215,0</coordinates></LineString>
    </Placemark>
    <Placemark>
      <name>terra boa</name>
      <Style><LineStyle><color>ff000000</color><width>3</width></LineStyle></Style>
      <ExtendedData>
        <Data name="camada"><value>LP4</value></Data>
        <Data name="classificacao"><value>LP4 - LP4</value></Data>
      </ExtendedData>
      <LineString><tessellate>1</tessellate><coordinates>-52.39540600,-23.80100401,0 -52.39543515,-23.80095549,0 -52.39553909,-23.80080232,0 -52.39565109,-23.80065402,0 -52.39577040,-23.80051063,0 -52.39589561,-23.80037156,0 -52.39602514,-23.80023587,0 -52.39615750,-23.80010251,0 -52.39629311,-23.79997194,0 -52.39643261,-23.79984490,0 -52.39657678,-23.79972236,0 -52.39672591,-23.79960495,0 -52.39688020,-23.79949333,0 -52.39703938,-23.79938769,0 -52.39720278,-23.79928764,0 -52.39736967,-23.79919258,0 -52.39753939,-23.79910186,0 -52.39788519,-23.79893093,0 -52.39806043,-23.79884959,0 -52.39841417,-23.79869297,0 -52.39877112,-23.79854267,0 -52.39913009,-23.79839646,0 -52.39967066,-23.79818161,0 -52.39985189,-23.79811226,0 -52.40021789,-23.79798170,0 -52.40058892,-23.79786380,0 -52.40077614,-23.79780959,0 -52.40115328,-23.79770939,0 -52.40134307,-23.79766335,0 -52.40171069,-23.79758099,0</coordinates></LineString>
    </Placemark>
    <Placemark>
      <name>terra boa</name>
      <Style><LineStyle><color>ff000000</color><width>3</width></LineStyle></Style>
      <ExtendedData>
        <Data name="camada"><value>LP4</value></Data>
        <Data name="classificacao"><value>LP4 - LP4</value></Data>
      </ExtendedData>
      <LineString><tessellate>1</tessellate><coordinates>-52.39402778,-23.79732453,0 -52.39423046,-23.79715655,0 -52.39438005,-23.79703963,0 -52.39453256,-23.79692595,0 -52.39468794,-23.79681560,0 -52.39484609,-23.79670865,0 -52.39509416,-23.79655140,0</coordinates></LineString>
    </Placemark>
    <Placemark>
      <name>terra boa</name>
      <Style><LineStyle><color>ff000000</color><width>3</width></LineStyle></Style>
      <ExtendedData>
        <Data name="camada"><value>LP4</value></Data>
        <Data name="classificacao"><value>LP4 - LP4</value></Data>
      </ExtendedData>
      <LineString><tessellate>1</tessellate><coordinates>-52.39400382,-23.79726143,0 -52.39416091,-23.79713149,0 -52.39430998,-23.79701401,0 -52.39446196,-23.79689972,0 -52.39461679,-23.79678873,0 -52.39479072,-23.79667047,0</coordinates></LineString>
    </Placemark>
    <Placemark>
      <name>terra boa</name>
      <Style><LineStyle><color>ff000000</color><width>3</width></LineStyle></Style>
      <ExtendedData>
        <Data name="camada"><value>LP4</value></Data>
        <Data name="classificacao"><value>LP4 - LP4</value></Data>
      </ExtendedData>
      <LineString><tessellate>1</tessellate><coordinates>-52.39398006,-23.79719906,0 -52.39423995,-23.79698843,0 -52.39445551,-23.79682713,0</coordinates></LineString>
    </Placemark>
    <Placemark>
      <name>terra boa</name>
      <Style><LineStyle><color>ff000000</color><width>3</width></LineStyle></Style>
      <ExtendedData>
        <Data name="camada"><value>LP4</value></Data>
        <Data name="classificacao"><value>LP4 - LP4</value></Data>
      </ExtendedData>
      <LineString><tessellate>1</tessellate><coordinates>-52.39395633,-23.79713675,0 -52.39418882,-23.79694881,0</coordinates></LineString>
    </Placemark>
    <Placemark>
      <name>terra boa</name>
      <Style><LineStyle><color>ff000000</color><width>3</width></LineStyle></Style>
      <ExtendedData>
        <Data name="camada"><value>LP4</value></Data>
        <Data name="classificacao"><value>LP4 - LP4</value></Data>
      </ExtendedData>
      <LineString><tessellate>1</tessellate><coordinates>-52.39393265,-23.79707458,0 -52.39396199,-23.79705059,0</coordinates></LineString>
    </Placemark>
    <Placemark>
      <name>terra boa</name>
      <Style><LineStyle><color>ff000000</color><width>3</width></LineStyle></Style>
      <ExtendedData>
        <Data name="camada"><value>LP5</value></Data>
        <Data name="classificacao"><value>LP5 - LP5</value></Data>
      </ExtendedData>
      <LineString><tessellate>1</tessellate><coordinates>-52.40274094,-23.80118203,0 -52.40273099,-23.80109916,0 -52.40273194,-23.80102947,0 -52.40274530,-23.80093095,0 -52.40276503,-23.80085176,0 -52.40280438,-23.80074031,0 -52.40283209,-23.80068231,0 -52.40288540,-23.80059310,0 -52.40293363,-23.80052807,0 -52.40300501,-23.80044610,0 -52.40306370,-23.80039335,0 -52.40311952,-23.80035095,0 -52.40322227,-23.80028735,0 -52.40327863,-23.80025761,0 -52.40339637,-23.80020417,0 -52.40347278,-23.80017631,0 -52.40358228,-23.80014706,0 -52.40370280,-23.80012402,0 -52.40388354,-23.80010567,0 -52.40397101,-23.80010230,0 -52.40416725,-23.80010388,0 -52.40436318,-23.80011419,0 -52.40455856,-23.80013141,0 -52.40475310,-23.80015539,0 -52.40494687,-23.80018412,0 -52.40513972,-23.80021773,0 -52.40552318,-23.80029500,0 -52.40571353,-23.80033904,0 -52.40609157,-23.80043632,0 -52.40646529,-23.80054684,0 -52.40665045,-23.80060676,0 -52.40683426,-23.80067009,0 -52.40701675,-23.80073660,0 -52.40730792,-23.80085025,0</coordinates></LineString>
    </Placemark>
    <Placemark>
      <name>terra boa</name>
      <Style><LineStyle><color>ff000000</color><width>3</width></LineStyle></Style>
      <ExtendedData>
        <Data name="camada"><value>LP5</value></Data>
        <Data name="classificacao"><value>LP5 - LP5</value></Data>
      </ExtendedData>
      <LineString><tessellate>1</tessellate><coordinates>-52.40267533,-23.80118279,0 -52.40266779,-23.80113934,0 -52.40266434,-23.80105697,0 -52.40267334,-23.80095803,0 -52.40268956,-23.80087817,0 -52.40271202,-23.80080050,0 -52.40274817,-23.80070601,0 -52.40278087,-23.80063950,0 -52.40283943,-23.80054644,0 -52.40288810,-23.80048192,0 -52.40295825,-23.80040291,0 -52.40303359,-23.80033622,0 -52.40310622,-23.80028479,0 -52.40318614,-23.80023615,0 -52.40327390,-23.80019125,0 -52.40338082,-23.80014359,0 -52.40345315,-23.80011809,0 -52.40352616,-23.80009706,0 -52.40364286,-23.80007241,0 -52.40378310,-23.80005249,0 -52.40398076,-23.80004092,0 -52.40403327,-23.80004089,0 -52.40422947,-23.80004521,0 -52.40442527,-23.80005764,0 -52.40462039,-23.80007718,0 -52.40481477,-23.80010217,0 -52.40500826,-23.80013251,0 -52.40539290,-23.80020458,0 -52.40558394,-23.80024605,0 -52.40596345,-23.80033836,0 -52.40633889,-23.80044379,0 -52.40670986,-23.80056188,0 -52.40707569,-23.80069284,0 -52.40727197,-23.80076891,0</coordinates></LineString>
    </Placemark>
    <Placemark>
      <name>terra boa</name>
      <Style><LineStyle><color>ff000000</color><width>3</width></LineStyle></Style>
      <ExtendedData>
        <Data name="camada"><value>LP5</value></Data>
        <Data name="classificacao"><value>LP5 - LP5</value></Data>
      </ExtendedData>
      <LineString><tessellate>1</tessellate><coordinates>-52.40260710,-23.80118290,0 -52.40259812,-23.80108450,0 -52.40260247,-23.80098929,0 -52.40261584,-23.80090496,0 -52.40263539,-23.80082552,0 -52.40266723,-23.80073083,0 -52.40270001,-23.80065396,0 -52.40274832,-23.80056666,0 -52.40280268,-23.80048686,0 -52.40285870,-23.80041753,0 -52.40290677,-23.80036419,0 -52.40294637,-23.80032665,0 -52.40299406,-23.80028725,0 -52.40309325,-23.80021842,0 -52.40321524,-23.80015053,0 -52.40332778,-23.80009909,0 -52.40342912,-23.80006114,0 -52.40351204,-23.80003749,0 -52.40359242,-23.80001915,0 -52.40377579,-23.79999189,0 -52.40397935,-23.79997997,0 -52.40409555,-23.79998006,0 -52.40429165,-23.79998732,0 -52.40448727,-23.80000198,0 -52.40468221,-23.80002294,0 -52.40487633,-23.80004961,0 -52.40506961,-23.80008105,0 -52.40526216,-23.80011612,0 -52.40545383,-23.80015500,0 -52.40583474,-23.80024230,0 -52.40621178,-23.80034278,0 -52.40658464,-23.80045572,0 -52.40676920,-23.80051720,0 -52.40695254,-23.80058168,0 -52.40724014,-23.80069042,0</coordinates></LineString>
    </Placemark>
    <Placemark>
      <name>terra boa</name>
      <Style><LineStyle><color>ff000000</color><width>3</width></LineStyle></Style>
      <ExtendedData>
        <Data name="camada"><value>LP5</value></Data>
        <Data name="classificacao"><value>LP5 - LP5</value></Data>
      </ExtendedData>
      <LineString><tessellate>1</tessellate><coordinates>-52.40254065,-23.80118438,0 -52.40253274,-23.80111202,0 -52.40253297,-23.80102502,0 -52.40254372,-23.80093202,0 -52.40255954,-23.80085415,0 -52.40258830,-23.80075632,0 -52.40261913,-23.80067393,0 -52.40266047,-23.80058859,0 -52.40271683,-23.80049615,0 -52.40276213,-23.80043433,0 -52.40281879,-23.80036552,0 -52.40288709,-23.80029534,0 -52.40294760,-23.80024339,0 -52.40303773,-23.80017999,0 -52.40311748,-23.80013185,0 -52.40320551,-23.80008655,0 -52.40332894,-23.80003134,0 -52.40349040,-23.79997962,0 -52.40357217,-23.79996097,0 -52.40367097,-23.79994345,0 -52.40376576,-23.79993163,0 -52.40387081,-23.79992314,0 -52.40396156,-23.79991964,0 -52.40415780,-23.79992070,0 -52.40435379,-23.79993004,0 -52.40454923,-23.79994664,0 -52.40474395,-23.79996930,0 -52.40493785,-23.79999731,0 -52.40513097,-23.80002959,0 -52.40532324,-23.80006590,0 -52.40570547,-23.80014815,0 -52.40589521,-23.80019438,0 -52.40627188,-23.80029603,0 -52.40645865,-23.80035159,0 -52.40682853,-23.80047252,0 -52.40701168,-23.80053747,0 -52.40721347,-23.80061363,0</coordinates></LineString>
    </Placemark>
    <Placemark>
      <name>terra boa</name>
      <Style><LineStyle><color>ff000000</color><width>3</width></LineStyle></Style>
      <ExtendedData>
        <Data name="camada"><value>LP5</value></Data>
        <Data name="classificacao"><value>LP5 - LP5</value></Data>
      </ExtendedData>
      <LineString><tessellate>1</tessellate><coordinates>-52.40247411,-23.80118612,0 -52.40246852,-23.80113948,0 -52.40246516,-23.80106552,0 -52.40247297,-23.80095926,0 -52.40248465,-23.80088672,0 -52.40251101,-23.80078228,0 -52.40253854,-23.80069981,0 -52.40257553,-23.80061187,0 -52.40263065,-23.80051022,0 -52.40266838,-23.80045298,0 -52.40272901,-23.80037226,0 -52.40278500,-23.80030789,0 -52.40285428,-23.80023892,0 -52.40292510,-23.80018187,0 -52.40301905,-23.80011737,0 -52.40315185,-23.80004345,0 -52.40330301,-23.79997521,0 -52.40338547,-23.79994597,0 -52.40356415,-23.79990000,0 -52.40363315,-23.79988800,0 -52.40376117,-23.79987069,0 -52.40382778,-23.79986538,0 -52.40402382,-23.79985803,0 -52.40422004,-23.79986159,0 -52.40441588,-23.79987349,0 -52.40461114,-23.79989177,0 -52.40480563,-23.79991607,0 -52.40499937,-23.79994500,0 -52.40519219,-23.79997874,0 -52.40557567,-23.80005591,0 -52.40576610,-23.80009966,0 -52.40614428,-23.80019646,0 -52.40633192,-23.80024948,0 -52.40670370,-23.80036537,0 -52.40688787,-23.80042784,0 -52.40717938,-23.80053480,0</coordinates></LineString>
    </Placemark>
    <Placemark>
      <name>terra boa</name>
      <Style><LineStyle><color>ff000000</color><width>3</width></LineStyle></Style>
      <ExtendedData>
        <Data name="camada"><value>LP5</value></Data>
        <Data name="classificacao"><value>LP5 - LP5</value></Data>
      </ExtendedData>
      <LineString><tessellate>1</tessellate><coordinates>-52.40240788,-23.80118786,0 -52.40239889,-23.80106511,0 -52.40240335,-23.80098663,0 -52.40241949,-23.80087566,0 -52.40243526,-23.80080862,0 -52.40245845,-23.80072956,0 -52.40249309,-23.80063616,0 -52.40254429,-23.80052952,0 -52.40257744,-23.80047330,0 -52.40263881,-23.80038333,0 -52.40268650,-23.80032331,0 -52.40275941,-23.80024133,0 -52.40286162,-23.80015057,0 -52.40296924,-23.80007520,0 -52.40304883,-23.80002754,0 -52.40313711,-23.79998184,0 -52.40327707,-23.79991909,0 -52.40336364,-23.79988839,0 -52.40355001,-23.79984042,0 -52.40369457,-23.79981749,0 -52.40375386,-23.79981009,0 -52.40388989,-23.79980039,0 -52.40397513,-23.79979711,0 -52.40408609,-23.79979704,0 -52.40428222,-23.79980370,0 -52.40447794,-23.79981723,0 -52.40467296,-23.79983754,0 -52.40486730,-23.79986285,0 -52.40506073,-23.79989350,0 -52.40525341,-23.79992793,0 -52.40544538,-23.79996557,0 -52.40563646,-23.80000684,0 -52.40601608,-23.80009876,0 -52.40620449,-23.80014938,0 -52.40639183,-23.80020327,0 -52.40676323,-23.80032020,0 -52.40712100,-23.80044669,0</coordinates></LineString>
    </Placemark>
    <Placemark>
      <name>terra boa</name>
      <Style><LineStyle><color>ff000000</color><width>3</width></LineStyle></Style>
      <ExtendedData>
        <Data name="camada"><value>LP5</value></Data>
        <Data name="classificacao"><value>LP5 - LP5</value></Data>
      </ExtendedData>
      <LineString><tessellate>1</tessellate><coordinates>-52.40234097,-23.80118962,0 -52.40233382,-23.80111658,0 -52.40233455,-23.80101407,0 -52.40234537,-23.80091495,0 -52.40236087,-23.80083527,0 -52.40237921,-23.80076304,0 -52.40241285,-23.80066124,0 -52.40245801,-23.80055446,0 -52.40248921,-23.80049505,0 -52.40254827,-23.80039920,0 -52.40259062,-23.80034058,0 -52.40266455,-23.80025016,0 -52.40271199,-23.80019877,0 -52.40276218,-23.80015119,0 -52.40285613,-23.80007650,0 -52.40294485,-23.80001632,0 -52.40301744,-23.79997384,0 -52.40308846,-23.79993636,0 -52.40325113,-23.79986296,0 -52.40337264,-23.79982193,0 -52.40343675,-23.79980346,0 -52.40356238,-23.79977624,0 -52.40363915,-23.79976289,0 -52.40375629,-23.79974872,0 -52.40385807,-23.79974060,0 -52.40395211,-23.79973698,0 -52.40414835,-23.79973752,0 -52.40434440,-23.79974589,0 -52.40453990,-23.79976190,0 -52.40473479,-23.79978331,0 -52.40492883,-23.79981049,0 -52.40512209,-23.79984204,0 -52.40531462,-23.79987713,0 -52.40550632,-23.79991591,0 -52.40588731,-23.80000292,0 -52.40607646,-23.80005115,0 -52.40645174,-23.80015707,0 -52.40663782,-23.80021455,0 -52.40682265,-23.80027531,0 -52.40707454,-23.80036428,0</coordinates></LineString>
    </Placemark>
    <Placemark>
      <name>terra boa</name>
      <Style><LineStyle><color>ff000000</color><width>3</width></LineStyle></Style>
      <ExtendedData>
        <Data name="camada"><value>LP5</value></Data>
        <Data name="classificacao"><value>LP5 - LP5</value></Data>
      </ExtendedData>
      <LineString><tessellate>1</tessellate><coordinates>-52.40227517,-23.80119134,0 -52.40226763,-23.80111948,0 -52.40226720,-23.80104159,0 -52.40227281,-23.80095891,0 -52.40228764,-23.80086214,0 -52.40230098,-23.80080058,0 -52.40233423,-23.80068682,0 -52.40237213,-23.80058543,0 -52.40240351,-23.80051800,0 -52.40245755,-23.80042029,0 -52.40249733,-23.80035952,0 -52.40256993,-23.80026259,0 -52.40266118,-23.80015942,0 -52.40274660,-23.80008194,0 -52.40283955,-23.80001060,0 -52.40290075,-23.79997040,0 -52.40298017,-23.79992324,0 -52.40313751,-23.79984445,0 -52.40324583,-23.79979952,0 -52.40331998,-23.79977322,0 -52.40343168,-23.79974182,0 -52.40352174,-23.79972127,0 -52.40362343,-23.79970359,0 -52.40373924,-23.79968889,0 -52.40381832,-23.79968259,0 -52.40401436,-23.79967517,0 -52.40421060,-23.79967815,0 -52.40440649,-23.79968934,0 -52.40460187,-23.79970656,0 -52.40479648,-23.79972998,0 -52.40499035,-23.79975819,0 -52.40518344,-23.79979058,0 -52.40537571,-23.79982689,0 -52.40575799,-23.79990894,0 -52.40594784,-23.79995478,0 -52.40632469,-23.80005588,0 -52.40651166,-23.80011086,0 -52.40669743,-23.80016916,0 -52.40703316,-23.80028372,0</coordinates></LineString>
    </Placemark>
    <Placemark>
      <name>terra boa</name>
      <Style><LineStyle><color>ff000000</color><width>3</width></LineStyle></Style>
      <ExtendedData>
        <Data name="camada"><value>LP5</value></Data>
        <Data name="classificacao"><value>LP5 - LP5</value></Data>
      </ExtendedData>
      <LineString><tessellate>1</tessellate><coordinates>-52.40220784,-23.80119311,0 -52.40220020,-23.80106911,0 -52.40220688,-23.80095283,0 -52.40221569,-23.80088923,0 -52.40223634,-23.80078718,0 -52.40225700,-23.80071279,0 -52.40228779,-23.80062085,0 -52.40232011,-23.80054191,0 -52.40236686,-23.80044704,0 -52.40240656,-23.80037993,0 -52.40247494,-23.80027981,0 -52.40251444,-23.80022918,0 -52.40256172,-23.80017325,0 -52.40264083,-23.80009120,0 -52.40273265,-23.80001134,0 -52.40278717,-23.79997112,0 -52.40287065,-23.79991528,0 -52.40294917,-23.79986934,0 -52.40302507,-23.79982928,0 -52.40319926,-23.79975070,0 -52.40330297,-23.79971425,0 -52.40340099,-23.79968602,0 -52.40349181,-23.79966530,0 -52.40361794,-23.79964251,0 -52.40373193,-23.79962830,0 -52.40388044,-23.79961773,0 -52.40397091,-23.79961425,0 -52.40407664,-23.79961418,0 -52.40427279,-23.79962008,0 -52.40446858,-23.79963279,0 -52.40466372,-23.79965214,0 -52.40485816,-23.79967675,0 -52.40505185,-23.79970595,0 -52.40524466,-23.79973975,0 -52.40562816,-23.79981682,0 -52.40600828,-23.79990697,0 -52.40638479,-23.80000913,0 -52.40657145,-23.80006498,0 -52.40675696,-23.80012399,0 -52.40697191,-23.80019678,0</coordinates></LineString>
    </Placemark>
    <Placemark>
      <name>terra boa</name>
      <Style><LineStyle><color>ff000000</color><width>3</width></LineStyle></Style>
      <ExtendedData>
        <Data name="camada"><value>LP5</value></Data>
        <Data name="classificacao"><value>LP5 - LP5</value></Data>
      </ExtendedData>
      <LineString><tessellate>1</tessellate><coordinates>-52.40214136,-23.80119485,0 -52.40213457,-23.80109663,0 -52.40213603,-23.80100436,0 -52.40214496,-23.80091647,0 -52.40215885,-23.80083143,0 -52.40218096,-23.80073907,0 -52.40220489,-23.80065862,0 -52.40223867,-23.80056655,0 -52.40227652,-23.80047984,0 -52.40231815,-23.80040159,0 -52.40237971,-23.80030225,0 -52.40246387,-23.80018948,0 -52.40253879,-23.80010379,0 -52.40262404,-23.80001960,0 -52.40267679,-23.79997565,0 -52.40275956,-23.79991336,0 -52.40283226,-23.79986560,0 -52.40291152,-23.79981894,0 -52.40307909,-23.79973500,0 -52.40317674,-23.79969337,0 -52.40327633,-23.79965805,0 -52.40336180,-23.79963344,0 -52.40349347,-23.79960212,0 -52.40360733,-23.79958232,0 -52.40374683,-23.79956592,0 -52.40384533,-23.79955807,0 -52.40394266,-23.79955433,0 -52.40413890,-23.79955434,0 -52.40433498,-23.79956219,0 -52.40453057,-23.79957715,0 -52.40472554,-23.79959790,0 -52.40491981,-23.79962368,0 -52.40511321,-23.79965449,0 -52.40549785,-23.79972656,0 -52.40587928,-23.79981190,0 -52.40625727,-23.79990934,0 -52.40644477,-23.79996276,0 -52.40663118,-23.80001930,0 -52.40684597,-23.80008881,0</coordinates></LineString>
    </Placemark>
    <Placemark>
      <name>terra boa</name>
      <Style><LineStyle><color>ff000000</color><width>3</width></LineStyle></Style>
      <ExtendedData>
        <Data name="camada"><value>LP5</value></Data>
        <Data name="classificacao"><value>LP5 - LP5</value></Data>
      </ExtendedData>
      <LineString><tessellate>1</tessellate><coordinates>-52.40187569,-23.80120182,0 -52.40187046,-23.80113690,0 -52.40187006,-23.80102620,0 -52.40187723,-23.80092245,0 -52.40189821,-23.80078720,0 -52.40192667,-23.80066952,0 -52.40195132,-23.80058768,0 -52.40198426,-23.80049695,0 -52.40203452,-23.80038034,0 -52.40211135,-23.80024042,0 -52.40220181,-23.80010726,0 -52.40226759,-23.80002461,0 -52.40236647,-23.79991370,0 -52.40243984,-23.79984415,0 -52.40253818,-23.79976417,0 -52.40259957,-23.79971888,0 -52.40269564,-23.79965650,0 -52.40277421,-23.79961033,0 -52.40286361,-23.79956315,0 -52.40296226,-23.79951611,0 -52.40306958,-23.79947007,0 -52.40322246,-23.79941809,0 -52.40331158,-23.79939242,0 -52.40341146,-23.79936964,0 -52.40360434,-23.79933665,0 -52.40369537,-23.79932530,0 -52.40379940,-23.79931700,0 -52.40399546,-23.79930946,0 -52.40419170,-23.79931179,0 -52.40438771,-23.79932104,0 -52.40458321,-23.79933706,0 -52.40477812,-23.79935827,0 -52.40497230,-23.79938456,0 -52.40516568,-23.79941547,0 -52.40555033,-23.79948754,0 -52.40574151,-23.79952841,0 -52.40593185,-23.79957252,0 -52.40630998,-23.79966949,0 -52.40649770,-23.79972224,0 -52.40675339,-23.79980038,0</coordinates></LineString>
    </Placemark>
    <Placemark>
      <name>terra boa</name>
      <Style><LineStyle><color>ff000000</color><width>3</width></LineStyle></Style>
      <ExtendedData>
        <Data name="camada"><value>LP5</value></Data>
        <Data name="classificacao"><value>LP5 - LP5</value></Data>
      </ExtendedData>
      <LineString><tessellate>1</tessellate><coordinates>-52.40194280,-23.80120006,0 -52.40193499,-23.80106229,0 -52.40194316,-23.80092852,0 -52.40195962,-23.80081935,0 -52.40197778,-23.80073361,0 -52.40200298,-23.80064331,0 -52.40203705,-23.80054189,0 -52.40209502,-23.80040521,0 -52.40214710,-23.80030814,0 -52.40221114,-23.80020530,0 -52.40230478,-23.80007982,0 -52.40241559,-23.79995465,0 -52.40249932,-23.79987682,0 -52.40256068,-23.79982569,0 -52.40264965,-23.79976087,0 -52.40272225,-23.79971318,0 -52.40281261,-23.79966033,0 -52.40289829,-23.79961511,0 -52.40298493,-23.79957394,0 -52.40309551,-23.79952620,0 -52.40321084,-23.79948530,0 -52.40335132,-23.79944615,0 -52.40345107,-23.79942340,0 -52.40354296,-23.79940742,0 -52.40373737,-23.79938313,0 -52.40383260,-23.79937554,0 -52.40393321,-23.79937167,0 -52.40412945,-23.79937116,0 -52.40432555,-23.79937857,0 -52.40452124,-23.79939240,0 -52.40471629,-23.79941250,0 -52.40491069,-23.79943743,0 -52.40510432,-23.79946693,0 -52.40529713,-23.79950076,0 -52.40568065,-23.79957773,0 -52.40587125,-23.79962089,0 -52.40624971,-23.79971676,0 -52.40643760,-23.79976898,0 -52.40675338,-23.79986471,0</coordinates></LineString>
    </Placemark>
    <Placemark>
      <name>terra boa</name>
      <Style><LineStyle><color>ff000000</color><width>3</width></LineStyle></Style>
      <ExtendedData>
        <Data name="camada"><value>LP5</value></Data>
        <Data name="classificacao"><value>LP5 - LP5</value></Data>
      </ExtendedData>
      <LineString><tessellate>1</tessellate><coordinates>-52.40200975,-23.80119831,0 -52.40200450,-23.80115164,0 -52.40200126,-23.80106270,0 -52.40200596,-23.80097123,0 -52.40201739,-23.80087186,0 -52.40203231,-23.80079238,0 -52.40205898,-23.80068494,0 -52.40208016,-23.80061732,0 -52.40212514,-23.80049692,0 -52.40218943,-23.80036455,0 -52.40226733,-23.80023762,0 -52.40234294,-23.80013544,0 -52.40240748,-23.80005788,0 -52.40246573,-23.79999463,0 -52.40253194,-23.79993187,0 -52.40260715,-23.79986954,0 -52.40267956,-23.79981612,0 -52.40276393,-23.79976102,0 -52.40284286,-23.79971463,0 -52.40293193,-23.79966773,0 -52.40302068,-23.79962555,0 -52.40310805,-23.79958807,0 -52.40323267,-23.79954289,0 -52.40334734,-23.79950986,0 -52.40348190,-23.79948007,0 -52.40358611,-23.79946194,0 -52.40367552,-23.79945079,0 -52.40387099,-23.79943507,0 -52.40396670,-23.79943139,0 -52.40426336,-23.79943647,0 -52.40445919,-23.79944864,0 -52.40465447,-23.79946673,0 -52.40484901,-23.79949066,0 -52.40504284,-23.79951907,0 -52.40523591,-23.79955156,0 -52.40561973,-23.79962728,0 -52.40600047,-23.79971519,0 -52.40618944,-23.79976403,0 -52.40637750,-23.79981573,0 -52.40674228,-23.79992535,0</coordinates></LineString>
    </Placemark>
    <Placemark>
      <name>terra boa</name>
      <Style><LineStyle><color>ff000000</color><width>3</width></LineStyle></Style>
      <ExtendedData>
        <Data name="camada"><value>LP5</value></Data>
        <Data name="classificacao"><value>LP5 - LP5</value></Data>
      </ExtendedData>
      <LineString><tessellate>1</tessellate><coordinates>-52.40207479,-23.80119660,0 -52.40206754,-23.80106310,0 -52.40207475,-23.80094378,0 -52.40208299,-23.80088048,0 -52.40210591,-23.80076558,0 -52.40212302,-23.80070056,0 -52.40215878,-23.80059174,0 -52.40218689,-23.80051905,0 -52.40223189,-23.80042428,0 -52.40228445,-23.80033036,0 -52.40236569,-23.80021079,0 -52.40243979,-23.80011883,0 -52.40251382,-23.80003656,0 -52.40256967,-23.79998362,0 -52.40264667,-23.79991852,0 -52.40271820,-23.79986574,0 -52.40279645,-23.79981423,0 -52.40288089,-23.79976483,0 -52.40296168,-23.79972220,0 -52.40305340,-23.79967877,0 -52.40314739,-23.79963845,0 -52.40323377,-23.79960782,0 -52.40336522,-23.79956858,0 -52.40347934,-23.79954255,0 -52.40361386,-23.79951999,0 -52.40371730,-23.79950710,0 -52.40380886,-23.79949980,0 -52.40400491,-23.79949232,0 -52.40420115,-23.79949497,0 -52.40439710,-23.79950519,0 -52.40459254,-23.79952181,0 -52.40478734,-23.79954388,0 -52.40498132,-23.79957137,0 -52.40517456,-23.79960302,0 -52.40536709,-23.79963814,0 -52.40574975,-23.79971867,0 -52.40612915,-23.79981135,0 -52.40631740,-23.79986248,0 -52.40650468,-23.79991655,0 -52.40674099,-23.79998986,0</coordinates></LineString>
    </Placemark>
    <Placemark>
      <name>terra boa</name>
      <Style><LineStyle><color>ff000000</color><width>3</width></LineStyle></Style>
      <ExtendedData>
        <Data name="camada"><value>LP5</value></Data>
        <Data name="classificacao"><value>LP5 - LP5</value></Data>
      </ExtendedData>
      <LineString><tessellate>1</tessellate><coordinates>-52.40181001,-23.80120355,0 -52.40180427,-23.80113980,0 -52.40180274,-23.80105371,0 -52.40180524,-23.80098714,0 -52.40181694,-23.80087368,0 -52.40183305,-23.80077615,0 -52.40186684,-23.80063809,0 -52.40190471,-23.80052224,0 -52.40193989,-23.80043054,0 -52.40197494,-23.80035368,0 -52.40201200,-23.80028206,0 -52.40206479,-23.80019321,0 -52.40209877,-23.80014067,0 -52.40217143,-23.80004169,0 -52.40225324,-23.79994251,0 -52.40229259,-23.79989969,0 -52.40239380,-23.79980028,0 -52.40247470,-23.79973287,0 -52.40258117,-23.79965608,0 -52.40264805,-23.79961214,0 -52.40274434,-23.79955582,0 -52.40283490,-23.79950803,0 -52.40304364,-23.79941394,0 -52.40316719,-23.79937014,0 -52.40328129,-23.79933727,0 -52.40342280,-23.79930425,0 -52.40355429,-23.79928138,0 -52.40366600,-23.79926745,0 -52.40386154,-23.79925241,0 -52.40396248,-23.79924853,0 -52.40405773,-23.79924847,0 -52.40425394,-23.79925285,0 -52.40444979,-23.79926449,0 -52.40464517,-23.79928172,0 -52.40483986,-23.79930456,0 -52.40503382,-23.79933225,0 -52.40541956,-23.79939915,0 -52.40561131,-23.79943773,0 -52.40580228,-23.79947946,0 -52.40618179,-23.79957175,0 -52.40637021,-23.79962233,0 -52.40661155,-23.79969243,0</coordinates></LineString>
    </Placemark>
    <Placemark>
      <name>terra boa</name>
      <Style><LineStyle><color>ff000000</color><width>3</width></LineStyle></Style>
      <ExtendedData>
        <Data name="camada"><value>LP5</value></Data>
        <Data name="classificacao"><value>LP5 - LP5</value></Data>
      </ExtendedData>
      <LineString><tessellate>1</tessellate><coordinates>-52.40174419,-23.80120527,0 -52.40173807,-23.80114270,0 -52.40173665,-23.80108124,0 -52.40173909,-23.80098370,0 -52.40174660,-23.80090098,0 -52.40175501,-23.80083740,0 -52.40177734,-23.80072269,0 -52.40180279,-23.80062247,0 -52.40184899,-23.80048267,0 -52.40191352,-23.80033058,0 -52.40197604,-23.80021469,0 -52.40204258,-23.80010835,0 -52.40214570,-23.79997016,0 -52.40226823,-23.79983179,0 -52.40232341,-23.79977948,0 -52.40243171,-23.79968646,0 -52.40251958,-23.79962164,0 -52.40262736,-23.79955197,0 -52.40270555,-23.79950602,0 -52.40279533,-23.79945864,0 -52.40290384,-23.79940666,0 -52.40301770,-23.79935782,0 -52.40315279,-23.79931041,0 -52.40327581,-23.79927498,0 -52.40340867,-23.79924467,0 -52.40353324,-23.79922300,0 -52.40372791,-23.79920034,0 -52.40381986,-23.79919301,0 -52.40392376,-23.79918901,0 -52.40412000,-23.79918798,0 -52.40431612,-23.79919496,0 -52.40451188,-23.79920793,0 -52.40470704,-23.79922710,0 -52.40490154,-23.79925134,0 -52.40509534,-23.79927995,0 -52.40528838,-23.79931257,0 -52.40548066,-23.79934886,0 -52.40586304,-23.79943051,0 -52.40605305,-23.79947578,0 -52.40634563,-23.79955244,0</coordinates></LineString>
    </Placemark>
    <Placemark>
      <name>terra boa</name>
      <Style><LineStyle><color>ff000000</color><width>3</width></LineStyle></Style>
      <ExtendedData>
        <Data name="camada"><value>LP5</value></Data>
        <Data name="classificacao"><value>LP5 - LP5</value></Data>
      </ExtendedData>
      <LineString><tessellate>1</tessellate><coordinates>-52.40167721,-23.80120703,0 -52.40166991,-23.80106068,0 -52.40167737,-23.80092838,0 -52.40168941,-23.80082878,0 -52.40171922,-23.80068004,0 -52.40174897,-23.80057383,0 -52.40178631,-23.80046293,0 -52.40181012,-23.80040227,0 -52.40185302,-23.80030571,0 -52.40188865,-23.80023685,0 -52.40193825,-23.80015049,0 -52.40198433,-23.80007923,0 -52.40203794,-23.80000374,0 -52.40209540,-23.79993039,0 -52.40221948,-23.79979049,0 -52.40230170,-23.79971255,0 -52.40238872,-23.79964005,0 -52.40251268,-23.79955128,0 -52.40257385,-23.79951109,0 -52.40267606,-23.79945132,0 -52.40277152,-23.79940094,0 -52.40284814,-23.79936453,0 -52.40299177,-23.79930169,0 -52.40312353,-23.79925497,0 -52.40325793,-23.79921626,0 -52.40340143,-23.79918390,0 -52.40353308,-23.79916100,0 -52.40367344,-23.79914350,0 -52.40378994,-23.79913421,0 -52.40398600,-23.79912660,0 -52.40418225,-23.79912861,0 -52.40437831,-23.79913706,0 -52.40457387,-23.79915231,0 -52.40476887,-23.79917286,0 -52.40496321,-23.79919811,0 -52.40515680,-23.79922792,0 -52.40554173,-23.79929869,0 -52.40573315,-23.79933864,0 -52.40608367,-23.79942050,0</coordinates></LineString>
    </Placemark>
    <Placemark>
      <name>terra boa</name>
      <Style><LineStyle><color>ff000000</color><width>3</width></LineStyle></Style>
      <ExtendedData>
        <Data name="camada"><value>LP5</value></Data>
        <Data name="classificacao"><value>LP5 - LP5</value></Data>
      </ExtendedData>
      <LineString><tessellate>1</tessellate><coordinates>-52.40161072,-23.80120878,0 -52.40160364,-23.80106028,0 -52.40161350,-23.80089814,0 -52.40163159,-23.80077655,0 -52.40165458,-23.80066665,0 -52.40167237,-23.80059997,0 -52.40169776,-23.80051674,0 -52.40175465,-23.80036416,0 -52.40183457,-23.80019958,0 -52.40193021,-23.80004372,0 -52.40203964,-23.79989705,0 -52.40217000,-23.79974988,0 -52.40225226,-23.79967191,0 -52.40234573,-23.79959364,0 -52.40243959,-23.79952440,0 -52.40255907,-23.79944745,0 -52.40263690,-23.79940172,0 -52.40272706,-23.79935414,0 -52.40290226,-23.79927283,0 -52.40296583,-23.79924556,0 -52.40308354,-23.79920383,0 -52.40327096,-23.79915049,0 -52.40338040,-23.79912552,0 -52.40352247,-23.79910081,0 -52.40365648,-23.79908410,0 -52.40385209,-23.79906975,0 -52.40395826,-23.79906567,0 -52.40404828,-23.79906561,0 -52.40424450,-23.79906925,0 -52.40444040,-23.79908034,0 -52.40463584,-23.79909697,0 -52.40483069,-23.79911863,0 -52.40502480,-23.79914544,0 -52.40541081,-23.79921097,0 -52.40560280,-23.79924853,0 -52.40591229,-23.79931649,0</coordinates></LineString>
    </Placemark>
    <Placemark>
      <name>terra boa</name>
      <Style><LineStyle><color>ff000000</color><width>3</width></LineStyle></Style>
      <ExtendedData>
        <Data name="camada"><value>LP5</value></Data>
        <Data name="classificacao"><value>LP5 - LP5</value></Data>
      </ExtendedData>
      <LineString><tessellate>1</tessellate><coordinates>-52.40154425,-23.80121052,0 -52.40153737,-23.80105988,0 -52.40154757,-23.80089207,0 -52.40157241,-23.80073192,0 -52.40159710,-23.80062643,0 -52.40161065,-23.80057561,0 -52.40165064,-23.80045274,0 -52.40169290,-23.80034203,0 -52.40177542,-23.80017208,0 -52.40180499,-23.80012124,0 -52.40187402,-23.80001140,0 -52.40198662,-23.79986049,0 -52.40212088,-23.79970893,0 -52.40220960,-23.79962483,0 -52.40228988,-23.79955794,0 -52.40239959,-23.79947578,0 -52.40249965,-23.79941005,0 -52.40260779,-23.79934681,0 -52.40270813,-23.79929386,0 -52.40277975,-23.79925982,0 -52.40295742,-23.79918322,0 -52.40307988,-23.79913980,0 -52.40322217,-23.79909882,0 -52.40333110,-23.79907397,0 -52.40352363,-23.79903915,0 -52.40365882,-23.79902230,0 -52.40380712,-23.79901048,0 -52.40391431,-23.79900635,0 -52.40411055,-23.79900480,0 -52.40430669,-23.79901134,0 -52.40450249,-23.79902379,0 -52.40469779,-23.79904170,0 -52.40489239,-23.79906524,0 -52.40508631,-23.79909313,0 -52.40547203,-23.79916016,0 -52.40566366,-23.79919862,0</coordinates></LineString>
    </Placemark>
    <Placemark>
      <name>terra boa</name>
      <Style><LineStyle><color>ff000000</color><width>3</width></LineStyle></Style>
      <ExtendedData>
        <Data name="camada"><value>LP5</value></Data>
        <Data name="classificacao"><value>LP5 - LP5</value></Data>
      </ExtendedData>
      <LineString><tessellate>1</tessellate><coordinates>-52.40147796,-23.80121226,0 -52.40147110,-23.80105948,0 -52.40148164,-23.80088599,0 -52.40150725,-23.80072086,0 -52.40152238,-23.80065300,0 -52.40154661,-23.80055999,0 -52.40157202,-23.80047832,0 -52.40163663,-23.80030784,0 -52.40167152,-23.80023108,0 -52.40171710,-23.80014317,0 -52.40176515,-23.80006055,0 -52.40181344,-23.79998587,0 -52.40187406,-23.79990021,0 -52.40199617,-23.79975023,0 -52.40207176,-23.79966797,0 -52.40218222,-23.79956541,0 -52.40225975,-23.79950081,0 -52.40235960,-23.79942715,0 -52.40249079,-23.79934293,0 -52.40256824,-23.79929741,0 -52.40265878,-23.79924963,0 -52.40283367,-23.79916775,0 -52.40291396,-23.79913331,0 -52.40305805,-23.79908222,0 -52.40320078,-23.79904111,0 -52.40339172,-23.79899949,0 -52.40350125,-23.79898043,0 -52.40365151,-23.79896170,0 -52.40378048,-23.79895142,0 -52.40397655,-23.79894375,0 -52.40417280,-23.79894544,0 -52.40436888,-23.79895345,0 -52.40456454,-23.79896756,0 -52.40475962,-23.79898746,0 -52.40495407,-23.79901202,0 -52.40514783,-23.79904083,0 -52.40537177,-23.79907941,0</coordinates></LineString>
    </Placemark>
    <Placemark>
      <name>terra boa</name>
      <Style><LineStyle><color>ff000000</color><width>3</width></LineStyle></Style>
      <ExtendedData>
        <Data name="camada"><value>LP5</value></Data>
        <Data name="classificacao"><value>LP5 - LP5</value></Data>
      </ExtendedData>
      <LineString><tessellate>1</tessellate><coordinates>-52.40141167,-23.80121400,0 -52.40140710,-23.80115722,0 -52.40140561,-23.80103832,0 -52.40140831,-23.80096648,0 -52.40142703,-23.80079431,0 -52.40146067,-23.80062647,0 -52.40149496,-23.80050434,0 -52.40155570,-23.80033267,0 -52.40161102,-23.80020621,0 -52.40165714,-23.80011709,0 -52.40176164,-23.79994676,0 -52.40182842,-23.79985419,0 -52.40188056,-23.79978738,0 -52.40194645,-23.79970994,0 -52.40202264,-23.79962702,0 -52.40211751,-23.79953710,0 -52.40222024,-23.79945183,0 -52.40231960,-23.79937853,0 -52.40242546,-23.79930900,0 -52.40253951,-23.79924231,0 -52.40264474,-23.79918678,0 -52.40271136,-23.79915512,0 -52.40288833,-23.79907707,0 -52.40303622,-23.79902463,0 -52.40318641,-23.79898138,0 -52.40333800,-23.79894680,0 -52.40345277,-23.79892683,0 -52.40364697,-23.79890088,0 -52.40384264,-23.79888709,0 -52.40395404,-23.79888281,0 -52.40423506,-23.79888607,0 -52.40443101,-23.79889619,0 -52.40462651,-23.79891222,0 -52.40482145,-23.79893323,0 -52.40512167,-23.79897527,0</coordinates></LineString>
    </Placemark>
    <Placemark>
      <name>terra boa</name>
      <Style><LineStyle><color>ff000000</color><width>3</width></LineStyle></Style>
      <ExtendedData>
        <Data name="camada"><value>LP5</value></Data>
        <Data name="classificacao"><value>LP5 - LP5</value></Data>
      </ExtendedData>
      <LineString><tessellate>1</tessellate><coordinates>-52.40134539,-23.80121574,0 -52.40134091,-23.80116012,0 -52.40133872,-23.80106584,0 -52.40134215,-23.80096303,0 -52.40136144,-23.80078570,0 -52.40137551,-23.80070667,0 -52.40139603,-23.80061307,0 -52.40141807,-23.80053041,0 -52.40147543,-23.80035773,0 -52.40150765,-23.80027565,0 -52.40154679,-23.80018954,0 -52.40159799,-23.80008959,0 -52.40170546,-23.79991445,0 -52.40176482,-23.79983119,0 -52.40184869,-23.79972591,0 -52.40197325,-23.79958637,0 -52.40207146,-23.79949323,0 -52.40217377,-23.79940799,0 -52.40226233,-23.79934266,0 -52.40242250,-23.79923841,0 -52.40249959,-23.79919311,0 -52.40259051,-23.79914513,0 -52.40276507,-23.79906267,0 -52.40286208,-23.79902106,0 -52.40301440,-23.79896705,0 -52.40313111,-23.79893343,0 -52.40332099,-23.79888788,0 -52.40351411,-23.79885581,0 -52.40363689,-23.79884050,0 -52.40379439,-23.79882794,0 -52.40390486,-23.79882369,0 -52.40410110,-23.79882177,0 -52.40429726,-23.79882772,0 -52.40449310,-23.79883964,0 -52.40468847,-23.79885688,0 -52.40488114,-23.79887891,0</coordinates></LineString>
    </Placemark>
    <Placemark>
      <name>terra boa</name>
      <Style><LineStyle><color>ff000000</color><width>3</width></LineStyle></Style>
      <ExtendedData>
        <Data name="camada"><value>LP5</value></Data>
        <Data name="classificacao"><value>LP5 - LP5</value></Data>
      </ExtendedData>
      <LineString><tessellate>1</tessellate><coordinates>-52.40127932,-23.80121747,0 -52.40127310,-23.80109337,0 -52.40127599,-23.80095959,0 -52.40128384,-23.80086776,0 -52.40131177,-23.80068768,0 -52.40134280,-23.80055687,0 -52.40139657,-23.80038324,0 -52.40144590,-23.80025352,0 -52.40149002,-23.80015646,0 -52.40154605,-23.80004972,0 -52.40159205,-23.79997062,0 -52.40164256,-23.79989250,0 -52.40171019,-23.79979668,0 -52.40175225,-23.79974280,0 -52.40187331,-23.79960072,0 -52.40192441,-23.79954511,0 -52.40200600,-23.79946777,0 -52.40215127,-23.79934646,0 -52.40223961,-23.79928129,0 -52.40235126,-23.79920795,0 -52.40247124,-23.79913780,0 -52.40258135,-23.79907969,0 -52.40281973,-23.79897197,0 -52.40300262,-23.79890657,0 -52.40319061,-23.79885482,0 -52.40330973,-23.79882765,0 -52.40346943,-23.79879987,0 -52.40357577,-23.79878661,0 -52.40377103,-23.79876862,0 -52.40396709,-23.79876089,0 -52.40416335,-23.79876226,0 -52.40435945,-23.79876983,0 -52.40455519,-23.79878308,0 -52.40467916,-23.79879514,0</coordinates></LineString>
    </Placemark>
    <Placemark>
      <name>terra boa</name>
      <Style><LineStyle><color>ff000000</color><width>3</width></LineStyle></Style>
      <ExtendedData>
        <Data name="camada"><value>LP5</value></Data>
        <Data name="classificacao"><value>LP5 - LP5</value></Data>
      </ExtendedData>
      <LineString><tessellate>1</tessellate><coordinates>-52.40121344,-23.80121920,0 -52.40120852,-23.80116593,0 -52.40120602,-23.80105786,0 -52.40121118,-23.80094042,0 -52.40121791,-23.80086169,0 -52.40124661,-23.80067663,0 -52.40126753,-23.80058333,0 -52.40131795,-23.80040882,0 -52.40138156,-23.80023799,0 -52.40142952,-23.80013158,0 -52.40147971,-23.80003460,0 -52.40155215,-23.79991312,0 -52.40159308,-23.79984981,0 -52.40165691,-23.79976045,0 -52.40177417,-23.79961566,0 -52.40187529,-23.79950416,0 -52.40197936,-23.79940551,0 -52.40208779,-23.79931517,0 -52.40219336,-23.79923728,0 -52.40231416,-23.79915743,0 -52.40243094,-23.79908880,0 -52.40252223,-23.79904062,0 -52.40269648,-23.79895759,0 -52.40281021,-23.79890880,0 -52.40297074,-23.79885188,0 -52.40313276,-23.79880522,0 -52.40329559,-23.79876807,0 -52.40344306,-23.79874242,0 -52.40363751,-23.79871809,0 -52.40383319,-23.79870444,0 -52.40402937,-23.79869990,0 -52.40422561,-23.79870289,0 -52.40449003,-23.79871744,0</coordinates></LineString>
    </Placemark>
    <Placemark>
      <name>terra boa</name>
      <Style><LineStyle><color>ff000000</color><width>3</width></LineStyle></Style>
      <ExtendedData>
        <Data name="camada"><value>LP5</value></Data>
        <Data name="classificacao"><value>LP5 - LP5</value></Data>
      </ExtendedData>
      <LineString><tessellate>1</tessellate><coordinates>-52.40114703,-23.80122094,0 -52.40113975,-23.80105746,0 -52.40114311,-23.80096790,0 -52.40115198,-23.80085561,0 -52.40118145,-23.80066557,0 -52.40124094,-23.80043486,0 -52.40132241,-23.80020927,0 -52.40137474,-23.80009565,0 -52.40142056,-23.80000711,0 -52.40146288,-23.79993433,0 -52.40156393,-23.79977958,0 -52.40160094,-23.79972766,0 -52.40167649,-23.79963169,0 -52.40182617,-23.79946320,0 -52.40193494,-23.79936029,0 -52.40204479,-23.79926876,0 -52.40215962,-23.79918405,0 -52.40223872,-23.79913209,0 -52.40240296,-23.79903329,0 -52.40257457,-23.79894571,0 -52.40278427,-23.79885268,0 -52.40293331,-23.79879983,0 -52.40312036,-23.79874525,0 -52.40331124,-23.79870332,0 -52.40344822,-23.79867949,0 -52.40361495,-23.79865870,0 -52.40378165,-23.79864541,0 -52.40389541,-23.79864103,0 -52.40409165,-23.79863891,0 -52.40431338,-23.79864559,0</coordinates></LineString>
    </Placemark>
    <Placemark>
      <name>terra boa</name>
      <Style><LineStyle><color>ff000000</color><width>3</width></LineStyle></Style>
      <ExtendedData>
        <Data name="camada"><value>LP5</value></Data>
        <Data name="classificacao"><value>LP5 - LP5</value></Data>
      </ExtendedData>
      <LineString><tessellate>1</tessellate><coordinates>-52.40108013,-23.80122145,0 -52.40107347,-23.80105706,0 -52.40107752,-23.80094926,0 -52.40109906,-23.80075123,0 -52.40112021,-23.80063692,0 -52.40116399,-23.80046091,0 -52.40122112,-23.80028815,0 -52.40126066,-23.80018714,0 -52.40130852,-23.80008183,0 -52.40137500,-23.79995626,0 -52.40141895,-23.79988069,0 -52.40147168,-23.79979914,0 -52.40154632,-23.79969316,0 -52.40170024,-23.79950584,0 -52.40177706,-23.79942225,0 -52.40188727,-23.79931778,0 -52.40197278,-23.79924653,0 -52.40212460,-23.79913216,0 -52.40223996,-23.79905638,0 -52.40236228,-23.79898450,0 -52.40245396,-23.79893612,0 -52.40262789,-23.79885251,0 -52.40275834,-23.79879655,0 -52.40292709,-23.79873671,0 -52.40309700,-23.79868778,0 -52.40326733,-23.79864892,0 -52.40343761,-23.79861930,0 -52.40356624,-23.79860326,0 -52.40376157,-23.79858583,0 -52.40395764,-23.79857803,0 -52.40415393,-23.79857908,0</coordinates></LineString>
    </Placemark>
    <Placemark>
      <name>terra boa</name>
      <Style><LineStyle><color>ff000000</color><width>3</width></LineStyle></Style>
      <ExtendedData>
        <Data name="camada"><value>LP5</value></Data>
        <Data name="classificacao"><value>LP5 - LP5</value></Data>
      </ExtendedData>
      <LineString><tessellate>1</tessellate><coordinates>-52.40101391,-23.80122403,0 -52.40100720,-23.80105665,0 -52.40101137,-23.80094581,0 -52.40102022,-23.80084270,0 -52.40103346,-23.80074261,0 -52.40104749,-23.80066388,0 -52.40107283,-23.80054611,0 -52.40108851,-23.80048732,0 -52.40114250,-23.80031374,0 -52.40120858,-23.80014374,0 -52.40124802,-23.80005695,0 -52.40128846,-23.79997882,0 -52.40138126,-23.79981976,0 -52.40142452,-23.79975286,0 -52.40148578,-23.79966694,0 -52.40160198,-23.79952143,0 -52.40172704,-23.79938227,0 -52.40186513,-23.79925399,0 -52.40195881,-23.79917593,0 -52.40207963,-23.79908681,0 -52.40217023,-23.79902729,0 -52.40233469,-23.79892879,0 -52.40250618,-23.79884100,0 -52.40268254,-23.79876181,0 -52.40273240,-23.79874042,0 -52.40290526,-23.79867913,0 -52.40305060,-23.79863727,0 -52.40324063,-23.79859221,0 -52.40343340,-23.79855832,0 -52.40362805,-23.79853529,0 -52.40382374,-23.79852178,0 -52.40400762,-23.79851734,0</coordinates></LineString>
    </Placemark>
    <Placemark>
      <name>terra boa</name>
      <Style><LineStyle><color>ff000000</color><width>3</width></LineStyle></Style>
      <ExtendedData>
        <Data name="camada"><value>LP5</value></Data>
        <Data name="classificacao"><value>LP5 - LP5</value></Data>
      </ExtendedData>
      <LineString><tessellate>1</tessellate><coordinates>-52.40094759,-23.80122534,0 -52.40094374,-23.80117754,0 -52.40094115,-23.80105045,0 -52.40094521,-23.80094237,0 -52.40095139,-23.80087013,0 -52.40097553,-23.80069097,0 -52.40098597,-23.80063239,0 -52.40101324,-23.80051378,0 -52.40106388,-23.80033932,0 -52.40112715,-23.80016838,0 -52.40120312,-23.80000193,0 -52.40124313,-23.79992462,0 -52.40129183,-23.79984088,0 -52.40139288,-23.79968612,0 -52.40143707,-23.79962414,0 -52.40150457,-23.79953765,0 -52.40167882,-23.79934034,0 -52.40179517,-23.79923005,0 -52.40190297,-23.79914023,0 -52.40205611,-23.79902736,0 -52.40216576,-23.79895534,0 -52.40229363,-23.79888019,0 -52.40238568,-23.79883161,0 -52.40255929,-23.79874743,0 -52.40273810,-23.79867308,0 -52.40288343,-23.79862155,0 -52.40306124,-23.79857033,0 -52.40323906,-23.79852977,0 -52.40341640,-23.79849892,0 -52.40359302,-23.79847690,0 -52.40376891,-23.79846288,0 -52.40386359,-23.79845924,0</coordinates></LineString>
    </Placemark>
    <Placemark>
      <name>terra boa</name>
      <Style><LineStyle><color>ff000000</color><width>3</width></LineStyle></Style>
      <ExtendedData>
        <Data name="camada"><value>LP5</value></Data>
        <Data name="classificacao"><value>LP5 - LP5</value></Data>
      </ExtendedData>
      <LineString><tessellate>1</tessellate><coordinates>-52.40088138,-23.80122808,0 -52.40087518,-23.80107798,0 -52.40088259,-23.80089757,0 -52.40088825,-23.80083130,0 -52.40090358,-23.80071805,0 -52.40093884,-23.80054042,0 -52.40098693,-23.80036537,0 -52.40104687,-23.80019345,0 -52.40107541,-23.80012076,0 -52.40111874,-23.80002544,0 -52.40120394,-23.79986281,0 -52.40124585,-23.79979075,0 -52.40130080,-23.79970578,0 -52.40140924,-23.79955530,0 -52.40152746,-23.79941118,0 -52.40162970,-23.79929939,0 -52.40174913,-23.79918618,0 -52.40187283,-23.79908311,0 -52.40199964,-23.79898957,0 -52.40210174,-23.79892249,0 -52.40226641,-23.79882428,0 -52.40243778,-23.79873630,0 -52.40252414,-23.79869526,0 -52.40268053,-23.79862817,0 -52.40286160,-23.79856396,0 -52.40304335,-23.79851161,0 -52.40322492,-23.79847019,0 -52.40336258,-23.79844625,0 -52.40355672,-23.79841992,0 -52.40372920,-23.79840502,0</coordinates></LineString>
    </Placemark>
    <Placemark>
      <name>terra boa</name>
      <Style><LineStyle><color>ff000000</color><width>3</width></LineStyle></Style>
      <ExtendedData>
        <Data name="camada"><value>LP5</value></Data>
        <Data name="classificacao"><value>LP5 - LP5</value></Data>
      </ExtendedData>
      <LineString><tessellate>1</tessellate><coordinates>-52.40081518,-23.80123081,0 -52.40081136,-23.80118334,0 -52.40080839,-23.80105544,0 -52.40081379,-23.80092501,0 -52.40082232,-23.80082523,0 -52.40083290,-23.80074531,0 -52.40086524,-23.80056723,0 -52.40090998,-23.80039143,0 -52.40096705,-23.80021865,0 -52.40101367,-23.80009863,0 -52.40106653,-23.79998233,0 -52.40111684,-23.79988510,0 -52.40121038,-23.79972639,0 -52.40125596,-23.79965591,0 -52.40131473,-23.79957347,0 -52.40142978,-23.79942721,0 -52.40158059,-23.79925843,0 -52.40168859,-23.79915605,0 -52.40183333,-23.79903413,0 -52.40198763,-23.79892256,0 -52.40209156,-23.79885429,0 -52.40222497,-23.79877589,0 -52.40231741,-23.79872711,0 -52.40249078,-23.79864250,0 -52.40266901,-23.79856693,0 -52.40285245,-23.79850273,0 -52.40304001,-23.79844958,0 -52.40323077,-23.79840714,0 -52.40342387,-23.79837497,0 -52.40360569,-23.79835399,0</coordinates></LineString>
    </Placemark>
    <Placemark>
      <name>terra boa</name>
      <Style><LineStyle><color>ff000000</color><width>3</width></LineStyle></Style>
      <ExtendedData>
        <Data name="camada"><value>LP5</value></Data>
        <Data name="classificacao"><value>LP5 - LP5</value></Data>
      </ExtendedData>
      <LineString><tessellate>1</tessellate><coordinates>-52.40074897,-23.80123355,0 -52.40074516,-23.80118625,0 -52.40074212,-23.80105504,0 -52.40074597,-23.80095251,0 -52.40076255,-23.80077261,0 -52.40079164,-23.80059404,0 -52.40083421,-23.80041777,0 -52.40088843,-23.80024424,0 -52.40095316,-23.80007376,0 -52.40100603,-23.79995745,0 -52.40106570,-23.79984213,0 -52.40112078,-23.79974743,0 -52.40122183,-23.79959266,0 -52.40127320,-23.79952061,0 -52.40133306,-23.79944390,0 -52.40145404,-23.79930174,0 -52.40153147,-23.79921748,0 -52.40165703,-23.79909846,0 -52.40178685,-23.79899029,0 -52.40191965,-23.79889233,0 -52.40203326,-23.79881769,0 -52.40219814,-23.79871978,0 -52.40236939,-23.79863159,0 -52.40246572,-23.79858581,0 -52.40262866,-23.79851591,0 -52.40281795,-23.79844879,0 -52.40300759,-23.79839417,0 -52.40319665,-23.79835104,0 -52.40338457,-23.79831836,0 -52.40348618,-23.79830569,0</coordinates></LineString>
    </Placemark>
    <Placemark>
      <name>terra boa</name>
      <Style><LineStyle><color>ff000000</color><width>3</width></LineStyle></Style>
      <ExtendedData>
        <Data name="camada"><value>LP5</value></Data>
        <Data name="classificacao"><value>LP5 - LP5</value></Data>
      </ExtendedData>
      <LineString><tessellate>1</tessellate><coordinates>-52.40068419,-23.80123622,0 -52.40067831,-23.80116056,0 -52.40067585,-23.80105464,0 -52.40067865,-23.80098002,0 -52.40069220,-23.80079990,0 -52.40070549,-23.80069952,0 -52.40071946,-23.80062109,0 -52.40075894,-23.80044423,0 -52.40080986,-23.80026984,0 -52.40087274,-23.80009877,0 -52.40094617,-23.79993133,0 -52.40103289,-23.79976936,0 -52.40107275,-23.79970082,0 -52.40112992,-23.79961241,0 -52.40123773,-23.79946155,0 -52.40129725,-23.79938528,0 -52.40135527,-23.79931695,0 -52.40148084,-23.79917817,0 -52.40161785,-23.79904887,0 -52.40176436,-23.79892875,0 -52.40187965,-23.79884370,0 -52.40201736,-23.79875324,0 -52.40215632,-23.79867158,0 -52.40224913,-23.79862260,0 -52.40242239,-23.79853780,0 -52.40260000,-23.79846095,0 -52.40278308,-23.79839584,0 -52.40297010,-23.79834110,0 -52.40316028,-23.79829654,0 -52.40337426,-23.79825906,0</coordinates></LineString>
    </Placemark>
    <Placemark>
      <name>terra boa</name>
      <Style><LineStyle><color>ff000000</color><width>3</width></LineStyle></Style>
      <ExtendedData>
        <Data name="camada"><value>LP5</value></Data>
        <Data name="classificacao"><value>LP5 - LP5</value></Data>
      </ExtendedData>
      <LineString><tessellate>1</tessellate><coordinates>-52.40061732,-23.80123845,0 -52.40061268,-23.80118809,0 -52.40060958,-23.80105424,0 -52.40061443,-23.80092515,0 -52.40062279,-23.80082729,0 -52.40064751,-23.80064817,0 -52.40068388,-23.80047073,0 -52.40073292,-23.80029589,0 -52.40079246,-23.80012384,0 -52.40082842,-23.80003225,0 -52.40086332,-23.79995547,0 -52.40094522,-23.79979139,0 -52.40103950,-23.79963303,0 -52.40108740,-23.79955896,0 -52.40114368,-23.79948001,0 -52.40125759,-23.79933299,0 -52.40143323,-23.79913557,0 -52.40156493,-23.79901073,0 -52.40170087,-23.79889746,0 -52.40180645,-23.79881958,0 -52.40196477,-23.79871290,0 -52.40212986,-23.79861527,0 -52.40230100,-23.79852689,0 -52.40247676,-23.79844657,0 -52.40257678,-23.79840366,0 -52.40277429,-23.79833363,0 -52.40297183,-23.79827673,0 -52.40316839,-23.79823189,0 -52.40326763,-23.79821463,0</coordinates></LineString>
    </Placemark>
    <Placemark>
      <name>terra boa</name>
      <Style><LineStyle><color>ff000000</color><width>3</width></LineStyle></Style>
      <ExtendedData>
        <Data name="camada"><value>LP5</value></Data>
        <Data name="classificacao"><value>LP5 - LP5</value></Data>
      </ExtendedData>
      <LineString><tessellate>1</tessellate><coordinates>-52.40055030,-23.80124114,0 -52.40054401,-23.80103506,0 -52.40054827,-23.80092170,0 -52.40057555,-23.80067526,0 -52.40061028,-23.80049754,0 -52.40065597,-23.80032194,0 -52.40071298,-23.80014915,0 -52.40078053,-23.79997963,0 -52.40082453,-23.79988282,0 -52.40088827,-23.79975965,0 -52.40094972,-23.79965397,0 -52.40105078,-23.79949920,0 -52.40110933,-23.79941708,0 -52.40128097,-23.79920686,0 -52.40138412,-23.79909461,0 -52.40151889,-23.79896686,0 -52.40165788,-23.79885105,0 -52.40179966,-23.79874646,0 -52.40194316,-23.79865219,0 -52.40208767,-23.79856727,0 -52.40218086,-23.79851810,0 -52.40235400,-23.79843309,0 -52.40253141,-23.79835587,0 -52.40275247,-23.79827604,0 -52.40295395,-23.79821801,0 -52.40316259,-23.79817087,0</coordinates></LineString>
    </Placemark>
    <Placemark>
      <name>terra boa</name>
      <Style><LineStyle><color>ff000000</color><width>3</width></LineStyle></Style>
      <ExtendedData>
        <Data name="camada"><value>LP5</value></Data>
        <Data name="classificacao"><value>LP5 - LP5</value></Data>
      </ExtendedData>
      <LineString><tessellate>1</tessellate><coordinates>-52.40048401,-23.80124287,0 -52.40047725,-23.80106258,0 -52.40048520,-23.80088217,0 -52.40049267,-23.80079484,0 -52.40050489,-23.80070252,0 -52.40053668,-23.80052434,0 -52.40057992,-23.80034821,0 -52.40063436,-23.80017474,0 -52.40069860,-23.80000410,0 -52.40077455,-23.79983762,0 -52.40082913,-23.79973215,0 -52.40089965,-23.79961088,0 -52.40095904,-23.79951905,0 -52.40106623,-23.79936780,0 -52.40118308,-23.79922273,0 -52.40133500,-23.79905366,0 -52.40147284,-23.79892300,0 -52.40158587,-23.79882882,0 -52.40173749,-23.79871420,0 -52.40189628,-23.79860810,0 -52.40206159,-23.79851077,0 -52.40223260,-23.79842218,0 -52.40240816,-23.79834149,0 -52.40252491,-23.79829141,0 -52.40273064,-23.79821846,0 -52.40295965,-23.79815391,0 -52.40306215,-23.79813083,0</coordinates></LineString>
    </Placemark>
    <Placemark>
      <name>terra boa</name>
      <Style><LineStyle><color>ff000000</color><width>3</width></LineStyle></Style>
      <ExtendedData>
        <Data name="camada"><value>LP5</value></Data>
        <Data name="classificacao"><value>LP5 - LP5</value></Data>
      </ExtendedData>
      <LineString><tessellate>1</tessellate><coordinates>-52.40041775,-23.80124492,0 -52.40041163,-23.80109011,0 -52.40041640,-23.80090961,0 -52.40043454,-23.80072981,0 -52.40046339,-23.80055121,0 -52.40050465,-23.80037467,0 -52.40055585,-23.80020035,0 -52.40064318,-23.79996586,0 -52.40069069,-23.79986134,0 -52.40077395,-23.79969783,0 -52.40086862,-23.79953966,0 -52.40091884,-23.79946201,0 -52.40097263,-23.79938655,0 -52.40108540,-23.79923876,0 -52.40120783,-23.79909764,0 -52.40128588,-23.79901271,0 -52.40142679,-23.79887913,0 -52.40157190,-23.79875823,0 -52.40171967,-23.79864922,0 -52.40186897,-23.79855115,0 -52.40201901,-23.79846297,0 -52.40211259,-23.79841359,0 -52.40228560,-23.79832839,0 -52.40249898,-23.79823528,0 -52.40270881,-23.79816088,0 -52.40291819,-23.79810057,0 -52.40296094,-23.79809082,0</coordinates></LineString>
    </Placemark>
    <Placemark>
      <name>terra boa</name>
      <Style><LineStyle><color>ff000000</color><width>3</width></LineStyle></Style>
      <ExtendedData>
        <Data name="camada"><value>LP5</value></Data>
        <Data name="classificacao"><value>LP5 - LP5</value></Data>
      </ExtendedData>
      <LineString><tessellate>1</tessellate><coordinates>-52.40035149,-23.80124707,0 -52.40034450,-23.80105262,0 -52.40034884,-23.80093711,0 -52.40036419,-23.80075711,0 -52.40037751,-23.80065644,0 -52.40039143,-23.80057829,0 -52.40042938,-23.80040113,0 -52.40047890,-23.80022640,0 -52.40053805,-23.80005423,0 -52.40058143,-23.79994374,0 -52.40064303,-23.79980820,0 -52.40068827,-23.79972078,0 -52.40077867,-23.79956052,0 -52.40087973,-23.79940574,0 -52.40094545,-23.79931355,0 -52.40099005,-23.79925640,0 -52.40110856,-23.79911248,0 -52.40123463,-23.79897407,0 -52.40137118,-23.79884434,0 -52.40151606,-23.79872252,0 -52.40166853,-23.79860882,0 -52.40182779,-23.79850330,0 -52.40199331,-23.79840626,0 -52.40216421,-23.79831747,0 -52.40233957,-23.79823641,0 -52.40247304,-23.79817915,0 -52.40251878,-23.79816293,0 -52.40270227,-23.79809889,0 -52.40286564,-23.79805183,0</coordinates></LineString>
    </Placemark>
    <Placemark>
      <name>terra boa</name>
      <Style><LineStyle><color>ff000000</color><width>3</width></LineStyle></Style>
      <ExtendedData>
        <Data name="camada"><value>LP5</value></Data>
        <Data name="classificacao"><value>LP5 - LP5</value></Data>
      </ExtendedData>
      <LineString><tessellate>1</tessellate><coordinates>-52.40028508,-23.80124726,0 -52.40027823,-23.80105222,0 -52.40029420,-23.80078444,0 -52.40031948,-23.80060538,0 -52.40035531,-23.80042784,0 -52.40040196,-23.80025245,0 -52.40045891,-23.80007965,0 -52.40052511,-23.79990966,0 -52.40060293,-23.79974390,0 -52.40065170,-23.79964966,0 -52.40072655,-23.79952094,0 -52.40078816,-23.79942568,0 -52.40089472,-23.79927405,0 -52.40101088,-23.79912851,0 -52.40118765,-23.79893080,0 -52.40133470,-23.79879141,0 -52.40148592,-23.79866541,0 -52.40163968,-23.79855198,0 -52.40179477,-23.79845010,0 -52.40195036,-23.79835866,0 -52.40210594,-23.79827656,0 -52.40221721,-23.79822368,0 -52.40244710,-23.79812302,0 -52.40266516,-23.79804571,0 -52.40277554,-23.79801392,0</coordinates></LineString>
    </Placemark>
    <Placemark>
      <name>terra boa</name>
      <Style><LineStyle><color>ff000000</color><width>3</width></LineStyle></Style>
      <ExtendedData>
        <Data name="camada"><value>LP5</value></Data>
        <Data name="classificacao"><value>LP5 - LP5</value></Data>
      </ExtendedData>
      <LineString><tessellate>1</tessellate><coordinates>-52.40021997,-23.80124851,0 -52.40021476,-23.80117269,0 -52.40021196,-23.80105182,0 -52.40021749,-23.80090448,0 -52.40022541,-23.80081188,0 -52.40024752,-23.80063246,0 -52.40028171,-23.80045465,0 -52.40032562,-23.80027866,0 -52.40038029,-23.80010523,0 -52.40044418,-23.79993449,0 -52.40051805,-23.79976720,0 -52.40060290,-23.79960438,0 -52.40069774,-23.79944630,0 -52.40075028,-23.79936506,0 -52.40080159,-23.79929309,0 -52.40091388,-23.79914501,0 -52.40103476,-23.79900276,0 -52.40113853,-23.79888984,0 -52.40130075,-23.79873746,0 -52.40144642,-23.79861642,0 -52.40159956,-23.79850345,0 -52.40175936,-23.79839858,0 -52.40192504,-23.79830176,0 -52.40209582,-23.79821277,0 -52.40227098,-23.79813133,0 -52.40244969,-23.79805678,0 -52.40263285,-23.79799184,0 -52.40268614,-23.79797629,0</coordinates></LineString>
    </Placemark>
    <Placemark>
      <name>terra boa</name>
      <Style><LineStyle><color>ff000000</color><width>3</width></LineStyle></Style>
      <ExtendedData>
        <Data name="camada"><value>LP5</value></Data>
        <Data name="classificacao"><value>LP5 - LP5</value></Data>
      </ExtendedData>
      <LineString><tessellate>1</tessellate><coordinates>-52.40015312,-23.80124980,0 -52.40014913,-23.80120022,0 -52.40014688,-23.80101967,0 -52.40015661,-23.80083932,0 -52.40016301,-23.80076446,0 -52.40017687,-23.80065972,0 -52.40020811,-23.80048146,0 -52.40025035,-23.80030512,0 -52.40030184,-23.80013086,0 -52.40039618,-23.79987735,0 -52.40046154,-23.79973357,0 -52.40051665,-23.79962707,0 -52.40060762,-23.79946707,0 -52.40070868,-23.79931227,0 -52.40081855,-23.79916266,0 -52.40087303,-23.79909284,0 -52.40093637,-23.79901825,0 -52.40108941,-23.79884889,0 -52.40124260,-23.79870368,0 -52.40139994,-23.79857258,0 -52.40155969,-23.79845474,0 -52.40172057,-23.79834905,0 -52.40188170,-23.79825436,0 -52.40204256,-23.79816948,0 -52.40214882,-23.79811898,0 -52.40239523,-23.79801077,0 -52.40259599,-23.79793959,0</coordinates></LineString>
    </Placemark>
    <Placemark>
      <name>terra boa</name>
      <Style><LineStyle><color>ff000000</color><width>3</width></LineStyle></Style>
      <ExtendedData>
        <Data name="camada"><value>LP5</value></Data>
        <Data name="classificacao"><value>LP5 - LP5</value></Data>
      </ExtendedData>
      <LineString><tessellate>1</tessellate><coordinates>-52.40008629,-23.80125049,0 -52.40007956,-23.80104718,0 -52.40008781,-23.80086676,0 -52.40009708,-23.80075838,0 -52.40013536,-23.80050841,0 -52.40017508,-23.80033158,0 -52.40022489,-23.80015692,0 -52.40028363,-23.79998462,0 -52.40035248,-23.79981553,0 -52.40040104,-23.79970869,0 -52.40047427,-23.79956717,0 -52.40055345,-23.79943101,0 -52.40061727,-23.79933232,0 -52.40072344,-23.79918045,0 -52.40083869,-23.79903428,0 -52.40104029,-23.79880793,0 -52.40119656,-23.79865981,0 -52.40137746,-23.79851104,0 -52.40153107,-23.79839864,0 -52.40169108,-23.79829406,0 -52.40185677,-23.79819725,0 -52.40202742,-23.79810806,0 -52.40220238,-23.79802624,0 -52.40238061,-23.79795063,0 -52.40250986,-23.79790480,0</coordinates></LineString>
    </Placemark>
    <Placemark>
      <name>terra boa</name>
      <Style><LineStyle><color>ff000000</color><width>3</width></LineStyle></Style>
      <ExtendedData>
        <Data name="camada"><value>LP5</value></Data>
        <Data name="classificacao"><value>LP5 - LP5</value></Data>
      </ExtendedData>
      <LineString><tessellate>1</tessellate><coordinates>-52.40001985,-23.80125076,0 -52.40001370,-23.80107471,0 -52.40001902,-23.80089420,0 -52.40003618,-23.80071432,0 -52.40004954,-23.80061335,0 -52.40006341,-23.80053550,0 -52.40010035,-23.80035815,0 -52.40014794,-23.80018297,0 -52.40020485,-23.80001015,0 -52.40027005,-23.79983982,0 -52.40034598,-23.79967330,0 -52.40043185,-23.79951093,0 -52.40052686,-23.79935293,0 -52.40058172,-23.79926810,0 -52.40067233,-23.79914101,0 -52.40074238,-23.79905126,0 -52.40086185,-23.79890800,0 -52.40098843,-23.79876997,0 -52.40112493,-23.79864020,0 -52.40131396,-23.79847976,0 -52.40147970,-23.79835749,0 -52.40164637,-23.79824801,0 -52.40181305,-23.79815005,0 -52.40197917,-23.79806239,0 -52.40208042,-23.79801427,0 -52.40234336,-23.79789852,0 -52.40241554,-23.79787292,0</coordinates></LineString>
    </Placemark>
    <Placemark>
      <name>terra boa</name>
      <Style><LineStyle><color>ff000000</color><width>3</width></LineStyle></Style>
      <ExtendedData>
        <Data name="camada"><value>LP5</value></Data>
        <Data name="classificacao"><value>LP5 - LP5</value></Data>
      </ExtendedData>
      <LineString><tessellate>1</tessellate><coordinates>-52.39995324,-23.80125102,0 -52.39994687,-23.80105020,0 -52.39995170,-23.80092172,0 -52.39996583,-23.80074161,0 -52.39999145,-23.80056258,0 -52.40002675,-23.80038496,0 -52.40007133,-23.80020910,0 -52.40012623,-23.80003573,0 -52.40018977,-23.79986488,0 -52.40021094,-23.79981097,0 -52.40026263,-23.79969723,0 -52.40034503,-23.79953335,0 -52.40043657,-23.79937361,0 -52.40053763,-23.79921881,0 -52.40064705,-23.79906891,0 -52.40076417,-23.79892403,0 -52.40094206,-23.79872602,0 -52.40110446,-23.79857208,0 -52.40127097,-23.79843335,0 -52.40146258,-23.79829385,0 -52.40162279,-23.79818954,0 -52.40178849,-23.79809275,0 -52.40195903,-23.79800336,0 -52.40213379,-23.79792116,0 -52.40232223,-23.79784109,0</coordinates></LineString>
    </Placemark>
    <Placemark>
      <name>terra boa</name>
      <Style><LineStyle><color>ff000000</color><width>3</width></LineStyle></Style>
      <ExtendedData>
        <Data name="camada"><value>LP5</value></Data>
        <Data name="classificacao"><value>LP5 - LP5</value></Data>
      </ExtendedData>
      <LineString><tessellate>1</tessellate><coordinates>-52.39988683,-23.80125128,0 -52.39988060,-23.80104980,0 -52.39988438,-23.80094924,0 -52.39989682,-23.80076903,0 -52.39991950,-23.80058967,0 -52.39995315,-23.80041176,0 -52.39999606,-23.80023556,0 -52.40004783,-23.80006138,0 -52.40010950,-23.79988994,0 -52.40014919,-23.79978884,0 -52.40021954,-23.79963407,0 -52.40029684,-23.79948468,0 -52.40038036,-23.79934107,0 -52.40044639,-23.79923895,0 -52.40055239,-23.79908699,0 -52.40066650,-23.79894006,0 -52.40078856,-23.79879865,0 -52.40091706,-23.79866221,0 -52.40105377,-23.79853262,0 -52.40119897,-23.79841111,0 -52.40139971,-23.79826025,0 -52.40157217,-23.79814696,0 -52.40174440,-23.79804575,0 -52.40191578,-23.79795531,0 -52.40207611,-23.79788083,0</coordinates></LineString>
    </Placemark>
    <Placemark>
      <name>terra boa</name>
      <Style><LineStyle><color>ff000000</color><width>3</width></LineStyle></Style>
      <ExtendedData>
        <Data name="camada"><value>LP5</value></Data>
        <Data name="classificacao"><value>LP5 - LP5</value></Data>
      </ExtendedData>
      <LineString><tessellate>1</tessellate><coordinates>-52.39982043,-23.80125154,0 -52.39981433,-23.80104939,0 -52.39982055,-23.80088381,0 -52.39982802,-23.80079647,0 -52.39984886,-23.80061693,0 -52.39987954,-23.80043857,0 -52.39992079,-23.80026202,0 -52.39997088,-23.80008743,0 -52.40002940,-23.79991506,0 -52.40009706,-23.79974556,0 -52.40017436,-23.79957958,0 -52.40026080,-23.79941747,0 -52.40032266,-23.79931109,0 -52.40041316,-23.79917115,0 -52.40050846,-23.79903748,0 -52.40068966,-23.79881377,0 -52.40084383,-23.79864411,0 -52.40101237,-23.79848435,0 -52.40118499,-23.79834052,0 -52.40139409,-23.79818905,0 -52.40155451,-23.79808502,0 -52.40172022,-23.79798824,0 -52.40182861,-23.79793126,0</coordinates></LineString>
    </Placemark>
    <Placemark>
      <name>terra boa</name>
      <Style><LineStyle><color>ff000000</color><width>3</width></LineStyle></Style>
      <ExtendedData>
        <Data name="camada"><value>LP5</value></Data>
        <Data name="classificacao"><value>LP5 - LP5</value></Data>
      </ExtendedData>
      <LineString><tessellate>1</tessellate><coordinates>-52.39975565,-23.80125193,0 -52.39974806,-23.80104899,0 -52.39975922,-23.80082391,0 -52.39976742,-23.80072800,0 -52.39980734,-23.80046561,0 -52.39984552,-23.80028848,0 -52.39989393,-23.80011348,0 -52.39995078,-23.79994064,0 -52.40001563,-23.79977021,0 -52.40009000,-23.79960310,0 -52.40017341,-23.79943963,0 -52.40026556,-23.79928018,0 -52.40036658,-23.79912535,0 -52.40047554,-23.79897516,0 -52.40059198,-23.79882980,0 -52.40079471,-23.79860316,0 -52.40098366,-23.79842604,0 -52.40112915,-23.79830481,0 -52.40131972,-23.79816301,0 -52.40149798,-23.79804591,0 -52.40161300,-23.79797831,0</coordinates></LineString>
    </Placemark>
    <Placemark>
      <name>terra boa</name>
      <Style><LineStyle><color>ff000000</color><width>3</width></LineStyle></Style>
      <ExtendedData>
        <Data name="camada"><value>LP5</value></Data>
        <Data name="classificacao"><value>LP5 - LP5</value></Data>
      </ExtendedData>
      <LineString><tessellate>1</tessellate><coordinates>-52.39968860,-23.80125307,0 -52.39968242,-23.80103179,0 -52.39969042,-23.80085135,0 -52.39970816,-23.80067152,0 -52.39972156,-23.80057026,0 -52.39977178,-23.80031526,0 -52.39981703,-23.80013954,0 -52.39987216,-23.79996623,0 -52.39993536,-23.79979527,0 -52.39996395,-23.79972246,0 -52.40003804,-23.79955944,0 -52.40011941,-23.79940220,0 -52.40017763,-23.79930209,0 -52.40027551,-23.79914559,0 -52.40038134,-23.79899352,0 -52.40049470,-23.79884611,0 -52.40061549,-23.79870378,0 -52.40074223,-23.79856586,0 -52.40092027,-23.79839662,0 -52.40109901,-23.79824770,0 -52.40127972,-23.79811439,0 -52.40142091,-23.79802268,0</coordinates></LineString>
    </Placemark>
    <Placemark>
      <name>terra boa</name>
      <Style><LineStyle><color>ff000000</color><width>3</width></LineStyle></Style>
      <ExtendedData>
        <Data name="camada"><value>LP5</value></Data>
        <Data name="classificacao"><value>LP5 - LP5</value></Data>
      </ExtendedData>
      <LineString><tessellate>1</tessellate><coordinates>-52.39962138,-23.80125421,0 -52.39961578,-23.80105931,0 -52.39962188,-23.80087881,0 -52.39963781,-23.80069882,0 -52.39966342,-23.80051979,0 -52.39969818,-23.80034207,0 -52.39974176,-23.80016601,0 -52.39979381,-23.79999189,0 -52.39985508,-23.79982033,0 -52.39990220,-23.79970033,0 -52.39997754,-23.79953456,0 -52.40006027,-23.79937470,0 -52.40014956,-23.79922116,0 -52.40024460,-23.79907420,0 -52.40034459,-23.79893395,0 -52.40051747,-23.79871955,0 -52.40069647,-23.79852125,0 -52.40087423,-23.79835276,0 -52.40105952,-23.79819871,0 -52.40124152,-23.79806638,0</coordinates></LineString>
    </Placemark>
    <Placemark>
      <name>terra boa</name>
      <Style><LineStyle><color>ff000000</color><width>3</width></LineStyle></Style>
      <ExtendedData>
        <Data name="camada"><value>LP5</value></Data>
        <Data name="classificacao"><value>LP5 - LP5</value></Data>
      </ExtendedData>
      <LineString><tessellate>1</tessellate><coordinates>-52.39955562,-23.80125590,0 -52.39955015,-23.80108684,0 -52.39955456,-23.80090632,0 -52.39956822,-23.80072619,0 -52.39959147,-23.80054687,0 -52.39962458,-23.80036888,0 -52.39966649,-23.80019247,0 -52.39971687,-23.80001794,0 -52.39977533,-23.79984556,0 -52.39984164,-23.79967558,0 -52.39991741,-23.79950898,0 -52.40000186,-23.79934595,0 -52.40009468,-23.79918682,0 -52.40019553,-23.79903189,0 -52.40030404,-23.79888141,0 -52.40041979,-23.79873558,0 -52.40054236,-23.79859455,0 -52.40067081,-23.79845807,0 -52.40080752,-23.79832848,0 -52.40101303,-23.79815488,0 -52.40107434,-23.79810965,0</coordinates></LineString>
    </Placemark>
    <Placemark>
      <name>terra boa</name>
      <Style><LineStyle><color>ff000000</color><width>3</width></LineStyle></Style>
      <ExtendedData>
        <Data name="camada"><value>LP5</value></Data>
        <Data name="classificacao"><value>LP5 - LP5</value></Data>
      </ExtendedData>
      <LineString><tessellate>1</tessellate><coordinates>-52.39948881,-23.80125800,0 -52.39948298,-23.80104738,0 -52.39948977,-23.80086659,0 -52.39949943,-23.80075363,0 -52.39952084,-23.80057413,0 -52.39955126,-23.80039573,0 -52.39959122,-23.80021893,0 -52.39963992,-23.80004399,0 -52.39969671,-23.79987114,0 -52.39976122,-23.79970059,0 -52.39983458,-23.79953313,0 -52.39991646,-23.79936903,0 -52.40000658,-23.79920863,0 -52.40010463,-23.79905222,0 -52.40021030,-23.79890006,0 -52.40032320,-23.79875236,0 -52.40044295,-23.79860929,0 -52.40059824,-23.79843934,0 -52.40078213,-23.79826503,0 -52.40091873,-23.79815222,0</coordinates></LineString>
    </Placemark>
    <Placemark>
      <name>terra boa</name>
      <Style><LineStyle><color>ff000000</color><width>3</width></LineStyle></Style>
      <ExtendedData>
        <Data name="camada"><value>LP5</value></Data>
        <Data name="classificacao"><value>LP5 - LP5</value></Data>
      </ExtendedData>
      <LineString><tessellate>1</tessellate><coordinates>-52.39942244,-23.80125874,0 -52.39941671,-23.80104697,0 -52.39942361,-23.80086314,0 -52.39943777,-23.80069761,0 -52.39947931,-23.80042282,0 -52.39951682,-23.80024557,0 -52.39956297,-23.80007004,0 -52.39961809,-23.79989673,0 -52.39971695,-23.79963395,0 -52.39979605,-23.79945993,0 -52.39988284,-23.79929221,0 -52.39997646,-23.79913122,0 -52.40007604,-23.79897725,0 -52.40018072,-23.79883042,0 -52.40028973,-23.79869074,0 -52.40034527,-23.79862532,0 -52.40054912,-23.79839839,0 -52.40073638,-23.79822092,0 -52.40076655,-23.79819578,0</coordinates></LineString>
    </Placemark>
    <Placemark>
      <name>terra boa</name>
      <Style><LineStyle><color>ff000000</color><width>3</width></LineStyle></Style>
      <ExtendedData>
        <Data name="camada"><value>LP5</value></Data>
        <Data name="classificacao"><value>LP5 - LP5</value></Data>
      </ExtendedData>
      <LineString><tessellate>1</tessellate><coordinates>-52.39935607,-23.80125948,0 -52.39935044,-23.80104657,0 -52.39936183,-23.80080851,0 -52.39938015,-23.80062873,0 -52.39939359,-23.80052717,0 -52.39940735,-23.80044990,0 -52.39944322,-23.80027237,0 -52.39948747,-23.80009645,0 -52.39953980,-23.79992240,0 -52.39960067,-23.79975072,0 -52.39966901,-23.79958145,0 -52.39974579,-23.79941526,0 -52.39983081,-23.79925249,0 -52.39992380,-23.79909345,0 -52.40002449,-23.79893843,0 -52.40013254,-23.79878766,0 -52.40024760,-23.79864135,0 -52.40036929,-23.79849967,0 -52.40049603,-23.79836176,0 -52.40062607,-23.79823796,0</coordinates></LineString>
    </Placemark>
    <Placemark>
      <name>terra boa</name>
      <Style><LineStyle><color>ff000000</color><width>3</width></LineStyle></Style>
      <ExtendedData>
        <Data name="camada"><value>LP5</value></Data>
        <Data name="classificacao"><value>LP5 - LP5</value></Data>
      </ExtendedData>
      <LineString><tessellate>1</tessellate><coordinates>-52.39928970,-23.80126022,0 -52.39928528,-23.80101639,0 -52.39929304,-23.80083595,0 -52.39930980,-23.80065602,0 -52.39933540,-23.80047699,0 -52.39936962,-23.80029918,0 -52.39941220,-23.80012291,0 -52.39946285,-23.79994845,0 -52.39952126,-23.79977606,0 -52.39958708,-23.79960592,0 -52.39966195,-23.79943899,0 -52.39974484,-23.79927531,0 -52.39983553,-23.79911518,0 -52.39993376,-23.79895886,0 -52.40003925,-23.79880660,0 -52.40015169,-23.79865861,0 -52.40027076,-23.79851507,0 -52.40045089,-23.79831648,0 -52.40048797,-23.79828132,0</coordinates></LineString>
    </Placemark>
    <Placemark>
      <name>terra boa</name>
      <Style><LineStyle><color>ff000000</color><width>3</width></LineStyle></Style>
      <ExtendedData>
        <Data name="camada"><value>LP5</value></Data>
        <Data name="classificacao"><value>LP5 - LP5</value></Data>
      </ExtendedData>
      <LineString><tessellate>1</tessellate><coordinates>-52.39922464,-23.80126094,0 -52.39921796,-23.80104391,0 -52.39922475,-23.80086341,0 -52.39923963,-23.80068334,0 -52.39926344,-23.80050407,0 -52.39929602,-23.80032599,0 -52.39933693,-23.80014937,0 -52.39938591,-23.79997451,0 -52.39944264,-23.79980164,0 -52.39950681,-23.79963098,0 -52.39953171,-23.79956756,0 -52.39961455,-23.79938530,0 -52.39970541,-23.79920972,0 -52.39980337,-23.79904128,0 -52.39990748,-23.79888029,0 -52.40005636,-23.79867626,0 -52.40017308,-23.79853110,0 -52.40029616,-23.79839045,0 -52.40035851,-23.79832416,0</coordinates></LineString>
    </Placemark>
    <Placemark>
      <name>terra boa</name>
      <Style><LineStyle><color>ff000000</color><width>3</width></LineStyle></Style>
      <ExtendedData>
        <Data name="camada"><value>LP5</value></Data>
        <Data name="classificacao"><value>LP5 - LP5</value></Data>
      </ExtendedData>
      <LineString><tessellate>1</tessellate><coordinates>-52.39915718,-23.80126169,0 -52.39915223,-23.80107144,0 -52.39915743,-23.80089093,0 -52.39917084,-23.80071078,0 -52.39919283,-23.80053134,0 -52.39922324,-23.80035293,0 -52.39926186,-23.80017587,0 -52.39930896,-23.80000056,0 -52.39936402,-23.79982722,0 -52.39942653,-23.79965604,0 -52.39946996,-23.79954543,0 -52.39957418,-23.79932154,0 -52.39965976,-23.79915904,0 -52.39975292,-23.79900009,0 -52.39985344,-23.79884496,0 -52.39996110,-23.79869395,0 -52.40007552,-23.79854721,0 -52.40022948,-23.79836863,0</coordinates></LineString>
    </Placemark>
    <Placemark>
      <name>terra boa</name>
      <Style><LineStyle><color>ff000000</color><width>3</width></LineStyle></Style>
      <ExtendedData>
        <Data name="camada"><value>LP5</value></Data>
        <Data name="classificacao"><value>LP5 - LP5</value></Data>
      </ExtendedData>
      <LineString><tessellate>1</tessellate><coordinates>-52.39909146,-23.80126242,0 -52.39908535,-23.80104495,0 -52.39909283,-23.80084592,0 -52.39910811,-23.80066722,0 -52.39912248,-23.80055863,0 -52.39915128,-23.80038002,0 -52.39918825,-23.80020268,0 -52.39923318,-23.80002689,0 -52.39928579,-23.79985291,0 -52.39934626,-23.79968111,0 -52.39941359,-23.79951148,0 -52.39948932,-23.79934486,0 -52.39957323,-23.79918159,0 -52.39966448,-23.79902172,0 -52.39976288,-23.79886549,0 -52.39986820,-23.79871314,0 -52.39998019,-23.79856486,0 -52.40010592,-23.79841259,0</coordinates></LineString>
    </Placemark>
    <Placemark>
      <name>terra boa</name>
      <Style><LineStyle><color>ff000000</color><width>3</width></LineStyle></Style>
      <ExtendedData>
        <Data name="camada"><value>LP5</value></Data>
        <Data name="classificacao"><value>LP5 - LP5</value></Data>
      </ExtendedData>
      <LineString><tessellate>1</tessellate><coordinates>-52.39902611,-23.80126315,0 -52.39901908,-23.80104455,0 -52.39902667,-23.80084247,0 -52.39904218,-23.80066115,0 -52.39906561,-23.80048408,0 -52.39911465,-23.80022948,0 -52.39915790,-23.80005335,0 -52.39920884,-23.79987897,0 -52.39926720,-23.79970655,0 -52.39933267,-23.79953631,0 -52.39940654,-23.79936902,0 -52.39943305,-23.79931068,0 -52.39952799,-23.79912723,0 -52.39963027,-23.79895135,0 -52.39977529,-23.79873232,0 -52.39988486,-23.79858251,0 -52.39998425,-23.79845776,0</coordinates></LineString>
    </Placemark>
    <Placemark>
      <name>terra boa</name>
      <Style><LineStyle><color>ff000000</color><width>3</width></LineStyle></Style>
      <ExtendedData>
        <Data name="camada"><value>LP5</value></Data>
        <Data name="classificacao"><value>LP5 - LP5</value></Data>
      </ExtendedData>
      <LineString><tessellate>1</tessellate><coordinates>-52.39895790,-23.80126391,0 -52.39895281,-23.80104414,0 -52.39896445,-23.80079310,0 -52.39898179,-23.80061323,0 -52.39900737,-23.80043419,0 -52.39904105,-23.80025629,0 -52.39908263,-23.80007981,0 -52.39913189,-23.79990502,0 -52.39918858,-23.79973213,0 -52.39928472,-23.79947905,0 -52.39937256,-23.79928580,0 -52.39948871,-23.79906558,0 -52.39958204,-23.79890672,0 -52.39968241,-23.79875151,0 -52.39979006,-23.79860049,0 -52.39986547,-23.79850319,0</coordinates></LineString>
    </Placemark>
    <Placemark>
      <name>terra boa</name>
      <Style><LineStyle><color>ff000000</color><width>3</width></LineStyle></Style>
      <ExtendedData>
        <Data name="camada"><value>LP5</value></Data>
        <Data name="classificacao"><value>LP5 - LP5</value></Data>
      </ExtendedData>
      <LineString><tessellate>1</tessellate><coordinates>-52.39889165,-23.80126416,0 -52.39888654,-23.80104374,0 -52.39889565,-23.80082054,0 -52.39891144,-23.80064052,0 -52.39893542,-23.80046128,0 -52.39896745,-23.80028310,0 -52.39900736,-23.80010627,0 -52.39905495,-23.79993107,0 -52.39910996,-23.79975772,0 -52.39917212,-23.79958643,0 -52.39924096,-23.79941734,0 -52.39931722,-23.79925094,0 -52.39940161,-23.79908788,0 -52.39949342,-23.79892827,0 -52.39959200,-23.79877213,0 -52.39974804,-23.79854881,0</coordinates></LineString>
    </Placemark>
    <Placemark>
      <name>terra boa</name>
      <Style><LineStyle><color>ff000000</color><width>3</width></LineStyle></Style>
      <ExtendedData>
        <Data name="camada"><value>LP5</value></Data>
        <Data name="classificacao"><value>LP5 - LP5</value></Data>
      </ExtendedData>
      <LineString><tessellate>1</tessellate><coordinates>-52.39882538,-23.80126402,0 -52.39882083,-23.80102851,0 -52.39882761,-23.80084802,0 -52.39884225,-23.80066793,0 -52.39886482,-23.80048854,0 -52.39889521,-23.80031013,0 -52.39893329,-23.80013298,0 -52.39897888,-23.79995733,0 -52.39903178,-23.79978343,0 -52.39909184,-23.79961149,0 -52.39915854,-23.79944163,0 -52.39923391,-23.79927488,0 -52.39931627,-23.79911099,0 -52.39935056,-23.79904474,0 -52.39945717,-23.79886141,0 -52.39960425,-23.79863886,0 -52.39963806,-23.79859234,0</coordinates></LineString>
    </Placemark>
    <Placemark>
      <name>terra boa</name>
      <Style><LineStyle><color>ff000000</color><width>3</width></LineStyle></Style>
      <ExtendedData>
        <Data name="camada"><value>LP5</value></Data>
        <Data name="classificacao"><value>LP5 - LP5</value></Data>
      </ExtendedData>
      <LineString><tessellate>1</tessellate><coordinates>-52.39876036,-23.80126388,0 -52.39875430,-23.80105603,0 -52.39876029,-23.80087553,0 -52.39877345,-23.80069537,0 -52.39879447,-23.80051584,0 -52.39882326,-23.80033722,0 -52.39885969,-23.80015979,0 -52.39890361,-23.79998380,0 -52.39895483,-23.79980948,0 -52.39901313,-23.79963705,0 -52.39909947,-23.79941266,0 -52.39919106,-23.79921117,0 -52.39931765,-23.79897213,0 -52.39941116,-23.79881335,0 -52.39952692,-23.79863651,0</coordinates></LineString>
    </Placemark>
    <Placemark>
      <name>terra boa</name>
      <Style><LineStyle><color>ff000000</color><width>3</width></LineStyle></Style>
      <ExtendedData>
        <Data name="camada"><value>LP5</value></Data>
        <Data name="classificacao"><value>LP5 - LP5</value></Data>
      </ExtendedData>
      <LineString><tessellate>1</tessellate><coordinates>-52.39869297,-23.80126554,0 -52.39868868,-23.80108356,0 -52.39869297,-23.80090305,0 -52.39869589,-23.80082525,0 -52.39871252,-23.80063076,0 -52.39873764,-23.80044099,0 -52.39875130,-23.80036431,0 -52.39878609,-23.80018659,0 -52.39882834,-23.80001026,0 -52.39887788,-23.79983553,0 -52.39893451,-23.79966263,0 -52.39903773,-23.79939054,0 -52.39914561,-23.79915722,0 -52.39922999,-23.79899416,0 -52.39932237,-23.79883481,0 -52.39942117,-23.79867868,0</coordinates></LineString>
    </Placemark>
    <Placemark>
      <name>terra boa</name>
      <Style><LineStyle><color>ff000000</color><width>3</width></LineStyle></Style>
      <ExtendedData>
        <Data name="camada"><value>LP5</value></Data>
        <Data name="classificacao"><value>LP5 - LP5</value></Data>
      </ExtendedData>
      <LineString><tessellate>1</tessellate><coordinates>-52.39862727,-23.80126662,0 -52.39862146,-23.80104212,0 -52.39862974,-23.80082180,0 -52.39865377,-23.80057043,0 -52.39867935,-23.80039139,0 -52.39871249,-23.80021340,0 -52.39875307,-23.80003672,0 -52.39880094,-23.79986158,0 -52.39885589,-23.79968821,0 -52.39891771,-23.79951682,0 -52.39898554,-23.79934737,0 -52.39906128,-23.79918075,0 -52.39917313,-23.79896225,0 -52.39928408,-23.79877147,0 -52.39931705,-23.79872049,0</coordinates></LineString>
    </Placemark>
    <Placemark>
      <name>terra boa</name>
      <Style><LineStyle><color>ff000000</color><width>3</width></LineStyle></Style>
      <ExtendedData>
        <Data name="camada"><value>LP5</value></Data>
        <Data name="classificacao"><value>LP5 - LP5</value></Data>
      </ExtendedData>
      <LineString><tessellate>1</tessellate><coordinates>-52.39856192,-23.80126706,0 -52.39855519,-23.80104172,0 -52.39856706,-23.80077769,0 -52.39858342,-23.80059773,0 -52.39860739,-23.80041848,0 -52.39863914,-23.80024025,0 -52.39867833,-23.80006329,0 -52.39872459,-23.79988778,0 -52.39877777,-23.79971394,0 -52.39883768,-23.79954196,0 -52.39890412,-23.79937202,0 -52.39900956,-23.79913654,0 -52.39911399,-23.79893476,0 -52.39921597,-23.79876117,0</coordinates></LineString>
    </Placemark>
    <Placemark>
      <name>terra boa</name>
      <Style><LineStyle><color>ff000000</color><width>3</width></LineStyle></Style>
      <ExtendedData>
        <Data name="camada"><value>LP5</value></Data>
        <Data name="classificacao"><value>LP5 - LP5</value></Data>
      </ExtendedData>
      <LineString><tessellate>1</tessellate><coordinates>-52.39849415,-23.80126752,0 -52.39848892,-23.80104132,0 -52.39849826,-23.80080513,0 -52.39851366,-23.80062508,0 -52.39853680,-23.80044574,0 -52.39856719,-23.80026734,0 -52.39860473,-23.80009009,0 -52.39864932,-23.79991424,0 -52.39870082,-23.79973999,0 -52.39875906,-23.79956754,0 -52.39885248,-23.79932415,0 -52.39894907,-23.79911166,0 -52.39905872,-23.79890060,0 -52.39911624,-23.79880169,0</coordinates></LineString>
    </Placemark>
    <Placemark>
      <name>terra boa</name>
      <Style><LineStyle><color>ff000000</color><width>3</width></LineStyle></Style>
      <ExtendedData>
        <Data name="camada"><value>LP5</value></Data>
        <Data name="classificacao"><value>LP5 - LP5</value></Data>
      </ExtendedData>
      <LineString><tessellate>1</tessellate><coordinates>-52.39842790,-23.80126797,0 -52.39842369,-23.80101311,0 -52.39843047,-23.80083262,0 -52.39844486,-23.80065252,0 -52.39846646,-23.80047304,0 -52.39849523,-23.80029442,0 -52.39853113,-23.80011690,0 -52.39857405,-23.79994070,0 -52.39862387,-23.79976604,0 -52.39868044,-23.79959313,0 -52.39879074,-23.79930202,0 -52.39888866,-23.79908662,0 -52.39897304,-23.79892355,0 -52.39901950,-23.79884118,0</coordinates></LineString>
    </Placemark>
    <Placemark>
      <name>terra boa</name>
      <Style><LineStyle><color>ff000000</color><width>3</width></LineStyle></Style>
      <ExtendedData>
        <Data name="camada"><value>LP5</value></Data>
        <Data name="classificacao"><value>LP5 - LP5</value></Data>
      </ExtendedData>
      <LineString><tessellate>1</tessellate><coordinates>-52.39836165,-23.80126842,0 -52.39835638,-23.80104063,0 -52.39836315,-23.80086013,0 -52.39838287,-23.80060037,0 -52.39840967,-23.80039790,0 -52.39842328,-23.80032151,0 -52.39845752,-23.80014370,0 -52.39849878,-23.79996716,0 -52.39854692,-23.79979209,0 -52.39860182,-23.79961871,0 -52.39866330,-23.79944721,0 -52.39873012,-23.79927739,0 -52.39882807,-23.79906191,0 -52.39892137,-23.79888162,0</coordinates></LineString>
    </Placemark>
    <Placemark>
      <name>terra boa</name>
      <Style><LineStyle><color>ff000000</color><width>3</width></LineStyle></Style>
      <ExtendedData>
        <Data name="camada"><value>LP5</value></Data>
        <Data name="classificacao"><value>LP5 - LP5</value></Data>
      </ExtendedData>
      <LineString><tessellate>1</tessellate><coordinates>-52.39829627,-23.80126886,0 -52.39829075,-23.80106816,0 -52.39829895,-23.80080457,0 -52.39830726,-23.80070739,0 -52.39832576,-23.80052763,0 -52.39835132,-23.80034859,0 -52.39838392,-23.80017051,0 -52.39842351,-23.79999362,0 -52.39847030,-23.79981822,0 -52.39852376,-23.79964445,0 -52.39858362,-23.79947245,0 -52.39864971,-23.79930241,0 -52.39872307,-23.79913494,0 -52.39876757,-23.79903703,0 -52.39882833,-23.79892028,0</coordinates></LineString>
    </Placemark>
    <Placemark>
      <name>terra boa</name>
      <Style><LineStyle><color>ff000000</color><width>3</width></LineStyle></Style>
      <ExtendedData>
        <Data name="camada"><value>LP5</value></Data>
        <Data name="classificacao"><value>LP5 - LP5</value></Data>
      </ExtendedData>
      <LineString><tessellate>1</tessellate><coordinates>-52.39822915,-23.80126931,0 -52.39822383,-23.80103970,0 -52.39823280,-23.80080113,0 -52.39825541,-23.80055493,0 -52.39827936,-23.80037568,0 -52.39831112,-23.80019745,0 -52.39834976,-23.80002039,0 -52.39839502,-23.79984468,0 -52.39844681,-23.79967050,0 -52.39850500,-23.79949804,0 -52.39860549,-23.79923564,0 -52.39873417,-23.79895980,0</coordinates></LineString>
    </Placemark>
    <Placemark>
      <name>terra boa</name>
      <Style><LineStyle><color>ff000000</color><width>3</width></LineStyle></Style>
      <ExtendedData>
        <Data name="camada"><value>LP5</value></Data>
        <Data name="classificacao"><value>LP5 - LP5</value></Data>
      </ExtendedData>
      <LineString><tessellate>1</tessellate><coordinates>-52.39816310,-23.80126976,0 -52.39815756,-23.80103930,0 -52.39816967,-23.80076227,0 -52.39818507,-23.80058223,0 -52.39820879,-23.80040294,0 -52.39823916,-23.80022454,0 -52.39827616,-23.80004720,0 -52.39831975,-23.79987114,0 -52.39836986,-23.79969655,0 -52.39842638,-23.79952362,0 -52.39848916,-23.79935253,0 -52.39855749,-23.79918326,0 -52.39864222,-23.79899888,0</coordinates></LineString>
    </Placemark>
    <Placemark>
      <name>terra boa</name>
      <Style><LineStyle><color>ff000000</color><width>3</width></LineStyle></Style>
      <ExtendedData>
        <Data name="camada"><value>LP5</value></Data>
        <Data name="classificacao"><value>LP5 - LP5</value></Data>
      </ExtendedData>
      <LineString><tessellate>1</tessellate><coordinates>-52.39809774,-23.80127020,0 -52.39809129,-23.80103889,0 -52.39810087,-23.80078971,0 -52.39811627,-23.80060966,0 -52.39813844,-23.80043024,0 -52.39816721,-23.80025162,0 -52.39820256,-23.80007401,0 -52.39824448,-23.79989760,0 -52.39829291,-23.79972260,0 -52.39834776,-23.79954920,0 -52.39840888,-23.79937759,0 -52.39847558,-23.79920773,0 -52.39855187,-23.79903767,0</coordinates></LineString>
    </Placemark>
    <Placemark>
      <name>terra boa</name>
      <Style><LineStyle><color>ff000000</color><width>3</width></LineStyle></Style>
      <ExtendedData>
        <Data name="camada"><value>LP5</value></Data>
        <Data name="classificacao"><value>LP5 - LP5</value></Data>
      </ExtendedData>
      <LineString><tessellate>1</tessellate><coordinates>-52.39803040,-23.80127065,0 -52.39802655,-23.80099772,0 -52.39803334,-23.80081722,0 -52.39804747,-23.80063710,0 -52.39808169,-23.80035481,0 -52.39812896,-23.80010081,0 -52.39816921,-23.79992406,0 -52.39821600,-23.79974866,0 -52.39826975,-23.79957496,0 -52.39832955,-23.79940295,0 -52.39839530,-23.79923279,0 -52.39842025,-23.79916925,0 -52.39846229,-23.79907675,0</coordinates></LineString>
    </Placemark>
    <Placemark>
      <name>terra boa</name>
      <Style><LineStyle><color>ff000000</color><width>3</width></LineStyle></Style>
      <ExtendedData>
        <Data name="camada"><value>LP5</value></Data>
        <Data name="classificacao"><value>LP5 - LP5</value></Data>
      </ExtendedData>
      <LineString><tessellate>1</tessellate><coordinates>-52.39796419,-23.80127282,0 -52.39795923,-23.80102523,0 -52.39796602,-23.80084473,0 -52.39797867,-23.80066454,0 -52.39798728,-23.80056390,0 -52.39802329,-23.80030579,0 -52.39805536,-23.80012762,0 -52.39809480,-23.79995070,0 -52.39814073,-23.79977512,0 -52.39819280,-23.79960101,0 -52.39825093,-23.79942853,0 -52.39831503,-23.79925785,0 -52.39837248,-23.79911638,0</coordinates></LineString>
    </Placemark>
    <Placemark>
      <name>terra boa</name>
      <Style><LineStyle><color>ff000000</color><width>3</width></LineStyle></Style>
      <ExtendedData>
        <Data name="camada"><value>LP5</value></Data>
        <Data name="classificacao"><value>LP5 - LP5</value></Data>
      </ExtendedData>
      <LineString><tessellate>1</tessellate><coordinates>-52.39789795,-23.80127402,0 -52.39789283,-23.80105275,0 -52.39790202,-23.80078390,0 -52.39792740,-23.80051213,0 -52.39795134,-23.80033288,0 -52.39798309,-23.80015465,0 -52.39802120,-23.79997750,0 -52.39806546,-23.79980158,0 -52.39811585,-23.79962706,0 -52.39817231,-23.79945412,0 -52.39823475,-23.79928292,0 -52.39828529,-23.79915559,0</coordinates></LineString>
    </Placemark>
    <Placemark>
      <name>terra boa</name>
      <Style><LineStyle><color>ff000000</color><width>3</width></LineStyle></Style>
      <ExtendedData>
        <Data name="camada"><value>LP5</value></Data>
        <Data name="classificacao"><value>LP5 - LP5</value></Data>
      </ExtendedData>
      <LineString><tessellate>1</tessellate><coordinates>-52.39783172,-23.80127521,0 -52.39782621,-23.80103727,0 -52.39784108,-23.80071942,0 -52.39785705,-23.80053943,0 -52.39788078,-23.80036015,0 -52.39791114,-23.80018174,0 -52.39794760,-23.80000431,0 -52.39799019,-23.79982804,0 -52.39803890,-23.79965311,0 -52.39809369,-23.79947970,0 -52.39815447,-23.79930798,0 -52.39819886,-23.79919492,0</coordinates></LineString>
    </Placemark>
    <Placemark>
      <name>terra boa</name>
      <Style><LineStyle><color>ff000000</color><width>3</width></LineStyle></Style>
      <ExtendedData>
        <Data name="camada"><value>LP5</value></Data>
        <Data name="classificacao"><value>LP5 - LP5</value></Data>
      </ExtendedData>
      <LineString><tessellate>1</tessellate><coordinates>-52.39776548,-23.80127640,0 -52.39775994,-23.80103687,0 -52.39777228,-23.80074686,0 -52.39778768,-23.80056681,0 -52.39781043,-23.80038744,0 -52.39783918,-23.80020882,0 -52.39787400,-23.80003111,0 -52.39791492,-23.79985450,0 -52.39796196,-23.79967916,0 -52.39801574,-23.79950547,0 -52.39807548,-23.79933344,0 -52.39811344,-23.79923463,0</coordinates></LineString>
    </Placemark>
    <Placemark>
      <name>terra boa</name>
      <Style><LineStyle><color>ff000000</color><width>3</width></LineStyle></Style>
      <ExtendedData>
        <Data name="camada"><value>LP5</value></Data>
        <Data name="classificacao"><value>LP5 - LP5</value></Data>
      </ExtendedData>
      <LineString><tessellate>1</tessellate><coordinates>-52.39769925,-23.80127760,0 -52.39769367,-23.80103646,0 -52.39770352,-23.80077430,0 -52.39771888,-23.80059425,0 -52.39775372,-23.80031172,0 -52.39780039,-23.80005792,0 -52.39783984,-23.79988100,0 -52.39788644,-23.79970556,0 -52.39793879,-23.79953152,0 -52.39799686,-23.79935903,0 -52.39802830,-23.79927482,0</coordinates></LineString>
    </Placemark>
    <Placemark>
      <name>terra boa</name>
      <Style><LineStyle><color>ff000000</color><width>3</width></LineStyle></Style>
      <ExtendedData>
        <Data name="camada"><value>LP5</value></Data>
        <Data name="classificacao"><value>LP5 - LP5</value></Data>
      </ExtendedData>
      <LineString><tessellate>1</tessellate><coordinates>-52.39763378,-23.80127878,0 -52.39762740,-23.80103606,0 -52.39763620,-23.80080182,0 -52.39765762,-23.80053351,0 -52.39769527,-23.80026299,0 -52.39772702,-23.80008476,0 -52.39776624,-23.79990781,0 -52.39781117,-23.79973202,0 -52.39786184,-23.79955757,0 -52.39794312,-23.79931599,0</coordinates></LineString>
    </Placemark>
    <Placemark>
      <name>terra boa</name>
      <Style><LineStyle><color>ff000000</color><width>3</width></LineStyle></Style>
      <ExtendedData>
        <Data name="camada"><value>LP5</value></Data>
        <Data name="classificacao"><value>LP5 - LP5</value></Data>
      </ExtendedData>
      <LineString><tessellate>1</tessellate><coordinates>-52.39756807,-23.80127996,0 -52.39756210,-23.80100983,0 -52.39756888,-23.80082933,0 -52.39758129,-23.80064913,0 -52.39759938,-23.80046933,0 -52.39762331,-23.80029008,0 -52.39765507,-23.80011185,0 -52.39769264,-23.79993461,0 -52.39773590,-23.79975848,0 -52.39778489,-23.79958362,0 -52.39785798,-23.79935801,0</coordinates></LineString>
    </Placemark>
    <Placemark>
      <name>terra boa</name>
      <Style><LineStyle><color>ff000000</color><width>3</width></LineStyle></Style>
      <ExtendedData>
        <Data name="camada"><value>LP5</value></Data>
        <Data name="classificacao"><value>LP5 - LP5</value></Data>
      </ExtendedData>
      <LineString><tessellate>1</tessellate><coordinates>-52.39750055,-23.80128118,0 -52.39749490,-23.80103735,0 -52.39750508,-23.80076323,0 -52.39752904,-23.80049663,0 -52.39755277,-23.80031735,0 -52.39758311,-23.80013893,0 -52.39761903,-23.79996142,0 -52.39766063,-23.79978494,0 -52.39770794,-23.79960967,0 -52.39777402,-23.79940055,0</coordinates></LineString>
    </Placemark>
    <Placemark>
      <name>terra boa</name>
      <Style><LineStyle><color>ff000000</color><width>3</width></LineStyle></Style>
      <ExtendedData>
        <Data name="camada"><value>LP5</value></Data>
        <Data name="classificacao"><value>LP5 - LP5</value></Data>
      </ExtendedData>
      <LineString><tessellate>1</tessellate><coordinates>-52.39743431,-23.80128237,0 -52.39742928,-23.80106488,0 -52.39743424,-23.80088437,0 -52.39744369,-23.80070401,0 -52.39745909,-23.80052396,0 -52.39748242,-23.80034464,0 -52.39751115,-23.80016602,0 -52.39754543,-23.79998822,0 -52.39758536,-23.79981140,0 -52.39763215,-23.79963600,0 -52.39769090,-23.79944382,0</coordinates></LineString>
    </Placemark>
    <Placemark>
      <name>terra boa</name>
      <Style><LineStyle><color>ff000000</color><width>3</width></LineStyle></Style>
      <ExtendedData>
        <Data name="camada"><value>LP5</value></Data>
        <Data name="classificacao"><value>LP5 - LP5</value></Data>
      </ExtendedData>
      <LineString><tessellate>1</tessellate><coordinates>-52.39736811,-23.80128478,0 -52.39736231,-23.80103444,0 -52.39737489,-23.80073145,0 -52.39739029,-23.80055140,0 -52.39742574,-23.80026862,0 -52.39747183,-23.80001503,0 -52.39751128,-23.79983811,0 -52.39755688,-23.79966246,0 -52.39760776,-23.79948832,0</coordinates></LineString>
    </Placemark>
    <Placemark>
      <name>terra boa</name>
      <Style><LineStyle><color>ff000000</color><width>3</width></LineStyle></Style>
      <ExtendedData>
        <Data name="camada"><value>LP5</value></Data>
        <Data name="classificacao"><value>LP5 - LP5</value></Data>
      </ExtendedData>
      <LineString><tessellate>1</tessellate><coordinates>-52.39730191,-23.80128737,0 -52.39729604,-23.80103404,0 -52.39730638,-23.80075890,0 -52.39732797,-23.80050312,0 -52.39736724,-23.80022019,0 -52.39739900,-23.80004196,0 -52.39743767,-23.79986491,0 -52.39748161,-23.79968892,0 -52.39752526,-23.79953406,0</coordinates></LineString>
    </Placemark>
    <Placemark>
      <name>terra boa</name>
      <Style><LineStyle><color>ff000000</color><width>3</width></LineStyle></Style>
      <ExtendedData>
        <Data name="camada"><value>LP5</value></Data>
        <Data name="classificacao"><value>LP5 - LP5</value></Data>
      </ExtendedData>
      <LineString><tessellate>1</tessellate><coordinates>-52.39723570,-23.80128967,0 -52.39722977,-23.80103363,0 -52.39723906,-23.80078642,0 -52.39726204,-23.80049705,0 -52.39729529,-23.80024727,0 -52.39732704,-23.80006905,0 -52.39736407,-23.79989172,0 -52.39740633,-23.79971538,0 -52.39744279,-23.79958118,0</coordinates></LineString>
    </Placemark>
    <Placemark>
      <name>terra boa</name>
      <Style><LineStyle><color>ff000000</color><width>3</width></LineStyle></Style>
      <ExtendedData>
        <Data name="camada"><value>LP5</value></Data>
        <Data name="classificacao"><value>LP5 - LP5</value></Data>
      </ExtendedData>
      <LineString><tessellate>1</tessellate><coordinates>-52.39716993,-23.80129116,0 -52.39716496,-23.80099443,0 -52.39717430,-23.80074600,0 -52.39720102,-23.80045383,0 -52.39722475,-23.80027455,0 -52.39725509,-23.80009613,0 -52.39729047,-23.79991852,0 -52.39733106,-23.79974184,0 -52.39736088,-23.79963009,0</coordinates></LineString>
    </Placemark>
    <Placemark>
      <name>terra boa</name>
      <Style><LineStyle><color>ff000000</color><width>3</width></LineStyle></Style>
      <ExtendedData>
        <Data name="camada"><value>LP5</value></Data>
        <Data name="classificacao"><value>LP5 - LP5</value></Data>
      </ExtendedData>
      <LineString><tessellate>1</tessellate><coordinates>-52.39710431,-23.80129266,0 -52.39709764,-23.80102195,0 -52.39710814,-23.80074255,0 -52.39713067,-23.80048112,0 -52.39715440,-23.80030184,0 -52.39718313,-23.80012322,0 -52.39721687,-23.79994533,0 -52.39725631,-23.79976841,0 -52.39727954,-23.79968030,0</coordinates></LineString>
    </Placemark>
    <Placemark>
      <name>terra boa</name>
      <Style><LineStyle><color>ff000000</color><width>3</width></LineStyle></Style>
      <ExtendedData>
        <Data name="camada"><value>LP5</value></Data>
        <Data name="classificacao"><value>LP5 - LP5</value></Data>
      </ExtendedData>
      <LineString><tessellate>1</tessellate><coordinates>-52.39703702,-23.80129418,0 -52.39703135,-23.80104947,0 -52.39704630,-23.80068859,0 -52.39706170,-23.80050855,0 -52.39709777,-23.80022553,0 -52.39714327,-23.79997213,0 -52.39719851,-23.79973291,0</coordinates></LineString>
    </Placemark>
    <Placemark>
      <name>terra boa</name>
      <Style><LineStyle><color>ff000000</color><width>3</width></LineStyle></Style>
      <ExtendedData>
        <Data name="camada"><value>LP5</value></Data>
        <Data name="classificacao"><value>LP5 - LP5</value></Data>
      </ExtendedData>
      <LineString><tessellate>1</tessellate><coordinates>-52.39697079,-23.80129569,0 -52.39696469,-23.80103201,0 -52.39697751,-23.80071603,0 -52.39699290,-23.80053598,0 -52.39701371,-23.80035643,0 -52.39703922,-23.80017739,0 -52.39707097,-23.79999916,0 -52.39711749,-23.79978764,0</coordinates></LineString>
    </Placemark>
    <Placemark>
      <name>terra boa</name>
      <Style><LineStyle><color>ff000000</color><width>3</width></LineStyle></Style>
      <ExtendedData>
        <Data name="camada"><value>LP5</value></Data>
        <Data name="classificacao"><value>LP5 - LP5</value></Data>
      </ExtendedData>
      <LineString><tessellate>1</tessellate><coordinates>-52.39690456,-23.80129719,0 -52.39689842,-23.80103161,0 -52.39690925,-23.80074350,0 -52.39693238,-23.80046666,0 -52.39696726,-23.80020447,0 -52.39699902,-23.80002625,0 -52.39703628,-23.79984553,0</coordinates></LineString>
    </Placemark>
    <Placemark>
      <name>terra boa</name>
      <Style><LineStyle><color>ff000000</color><width>3</width></LineStyle></Style>
      <ExtendedData>
        <Data name="camada"><value>LP5</value></Data>
        <Data name="classificacao"><value>LP5 - LP5</value></Data>
      </ExtendedData>
      <LineString><tessellate>1</tessellate><coordinates>-52.39683834,-23.80129870,0 -52.39683215,-23.80103120,0 -52.39684193,-23.80077102,0 -52.39685531,-23.80059086,0 -52.39687301,-23.80041103,0 -52.39689674,-23.80023175,0 -52.39692706,-23.80005333,0 -52.39695606,-23.79990544,0</coordinates></LineString>
    </Placemark>
    <Placemark>
      <name>terra boa</name>
      <Style><LineStyle><color>ff000000</color><width>3</width></LineStyle></Style>
      <ExtendedData>
        <Data name="camada"><value>LP5</value></Data>
        <Data name="classificacao"><value>LP5 - LP5</value></Data>
      </ExtendedData>
      <LineString><tessellate>1</tessellate><coordinates>-52.39677211,-23.80130020,0 -52.39676588,-23.80103080,0 -52.39677736,-23.80072532,0 -52.39680266,-23.80043832,0 -52.39682639,-23.80025904,0 -52.39687608,-23.79996796,0</coordinates></LineString>
    </Placemark>
    <Placemark>
      <name>terra boa</name>
      <Style><LineStyle><color>ff000000</color><width>3</width></LineStyle></Style>
      <ExtendedData>
        <Data name="camada"><value>LP5</value></Data>
        <Data name="classificacao"><value>LP5 - LP5</value></Data>
      </ExtendedData>
      <LineString><tessellate>1</tessellate><coordinates>-52.39670604,-23.80130170,0 -52.39670050,-23.80100654,0 -52.39671120,-23.80072187,0 -52.39673311,-23.80046569,0 -52.39676980,-23.80018244,0 -52.39679629,-23.80003376,0</coordinates></LineString>
    </Placemark>
    <Placemark>
      <name>terra boa</name>
      <Style><LineStyle><color>ff000000</color><width>3</width></LineStyle></Style>
      <ExtendedData>
        <Data name="camada"><value>LP5</value></Data>
        <Data name="classificacao"><value>LP5 - LP5</value></Data>
      </ExtendedData>
      <LineString><tessellate>1</tessellate><coordinates>-52.39664047,-23.80130319,0 -52.39663343,-23.80103406,0 -52.39664892,-23.80067318,0 -52.39666431,-23.80049313,0 -52.39668570,-23.80031363,0 -52.39671717,-23.80010105,0</coordinates></LineString>
    </Placemark>
    <Placemark>
      <name>terra boa</name>
      <Style><LineStyle><color>ff000000</color><width>3</width></LineStyle></Style>
      <ExtendedData>
        <Data name="camada"><value>LP5</value></Data>
        <Data name="classificacao"><value>LP5 - LP5</value></Data>
      </ExtendedData>
      <LineString><tessellate>1</tessellate><coordinates>-52.39657343,-23.80130471,0 -52.39656780,-23.80106159,0 -52.39658012,-23.80070062,0 -52.39660273,-23.80043626,0 -52.39663777,-23.80017268,0</coordinates></LineString>
    </Placemark>
    <Placemark>
      <name>terra boa</name>
      <Style><LineStyle><color>ff000000</color><width>3</width></LineStyle></Style>
      <ExtendedData>
        <Data name="camada"><value>LP5</value></Data>
        <Data name="classificacao"><value>LP5 - LP5</value></Data>
      </ExtendedData>
      <LineString><tessellate>1</tessellate><coordinates>-52.39650720,-23.80130622,0 -52.39650079,-23.80102918,0 -52.39651211,-23.80072810,0 -52.39654500,-23.80036822,0 -52.39656166,-23.80024233,0</coordinates></LineString>
    </Placemark>
    <Placemark>
      <name>terra boa</name>
      <Style><LineStyle><color>ff000000</color><width>3</width></LineStyle></Style>
      <ExtendedData>
        <Data name="camada"><value>LP5</value></Data>
        <Data name="classificacao"><value>LP5 - LP5</value></Data>
      </ExtendedData>
      <LineString><tessellate>1</tessellate><coordinates>-52.39644098,-23.80130772,0 -52.39643452,-23.80102877,0 -52.39644479,-23.80075561,0 -52.39645792,-23.80057545,0 -52.39647465,-23.80039552,0 -52.39648509,-23.80031661,0</coordinates></LineString>
    </Placemark>
    <Placemark>
      <name>terra boa</name>
      <Style><LineStyle><color>ff000000</color><width>3</width></LineStyle></Style>
      <ExtendedData>
        <Data name="camada"><value>LP5</value></Data>
        <Data name="classificacao"><value>LP5 - LP5</value></Data>
      </ExtendedData>
      <LineString><tessellate>1</tessellate><coordinates>-52.39637475,-23.80130923,0 -52.39636825,-23.80102837,0 -52.39638042,-23.80070464,0 -52.39640861,-23.80039163,0</coordinates></LineString>
    </Placemark>
    <Placemark>
      <name>terra boa</name>
      <Style><LineStyle><color>ff000000</color><width>3</width></LineStyle></Style>
      <ExtendedData>
        <Data name="camada"><value>LP5</value></Data>
        <Data name="classificacao"><value>LP5 - LP5</value></Data>
      </ExtendedData>
      <LineString><tessellate>1</tessellate><coordinates>-52.39630855,-23.80131206,0 -52.39630336,-23.80099114,0 -52.39631426,-23.80070120,0 -52.39633430,-23.80046697,0</coordinates></LineString>
    </Placemark>
    <Placemark>
      <name>terra boa</name>
      <Style><LineStyle><color>ff000000</color><width>3</width></LineStyle></Style>
      <ExtendedData>
        <Data name="camada"><value>LP5</value></Data>
        <Data name="classificacao"><value>LP5 - LP5</value></Data>
      </ExtendedData>
      <LineString><tessellate>1</tessellate><coordinates>-52.39624235,-23.80131447,0 -52.39623604,-23.80101866,0 -52.39625153,-23.80065776,0 -52.39626139,-23.80054245,0</coordinates></LineString>
    </Placemark>
    <Placemark>
      <name>terra boa</name>
      <Style><LineStyle><color>ff000000</color><width>3</width></LineStyle></Style>
      <ExtendedData>
        <Data name="camada"><value>LP5</value></Data>
        <Data name="classificacao"><value>LP5 - LP5</value></Data>
      </ExtendedData>
      <LineString><tessellate>1</tessellate><coordinates>-52.39617674,-23.80131686,0 -52.39616988,-23.80104618,0 -52.39618273,-23.80068520,0 -52.39618832,-23.80061987,0</coordinates></LineString>
    </Placemark>
    <Placemark>
      <name>terra boa</name>
      <Style><LineStyle><color>ff000000</color><width>3</width></LineStyle></Style>
      <ExtendedData>
        <Data name="camada"><value>LP5</value></Data>
        <Data name="classificacao"><value>LP5 - LP5</value></Data>
      </ExtendedData>
      <LineString><tessellate>1</tessellate><coordinates>-52.39611087,-23.80131925,0 -52.39610317,-23.80102675,0 -52.39611595,-23.80070041,0</coordinates></LineString>
    </Placemark>
    <Placemark>
      <name>terra boa</name>
      <Style><LineStyle><color>ff000000</color><width>3</width></LineStyle></Style>
      <ExtendedData>
        <Data name="camada"><value>LP5</value></Data>
        <Data name="classificacao"><value>LP5 - LP5</value></Data>
      </ExtendedData>
      <LineString><tessellate>1</tessellate><coordinates>-52.39604374,-23.80132189,0 -52.39603690,-23.80102634,0 -52.39604617,-23.80077962,0</coordinates></LineString>
    </Placemark>
    <Placemark>
      <name>terra boa</name>
      <Style><LineStyle><color>ff000000</color><width>3</width></LineStyle></Style>
      <ExtendedData>
        <Data name="camada"><value>LP5</value></Data>
        <Data name="classificacao"><value>LP5 - LP5</value></Data>
      </ExtendedData>
      <LineString><tessellate>1</tessellate><coordinates>-52.39597755,-23.80132521,0 -52.39597063,-23.80102594,0 -52.39597664,-23.80086594,0</coordinates></LineString>
    </Placemark>
    <Placemark>
      <name>terra boa</name>
      <Style><LineStyle><color>ff000000</color><width>3</width></LineStyle></Style>
      <ExtendedData>
        <Data name="camada"><value>LP5</value></Data>
        <Data name="classificacao"><value>LP5 - LP5</value></Data>
      </ExtendedData>
      <LineString><tessellate>1</tessellate><coordinates>-52.39591132,-23.80132649,0 -52.39590435,-23.80102553,0 -52.39590698,-23.80095562,0</coordinates></LineString>
    </Placemark>
    <Placemark>
      <name>terra boa</name>
      <Style><LineStyle><color>ff000000</color><width>3</width></LineStyle></Style>
      <ExtendedData>
        <Data name="camada"><value>LP5</value></Data>
        <Data name="classificacao"><value>LP5 - LP5</value></Data>
      </ExtendedData>
      <LineString><tessellate>1</tessellate><coordinates>-52.39584505,-23.80132616,0 -52.39583963,-23.80104938,0</coordinates></LineString>
    </Placemark>
    <Placemark>
      <name>terra boa</name>
      <Style><LineStyle><color>ff000000</color><width>3</width></LineStyle></Style>
      <ExtendedData>
        <Data name="camada"><value>LP5</value></Data>
        <Data name="classificacao"><value>LP5 - LP5</value></Data>
      </ExtendedData>
      <LineString><tessellate>1</tessellate><coordinates>-52.39577870,-23.80132239,0 -52.39577467,-23.80114834,0</coordinates></LineString>
    </Placemark>
    <Placemark>
      <name>terra boa</name>
      <Style><LineStyle><color>ff000000</color><width>3</width></LineStyle></Style>
      <ExtendedData>
        <Data name="camada"><value>LP5</value></Data>
        <Data name="classificacao"><value>LP5 - LP5</value></Data>
      </ExtendedData>
      <LineString><tessellate>1</tessellate><coordinates>-52.39571250,-23.80131217,0 -52.39571086,-23.80125177,0</coordinates></LineString>
    </Placemark>
    <Placemark>
      <name>terra boa</name>
      <Style><LineStyle><color>ff000000</color><width>3</width></LineStyle></Style>
      <ExtendedData>
        <Data name="camada"><value>LP5</value></Data>
        <Data name="classificacao"><value>LP5 - LP5</value></Data>
      </ExtendedData>
      <LineString><tessellate>1</tessellate><coordinates>-52.40280802,-23.80118121,0 -52.40279718,-23.80109625,0 -52.40280099,-23.80100205,0 -52.40281810,-23.80090772,0 -52.40284237,-23.80082582,0 -52.40288151,-23.80072859,0 -52.40291921,-23.80066002,0 -52.40296656,-23.80059039,0 -52.40303121,-23.80051199,0 -52.40308452,-23.80045824,0 -52.40311957,-23.80042904,0 -52.40317471,-23.80038959,0 -52.40325479,-23.80034046,0 -52.40334230,-23.80029596,0 -52.40343269,-23.80025585,0 -52.40352281,-23.80022577,0 -52.40363482,-23.80019787,0 -52.40371363,-23.80018418,0 -52.40379773,-23.80017369,0 -52.40390878,-23.80016570,0 -52.40398357,-23.80016283,0 -52.40410500,-23.80016324,0 -52.40430108,-23.80017094,0 -52.40449660,-23.80018673,0 -52.40469142,-23.80020862,0 -52.40488536,-23.80023642,0 -52.40507849,-23.80026860,0 -52.40546226,-23.80034455,0 -52.40565293,-23.80038741,0 -52.40584257,-23.80043398,0 -52.40621907,-23.80053620,0 -52.40640556,-23.80059252,0 -52.40677508,-23.80071441,0 -52.40695780,-23.80078035,0 -52.40735071,-23.80093397,0</coordinates></LineString>
    </Placemark>
    <Placemark>
      <name>terra boa</name>
      <Style><LineStyle><color>ff000000</color><width>3</width></LineStyle></Style>
      <ExtendedData>
        <Data name="camada"><value>LP5</value></Data>
        <Data name="classificacao"><value>LP5 - LP5</value></Data>
      </ExtendedData>
      <LineString><tessellate>1</tessellate><coordinates>-52.40287596,-23.80118155,0 -52.40287025,-23.80115461,0 -52.40286278,-23.80106793,0 -52.40287174,-23.80097481,0 -52.40289157,-23.80088799,0 -52.40292164,-23.80080044,0 -52.40295830,-23.80072199,0 -52.40301049,-23.80063990,0 -52.40307586,-23.80055780,0 -52.40313352,-23.80049965,0 -52.40319951,-23.80044819,0 -52.40329055,-23.80039186,0 -52.40340038,-23.80033696,0 -52.40346515,-23.80030966,0 -52.40357981,-23.80027322,0 -52.40365257,-23.80025682,0 -52.40372401,-23.80024439,0 -52.40384669,-23.80023097,0 -52.40398498,-23.80022378,0 -52.40423890,-23.80022883,0 -52.40443463,-23.80024207,0 -52.40462964,-23.80026258,0 -52.40482384,-23.80028873,0 -52.40501714,-23.80032007,0 -52.40520969,-23.80035511,0 -52.40559218,-23.80043631,0 -52.40578213,-23.80048179,0 -52.40615897,-23.80058294,0 -52.40634584,-23.80063820,0 -52.40653138,-23.80069711,0 -52.40689886,-23.80082411,0 -52.40708045,-23.80089266,0 -52.40742416,-23.80103030,0</coordinates></LineString>
    </Placemark>
    <Placemark>
      <name>terra boa</name>
      <Style><LineStyle><color>ff000000</color><width>3</width></LineStyle></Style>
      <ExtendedData>
        <Data name="camada"><value>LP5</value></Data>
        <Data name="classificacao"><value>LP5 - LP5</value></Data>
      </ExtendedData>
      <LineString><tessellate>1</tessellate><coordinates>-52.40294412,-23.80118306,0 -52.40293318,-23.80112727,0 -52.40292957,-23.80109045,0 -52.40292990,-23.80104568,0 -52.40293572,-23.80099250,0 -52.40294441,-23.80094784,0 -52.40296558,-23.80087144,0 -52.40300371,-23.80077602,0 -52.40305396,-23.80069005,0 -52.40310541,-23.80062201,0 -52.40315236,-23.80056896,0 -52.40317662,-23.80054597,0 -52.40324320,-23.80049439,0 -52.40332345,-23.80044476,0 -52.40341069,-23.80040066,0 -52.40348457,-23.80036810,0 -52.40359248,-23.80033344,0 -52.40366309,-23.80031702,0 -52.40378481,-23.80029832,0 -52.40389628,-23.80028820,0 -52.40398045,-23.80028496,0 -52.40417670,-23.80028706,0 -52.40437258,-23.80029834,0 -52.40456781,-23.80031681,0 -52.40476224,-23.80034149,0 -52.40495578,-23.80037153,0 -52.40514847,-23.80040591,0 -52.40534042,-23.80044364,0 -52.40572156,-23.80053005,0 -52.40591076,-23.80057813,0 -52.40628596,-23.80068431,0 -52.40647185,-23.80074228,0 -52.40665640,-23.80080377,0 -52.40702171,-23.80093597,0 -52.40757296,-23.80115713,0</coordinates></LineString>
    </Placemark>
    <Placemark>
      <name>terra boa</name>
      <Style><LineStyle><color>ff000000</color><width>3</width></LineStyle></Style>
      <ExtendedData>
        <Data name="camada"><value>LP5</value></Data>
        <Data name="classificacao"><value>LP5 - LP5</value></Data>
      </ExtendedData>
      <LineString><tessellate>1</tessellate><coordinates>-52.40301213,-23.80118651,0 -52.40299675,-23.80109986,0 -52.40299532,-23.80106873,0 -52.40299806,-23.80102574,0 -52.40300594,-23.80097518,0 -52.40301912,-23.80092126,0 -52.40305137,-23.80082882,0 -52.40309026,-23.80075347,0 -52.40313043,-23.80069391,0 -52.40320450,-23.80060705,0 -52.40324854,-23.80056827,0 -52.40327951,-23.80054543,0 -52.40335882,-23.80049636,0 -52.40345880,-23.80044641,0 -52.40353424,-23.80041581,0 -52.40361557,-23.80039066,0 -52.40372334,-23.80036858,0 -52.40381966,-23.80035549,0 -52.40398779,-23.80034568,0 -52.40411444,-23.80034642,0 -52.40431049,-23.80035490,0 -52.40450593,-23.80037148,0 -52.40470057,-23.80039471,0 -52.40489438,-23.80042324,0 -52.40508725,-23.80045671,0 -52.40547065,-23.80053421,0 -52.40585038,-23.80062576,0 -52.40603877,-23.80067643,0 -52.40641220,-23.80078777,0 -52.40678058,-23.80091253,0 -52.40714361,-23.80104992,0 -52.40785862,-23.80133936,0</coordinates></LineString>
    </Placemark>
    <Placemark>
      <name>terra boa</name>
      <Style><LineStyle><color>ff000000</color><width>3</width></LineStyle></Style>
      <ExtendedData>
        <Data name="camada"><value>LP5</value></Data>
        <Data name="classificacao"><value>LP5 - LP5</value></Data>
      </ExtendedData>
      <MultiGeometry>
        <LineString><tessellate>1</tessellate><coordinates>-52.40308249,-23.80119010,0 -52.40308249,-23.80119010,0</coordinates></LineString>
        <LineString><tessellate>1</tessellate><coordinates>-52.40308249,-23.80119010,0 -52.40307107,-23.80115030,0 -52.40306167,-23.80107236,0 -52.40306399,-23.80103182,0 -52.40307110,-23.80098624,0 -52.40309644,-23.80089531,0 -52.40311312,-23.80085095,0 -52.40313573,-23.80080447,0 -52.40318154,-23.80073336,0 -52.40325060,-23.80065087,0 -52.40331201,-23.80059958,0 -52.40339211,-23.80054907,0 -52.40347909,-23.80050537,0 -52.40353644,-23.80048035,0 -52.40358192,-23.80046423,0 -52.40366264,-23.80044273,0 -52.40375583,-23.80042496,0 -52.40385615,-23.80041376,0 -52.40398919,-23.80040664,0 -52.40424833,-23.80041245,0 -52.40444396,-23.80042682,0 -52.40463889,-23.80044798,0 -52.40483286,-23.80047554,0 -52.40502602,-23.80050762,0 -52.40540977,-23.80058364,0 -52.40560036,-23.80062679,0 -52.40597859,-23.80072344,0 -52.40616613,-23.80077672,0 -52.40635248,-23.80083345,0 -52.40653766,-23.80089332,0 -52.40672144,-23.80095673,0 -52.40708498,-23.80109299,0 -52.40783194,-23.80139516,0</coordinates></LineString>
      </MultiGeometry>
    </Placemark>
    <Placemark>
      <name>terra boa</name>
      <Style><LineStyle><color>ff000000</color><width>3</width></LineStyle></Style>
      <ExtendedData>
        <Data name="camada"><value>LP5</value></Data>
        <Data name="classificacao"><value>LP5 - LP5</value></Data>
      </ExtendedData>
      <LineString><tessellate>1</tessellate><coordinates>-52.40315076,-23.80119289,0 -52.40313196,-23.80111633,0 -52.40312815,-23.80108174,0 -52.40312933,-23.80104487,0 -52.40313626,-23.80099729,0 -52.40314776,-23.80095047,0 -52.40317622,-23.80087010,0 -52.40319488,-23.80083197,0 -52.40322253,-23.80078700,0 -52.40327761,-23.80071623,0 -52.40329972,-23.80069182,0 -52.40333453,-23.80066109,0 -52.40339005,-23.80062260,0 -52.40342710,-23.80060087,0 -52.40351722,-23.80055585,0 -52.40360333,-23.80052196,0 -52.40370549,-23.80049575,0 -52.40379434,-23.80048167,0 -52.40390902,-23.80047073,0 -52.40398990,-23.80046762,0 -52.40418614,-23.80047034,0 -52.40438197,-23.80048249,0 -52.40457706,-23.80050221,0 -52.40477134,-23.80052785,0 -52.40496466,-23.80055908,0 -52.40515722,-23.80059410,0 -52.40553965,-23.80067553,0 -52.40591832,-23.80077071,0 -52.40610616,-23.80082309,0 -52.40629275,-23.80087913,0 -52.40666228,-23.80100098,0 -52.40702624,-23.80113630,0 -52.40773915,-23.80142419,0</coordinates></LineString>
    </Placemark>
    <Placemark>
      <name>terra boa</name>
      <Style><LineStyle><color>ff000000</color><width>3</width></LineStyle></Style>
      <ExtendedData>
        <Data name="camada"><value>LP5</value></Data>
        <Data name="classificacao"><value>LP5 - LP5</value></Data>
      </ExtendedData>
      <MultiGeometry>
        <LineString><tessellate>1</tessellate><coordinates>-52.40321932,-23.80119291,0 -52.40320663,-23.80115040,0 -52.40319535,-23.80109132,0 -52.40319453,-23.80105946,0 -52.40319977,-23.80101760,0 -52.40321180,-23.80096609,0 -52.40322809,-23.80091694,0 -52.40326131,-23.80084692,0 -52.40331233,-23.80077435,0 -52.40334884,-23.80073278,0 -52.40338098,-23.80070495,0 -52.40346076,-23.80065337,0 -52.40354751,-23.80061011,0 -52.40362558,-23.80057939,0 -52.40373305,-23.80055299,0 -52.40384159,-23.80053729,0 -52.40399201,-23.80052854,0 -52.40412389,-23.80052960,0 -52.40431988,-23.80053904,0 -52.40451523,-23.80055645,0 -52.40470971,-23.80058081,0 -52.40490331,-23.80061054,0 -52.40528793,-23.80068273,0 -52.40566899,-23.80076943,0 -52.40604606,-23.80086984,0 -52.40623302,-23.80092483,0 -52.40641859,-23.80098367,0 -52.40678349,-23.80110998,0</coordinates></LineString>
        <LineString><tessellate>1</tessellate><coordinates>-52.40678349,-23.80110998,0 -52.40678349,-23.80110998,0</coordinates></LineString>
      </MultiGeometry>
    </Placemark>
    <Placemark>
      <name>terra boa</name>
      <Style><LineStyle><color>ff000000</color><width>3</width></LineStyle></Style>
      <ExtendedData>
        <Data name="camada"><value>LP5</value></Data>
        <Data name="classificacao"><value>LP5 - LP5</value></Data>
      </ExtendedData>
      <LineString><tessellate>1</tessellate><coordinates>-52.40327585,-23.80115133,0 -52.40326624,-23.80111559,0 -52.40326054,-23.80107593,0 -52.40326370,-23.80103558,0 -52.40327342,-23.80099081,0 -52.40330501,-23.80090271,0 -52.40332305,-23.80086996,0 -52.40335282,-23.80082697,0 -52.40340686,-23.80076529,0 -52.40343949,-23.80073991,0 -52.40349538,-23.80070537,0 -52.40361425,-23.80064873,0 -52.40367299,-23.80062961,0 -52.40373376,-23.80061490,0 -52.40378766,-23.80060553,0 -52.40386561,-23.80059656,0 -52.40399341,-23.80058950,0 -52.40425776,-23.80059607,0 -52.40445329,-23.80061157,0 -52.40464804,-23.80063404,0 -52.40484188,-23.80066236,0 -52.40503479,-23.80069570,0 -52.40522688,-23.80073278,0 -52.40541813,-23.80077342,0 -52.40579774,-23.80086536,0 -52.40617311,-23.80097103,0 -52.40636324,-23.80103023,0</coordinates></LineString>
    </Placemark>
    <Placemark>
      <name>terra boa</name>
      <Style><LineStyle><color>ff000000</color><width>3</width></LineStyle></Style>
      <ExtendedData>
        <Data name="camada"><value>LP5</value></Data>
        <Data name="classificacao"><value>LP5 - LP5</value></Data>
      </ExtendedData>
      <LineString><tessellate>1</tessellate><coordinates>-52.40351865,-23.80076433,0 -52.40361610,-23.80071519,0 -52.40366923,-23.80069456,0 -52.40370498,-23.80068427,0 -52.40380386,-23.80066502,0 -52.40392176,-23.80065326,0 -52.40399936,-23.80065045,0 -52.40419557,-23.80065396,0 -52.40439133,-23.80066691,0 -52.40458631,-23.80068762,0 -52.40478037,-23.80071466,0 -52.40497354,-23.80074663,0 -52.40516581,-23.80078295,0 -52.40535727,-23.80082273,0 -52.40554779,-23.80086618,0 -52.40573730,-23.80091317,0 -52.40604814,-23.80099852,0</coordinates></LineString>
    </Placemark>
    <Placemark>
      <name>terra boa</name>
      <Style><LineStyle><color>ff000000</color><width>3</width></LineStyle></Style>
      <ExtendedData>
        <Data name="camada"><value>LP5</value></Data>
        <Data name="classificacao"><value>LP5 - LP5</value></Data>
      </ExtendedData>
      <LineString><tessellate>1</tessellate><coordinates>-52.40359249,-23.80079612,0 -52.40366613,-23.80076099,0 -52.40374300,-23.80073839,0 -52.40380887,-23.80072590,0 -52.40393713,-23.80071368,0 -52.40399623,-23.80071140,0 -52.40413335,-23.80071278,0 -52.40432927,-23.80072319,0 -52.40452448,-23.80074185,0 -52.40471885,-23.80076697,0 -52.40491219,-23.80079810,0 -52.40510474,-23.80083311,0 -52.40529635,-23.80087227,0 -52.40548713,-23.80091474,0 -52.40573872,-23.80097723,0</coordinates></LineString>
    </Placemark>
    <Placemark>
      <name>terra boa</name>
      <Style><LineStyle><color>ff000000</color><width>3</width></LineStyle></Style>
      <ExtendedData>
        <Data name="camada"><value>LP5</value></Data>
        <Data name="classificacao"><value>LP5 - LP5</value></Data>
      </ExtendedData>
      <LineString><tessellate>1</tessellate><coordinates>-52.40366317,-23.80083013,0 -52.40371289,-23.80080973,0 -52.40377617,-23.80079363,0 -52.40387510,-23.80077935,0 -52.40399763,-23.80077236,0 -52.40407112,-23.80077232,0 -52.40426721,-23.80077975,0 -52.40446266,-23.80079632,0 -52.40465721,-23.80082013,0 -52.40485086,-23.80084956,0 -52.40504356,-23.80088389,0 -52.40523546,-23.80092183,0 -52.40550769,-23.80098300,0</coordinates></LineString>
    </Placemark>
    <Placemark>
      <name>terra boa</name>
      <Style><LineStyle><color>ff000000</color><width>3</width></LineStyle></Style>
      <ExtendedData>
        <Data name="camada"><value>LP5</value></Data>
        <Data name="classificacao"><value>LP5 - LP5</value></Data>
      </ExtendedData>
      <LineString><tessellate>1</tessellate><coordinates>-52.40374442,-23.80086491,0 -52.40381369,-23.80084913,0 -52.40387815,-23.80084029,0 -52.40400898,-23.80083331,0 -52.40420517,-23.80083759,0 -52.40440082,-23.80085167,0 -52.40459567,-23.80087338,0 -52.40478955,-23.80090150,0 -52.40498248,-23.80093472,0 -52.40532533,-23.80100404,0</coordinates></LineString>
    </Placemark>
    <Placemark>
      <name>terra boa</name>
      <Style><LineStyle><color>ff000000</color><width>3</width></LineStyle></Style>
      <ExtendedData>
        <Data name="camada"><value>LP5</value></Data>
        <Data name="classificacao"><value>LP5 - LP5</value></Data>
      </ExtendedData>
      <LineString><tessellate>1</tessellate><coordinates>-52.40390766,-23.80090008,0 -52.40400044,-23.80089426,0 -52.40414338,-23.80089598,0 -52.40433925,-23.80090738,0 -52.40453431,-23.80092732,0 -52.40472845,-23.80095387,0 -52.40492164,-23.80098575,0 -52.40518093,-23.80103603,0</coordinates></LineString>
    </Placemark>
    <Placemark>
      <name>terra boa</name>
      <Style><LineStyle><color>ff000000</color><width>3</width></LineStyle></Style>
      <ExtendedData>
        <Data name="camada"><value>LP5</value></Data>
        <Data name="classificacao"><value>LP5 - LP5</value></Data>
      </ExtendedData>
      <LineString><tessellate>1</tessellate><coordinates>-52.40403182,-23.80095527,0 -52.40427811,-23.80096401,0 -52.40447343,-23.80098166,0 -52.40466785,-23.80100643,0 -52.40486122,-23.80103737,0 -52.40505523,-23.80107272,0</coordinates></LineString>
    </Placemark>
    <Placemark>
      <name>terra boa</name>
      <Style><LineStyle><color>ff000000</color><width>3</width></LineStyle></Style>
      <ExtendedData>
        <Data name="camada"><value>LP5</value></Data>
        <Data name="classificacao"><value>LP5 - LP5</value></Data>
      </ExtendedData>
      <LineString><tessellate>1</tessellate><coordinates>-52.40410206,-23.80101815,0 -52.40432564,-23.80102955,0 -52.40452072,-23.80104923,0 -52.40471484,-23.80107582,0 -52.40492965,-23.80111212,0</coordinates></LineString>
    </Placemark>
    <Placemark>
      <name>terra boa</name>
      <Style><LineStyle><color>ff000000</color><width>3</width></LineStyle></Style>
      <ExtendedData>
        <Data name="camada"><value>LP5</value></Data>
        <Data name="classificacao"><value>LP5 - LP5</value></Data>
      </ExtendedData>
      <LineString><tessellate>1</tessellate><coordinates>-52.40413636,-23.80107981,0 -52.40426845,-23.80108563,0 -52.40452053,-23.80111074,0 -52.40471460,-23.80113765,0 -52.40481559,-23.80115462,0</coordinates></LineString>
    </Placemark>
    <Placemark>
      <name>terra boa</name>
      <Style><LineStyle><color>ff000000</color><width>3</width></LineStyle></Style>
      <ExtendedData>
        <Data name="camada"><value>LP5</value></Data>
        <Data name="classificacao"><value>LP5 - LP5</value></Data>
      </ExtendedData>
      <LineString><tessellate>1</tessellate><coordinates>-52.40414297,-23.80114112,0 -52.40426363,-23.80114644,0 -52.40432533,-23.80115202,0 -52.40452035,-23.80117225,0 -52.40472025,-23.80120048,0</coordinates></LineString>
    </Placemark>
    <Placemark>
      <name>terra boa</name>
      <Style><LineStyle><color>ff000000</color><width>3</width></LineStyle></Style>
      <ExtendedData>
        <Data name="camada"><value>LP5</value></Data>
        <Data name="classificacao"><value>LP5 - LP5</value></Data>
      </ExtendedData>
      <LineString><tessellate>1</tessellate><coordinates>-52.40413638,-23.80120186,0 -52.40425880,-23.80120725,0 -52.40432518,-23.80121325,0 -52.40452016,-23.80123376,0 -52.40464698,-23.80125177,0</coordinates></LineString>
    </Placemark>
    <Placemark>
      <name>terra boa</name>
      <Style><LineStyle><color>ff000000</color><width>3</width></LineStyle></Style>
      <ExtendedData>
        <Data name="camada"><value>LP5</value></Data>
        <Data name="classificacao"><value>LP5 - LP5</value></Data>
      </ExtendedData>
      <LineString><tessellate>1</tessellate><coordinates>-52.40412087,-23.80126245,0 -52.40425397,-23.80126807,0 -52.40432503,-23.80127449,0 -52.40451997,-23.80129527,0 -52.40458803,-23.80130505,0</coordinates></LineString>
    </Placemark>
    <Placemark>
      <name>terra boa</name>
      <Style><LineStyle><color>ff000000</color><width>3</width></LineStyle></Style>
      <ExtendedData>
        <Data name="camada"><value>LP5</value></Data>
        <Data name="classificacao"><value>LP5 - LP5</value></Data>
      </ExtendedData>
      <LineString><tessellate>1</tessellate><coordinates>-52.40410516,-23.80132325,0 -52.40424915,-23.80132888,0 -52.40453596,-23.80135913,0</coordinates></LineString>
    </Placemark>
    <Placemark>
      <name>terra boa</name>
      <Style><LineStyle><color>ff000000</color><width>3</width></LineStyle></Style>
      <ExtendedData>
        <Data name="camada"><value>LP5</value></Data>
        <Data name="classificacao"><value>LP5 - LP5</value></Data>
      </ExtendedData>
      <LineString><tessellate>1</tessellate><coordinates>-52.40408728,-23.80138400,0 -52.40424432,-23.80138969,0 -52.40448960,-23.80141501,0</coordinates></LineString>
    </Placemark>
    <Placemark>
      <name>terra boa</name>
      <Style><LineStyle><color>ff000000</color><width>3</width></LineStyle></Style>
      <ExtendedData>
        <Data name="camada"><value>LP5</value></Data>
        <Data name="classificacao"><value>LP5 - LP5</value></Data>
      </ExtendedData>
      <LineString><tessellate>1</tessellate><coordinates>-52.40407259,-23.80144479,0 -52.40423949,-23.80145050,0 -52.40445206,-23.80147233,0</coordinates></LineString>
    </Placemark>
    <Placemark>
      <name>terra boa</name>
      <Style><LineStyle><color>ff000000</color><width>3</width></LineStyle></Style>
      <ExtendedData>
        <Data name="camada"><value>LP5</value></Data>
        <Data name="classificacao"><value>LP5 - LP5</value></Data>
      </ExtendedData>
      <LineString><tessellate>1</tessellate><coordinates>-52.40408123,-23.80150592,0 -52.40423467,-23.80151131,0 -52.40442544,-23.80153078,0</coordinates></LineString>
    </Placemark>
    <Placemark>
      <name>terra boa</name>
      <Style><LineStyle><color>ff000000</color><width>3</width></LineStyle></Style>
      <ExtendedData>
        <Data name="camada"><value>LP5</value></Data>
        <Data name="classificacao"><value>LP5 - LP5</value></Data>
      </ExtendedData>
      <LineString><tessellate>1</tessellate><coordinates>-52.40414098,-23.80156820,0 -52.40422984,-23.80157212,0 -52.40436516,-23.80158531,0</coordinates></LineString>
    </Placemark>
    <Placemark>
      <name>terra boa</name>
      <Style><LineStyle><color>ff000000</color><width>3</width></LineStyle></Style>
      <ExtendedData>
        <Data name="camada"><value>Borda</value></Data>
        <Data name="classificacao"><value>Borda - Borda</value></Data>
      </ExtendedData>
      <LineString><tessellate>1</tessellate><coordinates>-52.39673618,-23.81042938,0 -52.39678597,-23.81040605,0 -52.39682075,-23.81038620,0 -52.39717563,-23.81015588,0 -52.39779915,-23.80976178,0 -52.39800030,-23.80963864,0 -52.39941250,-23.80875384,0 -52.39958515,-23.80864391,0 -52.39965377,-23.80859610,0 -52.39974890,-23.80854187,0 -52.40008943,-23.80832494,0 -52.40156595,-23.80740018,0 -52.40171730,-23.80730379,0 -52.40181224,-23.80723566,0 -52.40188478,-23.80719881,0 -52.40192833,-23.80717322,0 -52.40251094,-23.80680380,0 -52.40283121,-23.80660654,0 -52.40293266,-23.80653328,0 -52.40302871,-23.80648082,0 -52.40348465,-23.80618949,0 -52.40445352,-23.80558497,0 -52.40462466,-23.80547313,0 -52.40466366,-23.80544195,0 -52.40469243,-23.80541274,0 -52.40472864,-23.80535600,0 -52.40477119,-23.80526632,0 -52.40480346,-23.80517865,0 -52.40482312,-23.80510958,0 -52.40484970,-23.80498496,0 -52.40488049,-23.80480725,0 -52.40490913,-23.80462122,0 -52.40493397,-23.80443207,0 -52.40494734,-23.80426320,0 -52.40494199,-23.80403838,0 -52.40492845,-23.80391200,0 -52.40490448,-23.80375743,0 -52.40486749,-23.80357807,0 -52.40481836,-23.80338482,0 -52.40477262,-23.80322624,0 -52.40463663,-23.80279688,0 -52.40459998,-23.80266621,0 -52.40455843,-23.80250666,0 -52.40452016,-23.80233828,0 -52.40442068,-23.80186006,0 -52.40440490,-23.80180379,0 -52.40438779,-23.80176491,0 -52.40436928,-23.80173879,0 -52.40434532,-23.80171687,0 -52.40431423,-23.80169871,0 -52.40427709,-23.80168519,0 -52.40422108,-23.80167378,0 -52.40414719,-23.80166374,0 -52.40406977,-23.80165939,0 -52.40402821,-23.80166273,0 -52.40400478,-23.80167165,0 -52.40399059,-23.80168609,0 -52.40396973,-23.80175642,0 -52.40391415,-23.80187179,0</coordinates></LineString>
    </Placemark>
    <Placemark>
      <name>terra boa</name>
      <Style><LineStyle><color>ff000000</color><width>3</width></LineStyle></Style>
      <ExtendedData>
        <Data name="camada"><value>Borda</value></Data>
        <Data name="classificacao"><value>Borda - Borda</value></Data>
      </ExtendedData>
      <LineString><tessellate>1</tessellate><coordinates>-52.40405234,-23.80178063,0 -52.40391021,-23.80179268,0 -52.40383927,-23.80178745,0 -52.40365829,-23.80175315,0 -52.40358066,-23.80173561,0 -52.40347540,-23.80170535,0 -52.40339183,-23.80167258,0 -52.40335898,-23.80165466,0 -52.40333219,-23.80163372,0 -52.40331216,-23.80161031,0 -52.40329516,-23.80157889,0 -52.40328214,-23.80154293,0 -52.40327353,-23.80150583,0 -52.40325569,-23.80134977,0 -52.40324809,-23.80132646,0 -52.40323569,-23.80130932,0 -52.40320977,-23.80129438,0 -52.40317067,-23.80128425,0 -52.40301046,-23.80125816,0 -52.40290904,-23.80124847,0 -52.40278499,-23.80124672,0 -52.40163533,-23.80128034,0 -52.40086865,-23.80129312,0 -52.40025678,-23.80131513,0 -52.39910391,-23.80133079,0 -52.39829299,-23.80133744,0 -52.39714015,-23.80135470,0 -52.39691416,-23.80136318,0 -52.39651981,-23.80137116,0 -52.39590778,-23.80138940,0 -52.39578928,-23.80138675,0 -52.39571252,-23.80137987,0 -52.39565122,-23.80136608,0 -52.39559091,-23.80134167,0 -52.39552758,-23.80130602,0 -52.39547667,-23.80126364,0 -52.39542962,-23.80120751,0 -52.39538202,-23.80113036,0 -52.39532803,-23.80101920,0 -52.39504747,-23.80035438,0 -52.39497645,-23.80017560,0 -52.39478692,-23.79967465,0 -52.39437053,-23.79850486,0 -52.39419004,-23.79796913,0 -52.39383669,-23.79700453,0</coordinates></LineString>
    </Placemark>
    <Placemark>
      <name>terra boa</name>
      <Style><LineStyle><color>ff000000</color><width>3</width></LineStyle></Style>
      <ExtendedData>
        <Data name="camada"><value>Borda</value></Data>
        <Data name="classificacao"><value>Borda - Borda</value></Data>
      </ExtendedData>
      <LineString><tessellate>1</tessellate><coordinates>-52.39380035,-23.79715671,0 -52.39401107,-23.79694709,0</coordinates></LineString>
    </Placemark>
    <Placemark>
      <name>terra boa</name>
      <Style><LineStyle><color>ff000000</color><width>3</width></LineStyle></Style>
      <ExtendedData>
        <Data name="camada"><value>Borda</value></Data>
        <Data name="classificacao"><value>Borda - Borda</value></Data>
      </ExtendedData>
      <LineString><tessellate>1</tessellate><coordinates>-52.39391198,-23.79692816,0 -52.39403949,-23.79726329,0 -52.39423054,-23.79778682,0 -52.39451662,-23.79862741,0 -52.39457626,-23.79879334,0 -52.39496154,-23.79984192,0 -52.39509028,-23.80017819,0 -52.39537883,-23.80086001,0 -52.39548070,-23.80108595,0 -52.39551712,-23.80114438,0 -52.39555858,-23.80119415,0 -52.39560173,-23.80122968,0 -52.39565351,-23.80125825,0 -52.39570252,-23.80127672,0 -52.39575407,-23.80128794,0 -52.39581192,-23.80129313,0 -52.39591061,-23.80129549,0 -52.39649524,-23.80127605,0 -52.39748004,-23.80125113,0 -52.39804215,-23.80124037,0 -52.39907541,-23.80123212,0 -52.40039979,-23.80121479,0 -52.40100718,-23.80119371,0 -52.40256916,-23.80115326,0 -52.40276669,-23.80115139,0 -52.40293636,-23.80115326,0 -52.40317922,-23.80116268,0 -52.40327616,-23.80115887,0</coordinates></LineString>
    </Placemark>
    <Placemark>
      <name>terra boa</name>
      <Style><LineStyle><color>ff000000</color><width>3</width></LineStyle></Style>
      <ExtendedData>
        <Data name="camada"><value>Borda</value></Data>
        <Data name="classificacao"><value>Borda - Borda</value></Data>
      </ExtendedData>
      <LineString><tessellate>1</tessellate><coordinates>-52.40324433,-23.80119137,0 -52.40324194,-23.80110562,0 -52.40324805,-23.80103906,0 -52.40327001,-23.80096381,0 -52.40330200,-23.80089160,0 -52.40335668,-23.80080478,0 -52.40339457,-23.80076190,0 -52.40341350,-23.80074868,0 -52.40343477,-23.80073895,0 -52.40345754,-23.80073296,0 -52.40349276,-23.80073105,0 -52.40352771,-23.80073691,0 -52.40356150,-23.80074836,0 -52.40370223,-23.80081360,0 -52.40376906,-23.80083989,0 -52.40381555,-23.80085236,0 -52.40392232,-23.80087295,0 -52.40397943,-23.80089086,0 -52.40401149,-23.80090624,0 -52.40405100,-23.80093176,0 -52.40409589,-23.80096908,0 -52.40412800,-23.80100229,0 -52.40415317,-23.80103979,0 -52.40416572,-23.80107072,0 -52.40417279,-23.80110319,0 -52.40417481,-23.80114749,0 -52.40417031,-23.80119182,0 -52.40416146,-23.80123564,0 -52.40411165,-23.80141961,0 -52.40410785,-23.80145244,0 -52.40410970,-23.80147413,0 -52.40412097,-23.80150444,0 -52.40414294,-23.80152882,0 -52.40417321,-23.80154455,0 -52.40420787,-23.80155283,0 -52.40426798,-23.80155889,0 -52.40430422,-23.80155941,0 -52.40433941,-23.80155461,0 -52.40437036,-23.80154150,0 -52.40439216,-23.80151785,0 -52.40442927,-23.80144807,0 -52.40446078,-23.80140048,0 -52.40455193,-23.80129620,0 -52.40460311,-23.80124874,0 -52.40466809,-23.80119854,0 -52.40470793,-23.80117324,0 -52.40476081,-23.80114611,0 -52.40483785,-23.80111334,0 -52.40489433,-23.80109309,0 -52.40504302,-23.80104470,0 -52.40520533,-23.80099865,0 -52.40532350,-23.80097382,0 -52.40541928,-23.80095944,0 -52.40547958,-23.80095379,0 -52.40564934,-23.80094923,0 -52.40583121,-23.80094905,0 -52.40621777,-23.80098195,0 -52.40639798,-23.80100520,0 -52.40656503,-23.80103348,0 -52.40669569,-23.80105839,0 -52.40687198,-23.80109995,0 -52.40713766,-23.80117836,0 -52.40735492,-23.80124920,0 -52.40768017,-23.80137263,0 -52.40772583,-23.80138738,0 -52.40776096,-23.80139396,0 -52.40779423,-23.80139226,0 -52.40780374,-23.80138835,0 -52.40781806,-23.80137556,0 -52.40782266,-23.80135886,0 -52.40782061,-23.80135001,0 -52.40780984,-23.80133276,0 -52.40778394,-23.80131114,0 -52.40756672,-23.80118885,0 -52.40747960,-23.80112857,0 -52.40742865,-23.80108101,0 -52.40734686,-23.80098417,0 -52.40730453,-23.80091659,0 -52.40726529,-23.80083497,0 -52.40722503,-23.80074160,0 -52.40717395,-23.80060435,0 -52.40715101,-23.80055276,0 -52.40712873,-23.80051319,0 -52.40707685,-23.80043814,0 -52.40701993,-23.80032728,0 -52.40699078,-23.80027840,0 -52.40695706,-23.80023219,0 -52.40692643,-23.80019773,0 -52.40675498,-23.80005627,0 -52.40673128,-23.80003154,0 -52.40671916,-23.80001300,0 -52.40671109,-23.79999307,0 -52.40670666,-23.79996133,0 -52.40672053,-23.79985118,0 -52.40672065,-23.79982949,0 -52.40671174,-23.79979908,0 -52.40669907,-23.79978177,0 -52.40668178,-23.79976736,0 -52.40665169,-23.79974900,0 -52.40637806,-23.79960463,0 -52.40626140,-23.79954500,0 -52.40614270,-23.79948908,0 -52.40589774,-23.79934435,0 -52.40581446,-23.79929855,0 -52.40570598,-23.79924869,0 -52.40505244,-23.79898003,0 -52.40491819,-23.79892827,0 -52.40402212,-23.79855702,0 -52.40255910,-23.79795769,0 -52.40232166,-23.79787314,0 -52.40218195,-23.79780616,0 -52.40204993,-23.79774976,0 -52.40099347,-23.79732576,0 -52.40077230,-23.79723391,0 -52.39964999,-23.79678139,0 -52.39921816,-23.79660349,0 -52.39883938,-23.79645319,0 -52.39864051,-23.79637017,0 -52.39805150,-23.79613281,0 -52.39797311,-23.79610282,0 -52.39770092,-23.79600787,0 -52.39764629,-23.79598383,0 -52.39755123,-23.79593454,0 -52.39739855,-23.79586611,0 -52.39723004,-23.79580298,0 -52.39711619,-23.79576506,0 -52.39699945,-23.79570603,0 -52.39685684,-23.79564414,0 -52.39649085,-23.79549485,0 -52.39618715,-23.79538199,0 -52.39593836,-23.79526594,0 -52.39554933,-23.79510935,0 -52.39540777,-23.79504547,0 -52.39512009,-23.79492641,0 -52.39490647,-23.79484699,0 -52.39485988,-23.79483655,0 -52.39481208,-23.79483706,0 -52.39477685,-23.79484423,0 -52.39468590,-23.79487468,0 -52.39460416,-23.79489561,0 -52.39454475,-23.79490568,0 -52.39449648,-23.79490858,0 -52.39438750,-23.79490386,0 -52.39423081,-23.79488758,0 -52.39410007,-23.79486362,0 -52.39398010,-23.79484742,0 -52.39390752,-23.79484365,0 -52.39381056,-23.79484645,0 -52.39370174,-23.79485433,0 -52.39358192,-23.79487114,0 -52.39348802,-23.79489320,0 -52.39340993,-23.79492347,0 -52.39335816,-23.79495204,0 -52.39331248,-23.79498847,0 -52.39323703,-23.79506101,0 -52.39316635,-23.79513729,0 -52.39309806,-23.79520062,0 -52.39291689,-23.79533164,0 -52.39274855,-23.79544128,0 -52.39265779,-23.79549700,0 -52.39259423,-23.79552955,0 -52.39242109,-23.79561026,0 -52.39230564,-23.79567178,0 -52.39221455,-23.79572712,0 -52.39212901,-23.79578942,0 -52.39200818,-23.79589916,0 -52.39187035,-23.79604021,0 -52.39183338,-23.79608443,0 -52.39177838,-23.79615798,0 -52.39169792,-23.79628249,0 -52.39165368,-23.79633339,0 -52.39164405,-23.79635235,0 -52.39163692,-23.79638451,0 -52.39150513,-23.79728041,0 -52.39148680,-23.79737899,0 -52.39135204,-23.79834225,0 -52.39129751,-23.79869594,0 -52.39127491,-23.79888454,0 -52.39125562,-23.79899448,0 -52.39112390,-23.79993557,0 -52.39110920,-23.80002375,0 -52.39101731,-23.80067695,0 -52.39096164,-23.80104177,0 -52.39093036,-23.80128564,0 -52.39091169,-23.80138436,0 -52.39086475,-23.80175022,0 -52.39073635,-23.80266923,0 -52.39062348,-23.80344374,0 -52.39059974,-23.80356442,0 -52.39057694,-23.80370802,0 -52.39042005,-23.80474742,0 -52.39038953,-23.80500183,0 -52.39039838,-23.80503135,0 -52.39041173,-23.80504871,0 -52.39043675,-23.80507234,0 -52.39072584,-23.80531072,0 -52.39080230,-23.80538211,0 -52.39109060,-23.80562132,0 -52.39115897,-23.80568436,0 -52.39131016,-23.80581343,0 -52.39148333,-23.80595339,0 -52.39157043,-23.80603096,0 -52.39183818,-23.80625775,0 -52.39192936,-23.80633139,0 -52.39204290,-23.80641438,0 -52.39207462,-23.80642666,0 -52.39209682,-23.80642780,0 -52.39211932,-23.80642291,0 -52.39217572,-23.80640283,0 -52.39227489,-23.80636102,0 -52.39235810,-23.80631523,0 -52.39242516,-23.80626751,0 -52.39250503,-23.80619907,0 -52.39263308,-23.80609660,0 -52.39266574,-23.80606375,0 -52.39270211,-23.80601921,0 -52.39273366,-23.80597162,0 -52.39276166,-23.80592221,0 -52.39288646,-23.80565574,0 -52.39292107,-23.80559694,0 -52.39295624,-23.80555173,0 -52.39298936,-23.80551929,0 -52.39318653,-23.80535395,0 -52.39324268,-23.80529543,0 -52.39330746,-23.80521484,0 -52.39334015,-23.80518212,0 -52.39338578,-23.80514548,0 -52.39344531,-23.80510709,0 -52.39357041,-23.80503862,0 -52.39373969,-23.80495127,0 -52.39391917,-23.80488359,0 -52.39407464,-23.80482063,0 -52.39427293,-23.80473642,0 -52.39434810,-23.80470023,0 -52.39440875,-23.80466333,0 -52.39445593,-23.80462850,0 -52.39449712,-23.80458783,0 -52.39458801,-23.80448336,0 -52.39462319,-23.80445277,0 -52.39468084,-23.80441196,0 -52.39482173,-23.80432480,0 -52.39521026,-23.80411798,0 -52.39526426,-23.80409266,0 -52.39530957,-23.80407718,0 -52.39552284,-23.80403437,0 -52.39558044,-23.80401756,0 -52.39564629,-23.80398931,0 -52.39582618,-23.80389653,0 -52.39587570,-23.80386464,0 -52.39592995,-23.80382027,0 -52.39606338,-23.80367567,0 -52.39616146,-23.80357680,0 -52.39623580,-23.80351957,0 -52.39630712,-23.80347754,0 -52.39635051,-23.80345808,0 -52.39640789,-23.80344148,0 -52.39671628,-23.80338054,0 -52.39682240,-23.80335700,0 -52.39690324,-23.80333322,0 -52.39697054,-23.80330797,0 -52.39702443,-23.80328251,0 -52.39707460,-23.80325145,0 -52.39712066,-23.80321522,0 -52.39723550,-23.80311585,0 -52.39729463,-23.80307728,0 -52.39733784,-23.80305716,0 -52.39749328,-23.80299438,0 -52.39794850,-23.80278370,0 -52.39801506,-23.80275727,0 -52.39807376,-23.80274451,0 -52.39816991,-23.80273316,0 -52.39850943,-23.80272358,0 -52.39893341,-23.80270170,0 -52.39905468,-23.80270098,0 -52.39916370,-23.80270579,0 -52.39952573,-23.80274027,0 -52.39979216,-23.80275431,0 -52.39994880,-23.80277094,0 -52.40001960,-23.80278541,0 -52.40006489,-23.80280100,0 -52.40010803,-23.80282121,0 -52.40014903,-23.80284487,0 -52.40020785,-23.80288421,0 -52.40044018,-23.80308024,0 -52.40061422,-23.80320141,0 -52.40073297,-23.80329682,0 -52.40080235,-23.80335918,0 -52.40087200,-23.80343630,0 -52.40091434,-23.80350377,0 -52.40094743,-23.80357556,0 -52.40096025,-23.80361845,0 -52.40096683,-23.80366249,0 -52.40096714,-23.80370699,0 -52.40096181,-23.80377375,0 -52.40095563,-23.80381798,0 -52.40094480,-23.80386136,0 -52.40092826,-23.80390316,0 -52.40091190,-23.80393292,0 -52.40089194,-23.80396075,0 -52.40086027,-23.80399441,0 -52.40075227,-23.80408413,0 -52.40062712,-23.80417234,0 -52.40052628,-23.80423434,0 -52.40039967,-23.80430022,0 -52.40014337,-23.80440154,0 -52.39986056,-23.80453013,0 -52.39973165,-23.80459230,0 -52.39964838,-23.80463812,0 -52.39957841,-23.80468236,0 -52.39933123,-23.80486252,0 -52.39929170,-23.80488819,0 -52.39924945,-23.80490981,0 -52.39920479,-23.80492684,0 -52.39915832,-23.80493930,0 -52.39890854,-23.80498539,0 -52.39880269,-23.80500972,0 -52.39871205,-23.80504126,0 -52.39861376,-23.80508482,0 -52.39852241,-23.80513949,0 -52.39840897,-23.80522339,0 -52.39835015,-23.80526271,0 -52.39788958,-23.80553246,0 -52.39756082,-23.80574271,0 -52.39749920,-23.80577819,0 -52.39743469,-23.80580911,0 -52.39731342,-23.80586031,0 -52.39709833,-23.80593661,0 -52.39686993,-23.80601183,0 -52.39682596,-23.80603049,0 -52.39676241,-23.80606309,0 -52.39668176,-23.80611254,0 -52.39652277,-23.80623328,0 -52.39647346,-23.80626554,0 -52.39624016,-23.80638466,0 -52.39606281,-23.80648156,0 -52.39591806,-23.80656334,0 -52.39574592,-23.80666787,0 -52.39554081,-23.80678716,0 -52.39546505,-23.80682176,0 -52.39531592,-23.80686803,0 -52.39525271,-23.80690066,0 -52.39518719,-23.80695003,0 -52.39504074,-23.80709888,0 -52.39487959,-23.80723435,0 -52.39476884,-23.80733756,0 -52.39471300,-23.80738025,0 -52.39464316,-23.80742442,0 -52.39457745,-23.80745255,0 -52.39451906,-23.80746615,0 -52.39447089,-23.80746923,0 -52.39431335,-23.80746932,0 -52.39425357,-23.80747750,0 -52.39420723,-23.80749018,0 -52.39415217,-23.80751323,0 -52.39408879,-23.80754599,0 -52.39402800,-23.80758280,0 -52.39391026,-23.80766109,0 -52.39386706,-23.80768103,0 -52.39375468,-23.80772246,0 -52.39373481,-23.80773333,0 -52.39372038,-23.80774831,0 -52.39371338,-23.80776726,0 -52.39371428,-23.80778762,0 -52.39372736,-23.80781754,0 -52.39374662,-23.80784570,0 -52.39379321,-23.80789693,0 -52.39394143,-23.80802889,0 -52.39410924,-23.80817415,0 -52.39547396,-23.80933206,0 -52.39554603,-23.80939188,0 -52.39562975,-23.80945614,0 -52.39571493,-23.80953536,0 -52.39629613,-23.81002587,0 -52.39662994,-23.81030207,0 -52.39679854,-23.81043605,0</coordinates></LineString>
    </Placemark>
    <Placemark>
      <name>terra boa</name>
      <Style><LineStyle><color>ff000000</color><width>3</width></LineStyle></Style>
      <ExtendedData>
        <Data name="camada"><value>Borda</value></Data>
        <Data name="classificacao"><value>Borda - Borda</value></Data>
      </ExtendedData>
      <LineString><tessellate>1</tessellate><coordinates>-52.40765333,-23.80130897,0 -52.40751798,-23.80123236,0 -52.40744691,-23.80118288,0 -52.40738125,-23.80112450,0 -52.40730972,-23.80104241,0 -52.40726863,-23.80098427,0 -52.40723356,-23.80092047,0 -52.40716704,-23.80077259,0 -52.40710818,-23.80061754,0 -52.40708890,-23.80057482,0 -52.40706402,-23.80053228,0 -52.40701635,-23.80046584,0 -52.40696469,-23.80036270,0 -52.40692600,-23.80029823,0 -52.40690150,-23.80026535,0 -52.40686975,-23.80023236,0 -52.40669838,-23.80008998,0 -52.40667813,-23.80007042,0 -52.40666403,-23.80005181,0 -52.40664334,-23.80000609,0 -52.40663744,-23.79996787,0 -52.40665589,-23.79983880,0 -52.40666481,-23.79973465,0</coordinates></LineString>
    </Placemark>
    <Placemark>
      <name>terra boa</name>
      <Style><LineStyle><color>ff000000</color><width>3</width></LineStyle></Style>
      <ExtendedData>
        <Data name="camada"><value>Borda</value></Data>
        <Data name="classificacao"><value>Borda - Borda</value></Data>
      </ExtendedData>
      <LineString><tessellate>1</tessellate><coordinates>-52.40672132,-23.79989328,0 -52.40666331,-23.79983343,0 -52.40662185,-23.79980433,0 -52.40625560,-23.79961138,0 -52.40610872,-23.79954156,0 -52.40582124,-23.79937282,0 -52.40570845,-23.79931679,0 -52.40502418,-23.79903513,0 -52.40488091,-23.79897998,0 -52.40393574,-23.79858830,0 -52.40285519,-23.79814783,0 -52.40251991,-23.79800813,0 -52.40244503,-23.79797968,0 -52.40228660,-23.79792623,0 -52.40213718,-23.79785414,0 -52.40198936,-23.79779300,0 -52.39963013,-23.79684039,0 -52.39911855,-23.79662963,0 -52.39890064,-23.79654541,0 -52.39854960,-23.79640008,0 -52.39802684,-23.79618951,0 -52.39766803,-23.79606150,0 -52.39752874,-23.79599190,0 -52.39737701,-23.79592381,0 -52.39722726,-23.79586684,0 -52.39709392,-23.79582289,0 -52.39697286,-23.79576150,0 -52.39690581,-23.79573216,0 -52.39647425,-23.79555462,0 -52.39616438,-23.79543936,0 -52.39591449,-23.79532282,0 -52.39551846,-23.79516360,0 -52.39537014,-23.79509623,0 -52.39516087,-23.79500931,0 -52.39496825,-23.79493387,0 -52.39487347,-23.79490202,0 -52.39484083,-23.79489778,0 -52.39480809,-23.79490043,0 -52.39469670,-23.79493517,0 -52.39460568,-23.79495849,0 -52.39455263,-23.79496718,0 -52.39449547,-23.79497012,0 -52.39439775,-23.79496593,0 -52.39422328,-23.79494798,0 -52.39406103,-23.79491869,0 -52.39397739,-23.79490852,0 -52.39390334,-23.79490449,0 -52.39380555,-23.79490781,0 -52.39370456,-23.79491466,0 -52.39360785,-23.79492829,0 -52.39351632,-23.79494955,0 -52.39343542,-23.79498024,0 -52.39339532,-23.79500278,0 -52.39335741,-23.79503331,0 -52.39329219,-23.79509621,0 -52.39321514,-23.79517833,0 -52.39315156,-23.79523835,0 -52.39308219,-23.79529272,0 -52.39299374,-23.79535506,0 -52.39284322,-23.79545514,0 -52.39269503,-23.79554741,0 -52.39244377,-23.79566825,0 -52.39237636,-23.79570368,0 -52.39225985,-23.79577239,0 -52.39217742,-23.79583162,0 -52.39205947,-23.79593828,0 -52.39192335,-23.79607627,0 -52.39182729,-23.79620014,0 -52.39176443,-23.79629926,0 -52.39173308,-23.79633923,0 -52.39170154,-23.79636705,0 -52.39162641,-23.79641867,0</coordinates></LineString>
    </Placemark>
    <Placemark>
      <name>terra boa</name>
      <Style><LineStyle><color>ff000000</color><width>3</width></LineStyle></Style>
      <ExtendedData>
        <Data name="camada"><value>Borda</value></Data>
        <Data name="classificacao"><value>Borda - Borda</value></Data>
      </ExtendedData>
      <LineString><tessellate>1</tessellate><coordinates>-52.39171398,-23.79627499,0 -52.39169241,-23.79647259,0 -52.39158792,-23.79716431,0 -52.39157042,-23.79729668,0 -52.39155403,-23.79737942,0 -52.39140934,-23.79840726,0 -52.39135690,-23.79875308,0 -52.39133988,-23.79890123,0 -52.39132356,-23.79898640,0 -52.39120369,-23.79983105,0 -52.39119099,-23.79993713,0 -52.39117561,-23.80002707,0 -52.39107812,-23.80071515,0 -52.39102122,-23.80109185,0 -52.39099606,-23.80129287,0 -52.39097718,-23.80139791,0 -52.39094295,-23.80166965,0 -52.39074803,-23.80305032,0 -52.39068615,-23.80346903,0 -52.39065471,-23.80363535,0 -52.39050180,-23.80464871,0 -52.39046065,-23.80495773,0 -52.39043181,-23.80509147,0</coordinates></LineString>
    </Placemark>
    <Placemark>
      <name>terra boa</name>
      <Style><LineStyle><color>ff000000</color><width>3</width></LineStyle></Style>
      <ExtendedData>
        <Data name="camada"><value>Borda</value></Data>
        <Data name="classificacao"><value>Borda - Borda</value></Data>
      </ExtendedData>
      <LineString><tessellate>1</tessellate><coordinates>-52.39037960,-23.80494254,0 -52.39076701,-23.80526250,0 -52.39082794,-23.80532033,0 -52.39093456,-23.80541158,0 -52.39113798,-23.80557871,0 -52.39122155,-23.80565484,0 -52.39137762,-23.80578774,0 -52.39153117,-23.80591046,0 -52.39160861,-23.80598046,0 -52.39188933,-23.80621791,0 -52.39204015,-23.80633702,0 -52.39216597,-23.80642153,0</coordinates></LineString>
    </Placemark>
    <Placemark>
      <name>terra boa</name>
      <Style><LineStyle><color>ff000000</color><width>3</width></LineStyle></Style>
      <ExtendedData>
        <Data name="camada"><value>Borda</value></Data>
        <Data name="classificacao"><value>Borda - Borda</value></Data>
      </ExtendedData>
      <LineString><tessellate>1</tessellate><coordinates>-52.39199496,-23.80640492,0 -52.39218301,-23.80633378,0 -52.39225737,-23.80629977,0 -52.39231160,-23.80626992,0 -52.39237508,-23.80622673,0 -52.39246213,-23.80615262,0 -52.39255308,-23.80608255,0 -52.39258744,-23.80605258,0 -52.39263585,-23.80599988,0 -52.39268411,-23.80592909,0 -52.39281190,-23.80565890,0 -52.39285300,-23.80558430,0 -52.39289357,-23.80552630,0 -52.39295484,-23.80546472,0 -52.39310256,-23.80534377,0 -52.39315353,-23.80529815,0 -52.39319466,-23.80525400,0 -52.39325509,-23.80517767,0 -52.39328927,-23.80514254,0 -52.39333338,-23.80510615,0 -52.39338728,-23.80506939,0 -52.39348119,-23.80501542,0 -52.39370844,-23.80489730,0 -52.39400057,-23.80478557,0 -52.39424819,-23.80467993,0 -52.39433116,-23.80463764,0 -52.39437651,-23.80460856,0 -52.39442181,-23.80457363,0 -52.39445336,-23.80454123,0 -52.39453671,-23.80444433,0 -52.39457114,-23.80441444,0 -52.39462628,-23.80437309,0 -52.39478657,-23.80427290,0 -52.39518034,-23.80406336,0 -52.39523690,-23.80403744,0 -52.39529232,-23.80401857,0 -52.39549323,-23.80397854,0 -52.39555363,-23.80396181,0 -52.39562143,-23.80393227,0 -52.39578723,-23.80384725,0 -52.39583893,-23.80381394,0 -52.39588765,-23.80377149,0 -52.39603325,-23.80361323,0 -52.39610902,-23.80353899,0 -52.39618980,-23.80347486,0 -52.39626892,-23.80342688,0 -52.39632141,-23.80340163,0 -52.39635824,-23.80338924,0 -52.39679463,-23.80330050,0 -52.39687392,-23.80327795,0 -52.39692906,-23.80325808,0 -52.39698911,-23.80323041,0 -52.39703200,-23.80320462,0 -52.39719565,-23.80306759,0 -52.39722980,-23.80304294,0 -52.39726645,-23.80302158,0 -52.39731224,-23.80300026,0 -52.39746477,-23.80293982,0 -52.39766540,-23.80284514,0 -52.39798137,-23.80270263,0 -52.39805000,-23.80268599,0 -52.39815968,-23.80267255,0 -52.39857084,-23.80266046,0 -52.39895002,-23.80264095,0 -52.39902117,-23.80263950,0 -52.39915947,-23.80264428,0 -52.39954918,-23.80267968,0 -52.39977821,-23.80269187,0 -52.39995510,-23.80271012,0 -52.40002105,-23.80272162,0 -52.40007333,-23.80273786,0 -52.40014084,-23.80276793,0 -52.40020397,-23.80280528,0 -52.40025808,-23.80284191,0 -52.40038105,-23.80294982,0 -52.40047829,-23.80302993,0 -52.40065487,-23.80315281,0 -52.40075984,-23.80323581,0 -52.40082303,-23.80329084,0 -52.40086645,-23.80333319,0 -52.40090279,-23.80337158,0 -52.40093309,-23.80340969,0 -52.40096898,-23.80346616,0 -52.40100144,-23.80353248,0 -52.40102003,-23.80358420,0 -52.40103103,-23.80363770,0 -52.40103426,-23.80369566,0 -52.40102923,-23.80376820,0 -52.40101542,-23.80385085,0 -52.40099973,-23.80390325,0 -52.40098109,-23.80394321,0 -52.40095778,-23.80398110,0 -52.40093150,-23.80401281,0 -52.40089614,-23.80404710,0 -52.40077492,-23.80414612,0 -52.40060242,-23.80426195,0 -52.40052219,-23.80430862,0 -52.40043569,-23.80435263,0 -52.40017037,-23.80445726,0 -52.39991842,-23.80457147,0 -52.39973310,-23.80466165,0 -52.39966953,-23.80469846,0 -52.39958241,-23.80475526,0 -52.39935395,-23.80492359,0 -52.39927939,-23.80496433,0 -52.39922849,-23.80498398,0 -52.39917177,-23.80499962,0 -52.39890038,-23.80504996,0 -52.39882382,-23.80506806,0 -52.39875336,-23.80509162,0 -52.39865311,-23.80513479,0 -52.39861196,-23.80515633,0 -52.39857623,-23.80517907,0 -52.39844934,-23.80527186,0 -52.39837564,-23.80532091,0 -52.39789214,-23.80560488,0 -52.39759007,-23.80579811,0 -52.39753680,-23.80582945,0 -52.39736581,-23.80590517,0 -52.39719337,-23.80596913,0 -52.39690686,-23.80606416,0 -52.39685633,-23.80608479,0 -52.39680068,-23.80611245,0 -52.39675403,-23.80613982,0 -52.39670321,-23.80617448,0 -52.39657314,-23.80627521,0 -52.39651893,-23.80631166,0 -52.39620557,-23.80647450,0 -52.39602861,-23.80657102,0 -52.39557287,-23.80684085,0 -52.39553138,-23.80686193,0 -52.39549167,-23.80687813,0 -52.39534925,-23.80692144,0 -52.39528771,-23.80695354,0 -52.39523005,-23.80699750,0 -52.39509475,-23.80713488,0 -52.39490632,-23.80729577,0 -52.39480097,-23.80739431,0 -52.39474866,-23.80743302,0 -52.39466975,-23.80748138,0 -52.39460136,-23.80750956,0 -52.39453272,-23.80752595,0 -52.39447390,-23.80753073,0 -52.39431594,-23.80753064,0 -52.39427308,-23.80753606,0 -52.39423520,-23.80754592,0 -52.39418805,-23.80756445,0 -52.39413630,-23.80759095,0 -52.39404720,-23.80764505,0 -52.39396457,-23.80770124,0 -52.39392385,-23.80772312,0 -52.39383324,-23.80775922,0 -52.39368401,-23.80780690,0</coordinates></LineString>
    </Placemark>
    <Placemark>
      <name>terra boa</name>
      <Style><LineStyle><color>ff000000</color><width>3</width></LineStyle></Style>
      <ExtendedData>
        <Data name="camada"><value>Borda</value></Data>
        <Data name="classificacao"><value>Borda - Borda</value></Data>
      </ExtendedData>
      <LineString><tessellate>1</tessellate><coordinates>-52.39374528,-23.80769252,0 -52.39377664,-23.80777189,0 -52.39380397,-23.80781457,0 -52.39384565,-23.80785902,0 -52.39396677,-23.80796668,0 -52.39406999,-23.80805362,0 -52.39414262,-23.80811942,0 -52.39554475,-23.80930912,0 -52.39567823,-23.80941370,0 -52.39576281,-23.80949303,0 -52.39625405,-23.80990765,0 -52.39670450,-23.81028243,0 -52.39685082,-23.81040009,0</coordinates></LineString>
    </Placemark>
    <Placemark>
      <name>terra boa</name>
      <Style><LineStyle><color>ff000000</color><width>3</width></LineStyle></Style>
      <ExtendedData>
        <Data name="camada"><value>Borda</value></Data>
        <Data name="classificacao"><value>Borda - Borda</value></Data>
      </ExtendedData>
      <LineString><tessellate>1</tessellate><coordinates>-52.39669786,-23.81039451,0 -52.39717959,-23.81007820,0 -52.39950840,-23.80861932,0 -52.39961585,-23.80854561,0 -52.39971328,-23.80849042,0 -52.40057587,-23.80794548,0 -52.40154091,-23.80734230,0 -52.40169611,-23.80724108,0 -52.40177527,-23.80718442,0 -52.40189807,-23.80711882,0 -52.40250617,-23.80673310,0 -52.40277842,-23.80656592,0 -52.40289058,-23.80648540,0 -52.40301660,-23.80641463,0 -52.40335368,-23.80619785,0 -52.40446728,-23.80550271,0 -52.40458067,-23.80542750,0 -52.40461445,-23.80540065,0 -52.40463852,-23.80537597,0 -52.40466746,-23.80533238,0 -52.40471033,-23.80524295,0 -52.40473791,-23.80516736,0 -52.40475874,-23.80509261,0 -52.40480260,-23.80487500,0 -52.40485726,-23.80452076,0 -52.40487812,-23.80431834,0 -52.40488176,-23.80424636,0 -52.40488100,-23.80415629,0 -52.40487038,-23.80398416,0 -52.40484203,-23.80378512,0 -52.40480906,-23.80362059,0 -52.40475974,-23.80342238,0 -52.40471096,-23.80325053,0 -52.40455783,-23.80276072,0 -52.40450891,-23.80258360,0 -52.40442947,-23.80223598,0 -52.40435971,-23.80188924,0 -52.40433507,-23.80180775,0 -52.40432108,-23.80178360,0 -52.40430051,-23.80176411,0 -52.40427486,-23.80174999,0 -52.40424083,-23.80173936,0 -52.40413051,-23.80172372,0 -52.40404951,-23.80171999,0 -52.40395086,-23.80171958,0</coordinates></LineString>
    </Placemark>
    <Placemark>
      <name>terra boa</name>
      <Style><LineStyle><color>ff000000</color><width>3</width></LineStyle></Style>
      <ExtendedData>
        <Data name="camada"><value>Borda</value></Data>
        <Data name="classificacao"><value>Borda - Borda</value></Data>
      </ExtendedData>
      <LineString><tessellate>1</tessellate><coordinates>-52.40404758,-23.80162931,0 -52.40404762,-23.80171208,0 -52.40404065,-23.80175596,0 -52.40402729,-23.80178962,0 -52.40395871,-23.80192897,0</coordinates></LineString>
    </Placemark>
    <Placemark>
      <name>terra boa</name>
      <Style><LineStyle><color>ff000000</color><width>3</width></LineStyle></Style>
      <ExtendedData>
        <Data name="camada"><value>Borda</value></Data>
        <Data name="classificacao"><value>Borda - Borda</value></Data>
      </ExtendedData>
      <LineString><tessellate>1</tessellate><coordinates>-52.40409690,-23.80183781,0 -52.40390994,-23.80185412,0 -52.40386839,-23.80185293,0 -52.40382057,-23.80184660,0 -52.40361797,-23.80180708,0 -52.40353052,-23.80178643,0 -52.40341027,-23.80174685,0 -52.40335809,-23.80172526,0 -52.40332584,-23.80170830,0 -52.40328806,-23.80168107,0 -52.40326322,-23.80165597,0 -52.40324501,-23.80162632,0 -52.40322564,-23.80158122,0 -52.40320674,-23.80150653,0 -52.40319053,-23.80135537,0 -52.40316411,-23.80126314,0</coordinates></LineString>
    </Placemark>
    <Placemark>
      <name>terra boa</name>
      <Style><LineStyle><color>ff000000</color><width>3</width></LineStyle></Style>
      <ExtendedData>
        <Data name="camada"><value>Borda</value></Data>
        <Data name="classificacao"><value>Borda - Borda</value></Data>
      </ExtendedData>
      <LineString><tessellate>1</tessellate><coordinates>-52.40328462,-23.80137670,0 -52.40318023,-23.80134856,0 -52.40306786,-23.80132898,0 -52.40294125,-23.80131143,0 -52.40282870,-23.80130735,0 -52.40249831,-23.80131488,0 -52.40171224,-23.80133986,0 -52.40092583,-23.80135233,0 -52.40033708,-23.80137501,0 -52.39899728,-23.80139296,0 -52.39819795,-23.80139912,0 -52.39742948,-23.80141251,0 -52.39721684,-23.80141371,0 -52.39684559,-23.80142603,0 -52.39660736,-23.80142955,0 -52.39603894,-23.80144778,0 -52.39589549,-23.80144993,0 -52.39580844,-23.80144907,0 -52.39570141,-23.80144028,0 -52.39563442,-23.80142550,0 -52.39557070,-23.80140143,0 -52.39549835,-23.80136157,0 -52.39543966,-23.80131629,0 -52.39538557,-23.80125676,0 -52.39533896,-23.80118643,0 -52.39530112,-23.80111689,0 -52.39526263,-23.80103463,0 -52.39498406,-23.80037299,0 -52.39490461,-23.80017131,0 -52.39471721,-23.79967471,0 -52.39430102,-23.79850527,0 -52.39418152,-23.79814448,0 -52.39412187,-23.79797393,0 -52.39376170,-23.79698936,0</coordinates></LineString>
    </Placemark>
    <Placemark>
      <name>terra boa</name>
      <Style><LineStyle><color>ff000000</color><width>3</width></LineStyle></Style>
      <ExtendedData>
        <Data name="camada"><value>Borda</value></Data>
        <Data name="classificacao"><value>Borda - Borda</value></Data>
      </ExtendedData>
      <LineString><tessellate>1</tessellate><coordinates>-52.39372536,-23.79714155,0 -52.39403718,-23.79683134,0</coordinates></LineString>
    </Placemark>
    <Placemark>
      <name>terra boa</name>
      <Style><LineStyle><color>ff000000</color><width>3</width></LineStyle></Style>
      <ExtendedData>
        <Data name="camada"><value>Borda</value></Data>
        <Data name="classificacao"><value>Borda - Borda</value></Data>
      </ExtendedData>
      <LineString><tessellate>1</tessellate><coordinates>-52.39393809,-23.79681242,0 -52.39412526,-23.79730659,0 -52.39431302,-23.79782399,0 -52.39461622,-23.79871200,0 -52.39504449,-23.79987744,0 -52.39511842,-23.80007005,0 -52.39525640,-23.80040669,0 -52.39546723,-23.80089909,0 -52.39554096,-23.80105939,0 -52.39556873,-23.80110607,0 -52.39560344,-23.80114853,0 -52.39564034,-23.80117967,0 -52.39568292,-23.80120396,0 -52.39572255,-23.80121841,0 -52.39576662,-23.80122728,0 -52.39585197,-23.80123399,0 -52.39591498,-23.80123496,0 -52.39646704,-23.80121573,0 -52.39722616,-23.80119840,0 -52.39745305,-23.80119065,0 -52.39802054,-23.80117952,0 -52.39903970,-23.80117156,0 -52.39977877,-23.80116050,0 -52.40037915,-23.80115482,0 -52.40098163,-23.80113321,0 -52.40254765,-23.80109288,0 -52.40292604,-23.80109149,0 -52.40327339,-23.80110521,0</coordinates></LineString>
    </Placemark>
    <Placemark>
      <name>terra boa</name>
      <Style><LineStyle><color>ff000000</color><width>3</width></LineStyle></Style>
      <ExtendedData>
        <Data name="camada"><value>Borda</value></Data>
        <Data name="classificacao"><value>Borda - Borda</value></Data>
      </ExtendedData>
      <LineString><tessellate>1</tessellate><coordinates>-52.40428055,-23.80157377,0 -52.40432785,-23.80150160,0 -52.40437767,-23.80140847,0 -52.40444157,-23.80132259,0 -52.40449580,-23.80126242,0 -52.40455144,-23.80120932,0 -52.40462110,-23.80115404,0 -52.40467110,-23.80112147,0 -52.40474579,-23.80108439,0 -52.40486286,-23.80103813,0 -52.40497837,-23.80099995,0 -52.40514479,-23.80095110,0 -52.40521061,-23.80093387,0 -52.40528203,-23.80091937,0 -52.40537026,-23.80090458,0 -52.40545923,-23.80089425,0 -52.40573285,-23.80088625,0 -52.40581775,-23.80088680,0 -52.40614918,-23.80091468,0 -52.40631809,-23.80093205,0 -52.40654153,-23.80096664,0 -52.40673539,-23.80100496,0 -52.40694290,-23.80105594,0 -52.40731887,-23.80117204,0 -52.40766139,-23.80129349,0</coordinates></LineString>
    </Placemark>
    <Placemark>
      <name>terra boa</name>
      <Style><LineStyle><color>ff000000</color><width>3</width></LineStyle></Style>
      <ExtendedData>
        <Data name="camada"><value>Borda</value></Data>
        <Data name="classificacao"><value>Borda - Borda</value></Data>
      </ExtendedData>
      <LineString><tessellate>1</tessellate><coordinates>-52.40481534,-23.80536339,0 -52.40574426,-23.80477554,0 -52.40719020,-23.80386873,0 -52.40760310,-23.80360661,0 -52.40771670,-23.80354075,0 -52.40804477,-23.80332886,0 -52.40816532,-23.80325649,0 -52.40892707,-23.80276735,0 -52.40906548,-23.80268825,0 -52.40947454,-23.80243265,0 -52.40995548,-23.80213687,0 -52.41010803,-23.80203704,0 -52.41017141,-23.80198818,0</coordinates></LineString>
    </Placemark>
    <Placemark>
      <name>terra boa</name>
      <Style><LineStyle><color>ff000000</color><width>3</width></LineStyle></Style>
      <ExtendedData>
        <Data name="camada"><value>Borda</value></Data>
        <Data name="classificacao"><value>Borda - Borda</value></Data>
      </ExtendedData>
      <LineString><tessellate>1</tessellate><coordinates>-52.41014620,-23.80204934,0 -52.41013725,-23.80197513,0</coordinates></LineString>
    </Placemark>
    <Placemark>
      <name>terra boa</name>
      <Style><LineStyle><color>ff000000</color><width>3</width></LineStyle></Style>
      <ExtendedData>
        <Data name="camada"><value>Borda</value></Data>
        <Data name="classificacao"><value>Borda - Borda</value></Data>
      </ExtendedData>
      <LineString><tessellate>1</tessellate><coordinates>-52.41017648,-23.80202407,0 -52.41004447,-23.80197685,0 -52.40986592,-23.80192816,0 -52.40967395,-23.80189222,0 -52.40950212,-23.80186606,0 -52.40924000,-23.80184031,0 -52.40889431,-23.80183050,0 -52.40868942,-23.80181481,0 -52.40851450,-23.80179294,0 -52.40828954,-23.80174979,0 -52.40809721,-23.80170519,0 -52.40796170,-23.80166418,0 -52.40774732,-23.80158803,0 -52.40737646,-23.80144635,0 -52.40699034,-23.80131624,0 -52.40682612,-23.80126997,0 -52.40663871,-23.80122566,0 -52.40644653,-23.80119054,0 -52.40625331,-23.80116067,0 -52.40605604,-23.80114183,0 -52.40583852,-23.80113378,0 -52.40564988,-23.80113181,0 -52.40548798,-23.80113859,0 -52.40542308,-23.80114488,0 -52.40529904,-23.80116334,0 -52.40513695,-23.80120821,0 -52.40500957,-23.80125058,0 -52.40491105,-23.80128763,0 -52.40484285,-23.80131620,0 -52.40479710,-23.80134087,0 -52.40475551,-23.80137115,0 -52.40471735,-23.80140820,0 -52.40467940,-23.80145413,0 -52.40463894,-23.80151477,0 -52.40457055,-23.80163001,0 -52.40454412,-23.80167993,0 -52.40452907,-23.80172419,0 -52.40452536,-23.80176595,0 -52.40453288,-23.80185456,0 -52.40456485,-23.80206170,0 -52.40459946,-23.80223462,0 -52.40466984,-23.80253943,0 -52.40468431,-23.80259572,0 -52.40472600,-23.80273060,0 -52.40484644,-23.80310634,0 -52.40494501,-23.80345072,0 -52.40499362,-23.80366417,0 -52.40501960,-23.80380911,0 -52.40504316,-23.80398582,0 -52.40505416,-23.80422594,0 -52.40505148,-23.80431713,0 -52.40504597,-23.80437248,0 -52.40496699,-23.80488373,0 -52.40492483,-23.80512997,0 -52.40490786,-23.80519928,0 -52.40486237,-23.80531658,0 -52.40484403,-23.80538249,0</coordinates></LineString>
    </Placemark>
    <Placemark>
      <name>terra boa</name>
      <Style><LineStyle><color>ff000000</color><width>3</width></LineStyle></Style>
      <ExtendedData>
        <Data name="camada"><value>Borda</value></Data>
        <Data name="classificacao"><value>Borda - Borda</value></Data>
      </ExtendedData>
      <LineString><tessellate>1</tessellate><coordinates>-52.41010122,-23.80205720,0 -52.40991813,-23.80200493,0 -52.40983183,-23.80198342,0 -52.40952780,-23.80193071,0 -52.40934547,-23.80190990,0 -52.40923957,-23.80190093,0 -52.40893755,-23.80189318,0 -52.40870617,-23.80187695,0 -52.40852631,-23.80185632,0 -52.40836011,-23.80182706,0 -52.40819997,-23.80179292,0 -52.40795867,-23.80172833,0 -52.40777576,-23.80166400,0 -52.40743179,-23.80153298,0 -52.40725618,-23.80146977,0 -52.40706823,-23.80140513,0 -52.40690751,-23.80135642,0 -52.40659963,-23.80127943,0 -52.40629536,-23.80122788,0 -52.40607202,-23.80120420,0 -52.40589823,-23.80119593,0 -52.40563478,-23.80119244,0 -52.40552612,-23.80119689,0 -52.40542740,-23.80120480,0 -52.40532036,-23.80122191,0 -52.40513984,-23.80127186,0 -52.40494129,-23.80134206,0 -52.40487966,-23.80136766,0 -52.40484031,-23.80138898,0 -52.40480191,-23.80141573,0 -52.40477287,-23.80144223,0 -52.40473713,-23.80148410,0 -52.40470446,-23.80153075,0 -52.40460722,-23.80169963,0 -52.40459492,-23.80173753,0 -52.40459258,-23.80177935,0 -52.40460506,-23.80188980,0 -52.40463804,-23.80209442,0 -52.40472952,-23.80250857,0 -52.40476075,-23.80262286,0 -52.40492662,-23.80314603,0 -52.40502023,-23.80347986,0 -52.40505926,-23.80365640,0 -52.40507859,-23.80376393,0 -52.40509381,-23.80385628,0 -52.40511031,-23.80400006,0 -52.40512048,-23.80420665,0 -52.40511404,-23.80436658,0 -52.40502404,-23.80494569,0 -52.40499738,-23.80510395,0 -52.40496424,-23.80527301,0</coordinates></LineString>
    </Placemark>
    <Placemark>
      <name>terra boa</name>
      <Style><LineStyle><color>ff000000</color><width>3</width></LineStyle></Style>
      <ExtendedData>
        <Data name="camada"><value>Borda</value></Data>
        <Data name="classificacao"><value>Borda - Borda</value></Data>
      </ExtendedData>
      <LineString><tessellate>1</tessellate><coordinates>-52.40490072,-23.80523503,0 -52.40756674,-23.80355549,0 -52.40768235,-23.80348869,0 -52.40800808,-23.80327822,0 -52.40813238,-23.80320331,0 -52.40889325,-23.80271455,0 -52.40903363,-23.80263452,0 -52.40944026,-23.80238038,0 -52.40991674,-23.80208738,0 -52.41008840,-23.80197752,0</coordinates></LineString>
    </Placemark>
  </Document>
</kml>
