{
  "type": "FeatureCollection",
  "features": [
    {
      "type": "Feature",
      "properties": {
        "name": "limite ext pulve 1",
        "layer": "limite ext pulve",
        "classification": "limite ext pulve",
        "color": "#ebe0e5",
        "geometry_type": "polygon",
        "is_selected_area": true
      },
      "geometry": {
        "coordinates": [
          [
            [
              -51.953431410399,
              -23.303342187136344
            ],
            [
              -51.95311776999999,
              -23.30361298999999
            ],
            [
              -51.95272642,
              -23.303925920000005
            ],
            [
              -51.9525916,
              -23.30404585
            ],
            [
              -51.95252718,
              -23.304107069999993
            ],
            [
              -51.95240076,
              -23.30421751
            ],
            [
              -51.95226724999999,
              -23.304326860000007
            ],
            [
              -51.95220275,
              -23.30438385
            ],
            [
              -51.95202152,
              -23.30455235
            ],
            [
              -51.9519373,
              -23.304644260000003
            ],
            [
              -51.95191668,
              -23.304675710000005
            ],
            [
              -51.95190785,
              -23.304710949999993
            ],
            [
              -51.95191297,
              -23.30474811
            ],
            [
              -51.95192950000001,
              -23.304820820000007
            ],
            [
              -51.95192937,
              -23.30485857
            ],
            [
              -51.95191281,
              -23.304934759999995
            ],
            [
              -51.95186135000001,
              -23.3050874
            ],
            [
              -51.95178914,
              -23.305234150000004
            ],
            [
              -51.95174211,
              -23.30534698
            ],
            [
              -51.95170664999999,
              -23.30541659
            ],
            [
              -51.95169301000001,
              -23.305454439999995
            ],
            [
              -51.95168404,
              -23.30549011
            ],
            [
              -51.95165658,
              -23.305562839999993
            ],
            [
              -51.95164756,
              -23.305601239999994
            ],
            [
              -51.9516349,
              -23.305714510000005
            ],
            [
              -51.95159886,
              -23.30586429
            ],
            [
              -51.95159252,
              -23.305977170000006
            ],
            [
              -51.95157177000001,
              -23.30621855
            ],
            [
              -51.95157032,
              -23.30626014
            ],
            [
              -51.95157432,
              -23.306495990000005
            ],
            [
              -51.95156122000001,
              -23.30668901
            ],
            [
              -51.95155328,
              -23.30676675
            ],
            [
              -51.95154802,
              -23.3068807
            ],
            [
              -51.9515294,
              -23.306995899999993
            ],
            [
              -51.95152598,
              -23.30703312
            ],
            [
              -51.95152093000001,
              -23.30718597
            ],
            [
              -51.95151303000001,
              -23.30729888
            ],
            [
              -51.95150105,
              -23.30737478
            ],
            [
              -51.95149869000001,
              -23.307452820000005
            ],
            [
              -51.95150087,
              -23.30753222
            ],
            [
              -51.95149846,
              -23.307568569999994
            ],
            [
              -51.95147488,
              -23.307678919999994
            ],
            [
              -51.95146938000001,
              -23.30775705
            ],
            [
              -51.95146463,
              -23.3079495
            ],
            [
              -51.9514611,
              -23.307986959999994
            ],
            [
              -51.9514606,
              -23.30814079
            ],
            [
              -51.95145107,
              -23.30833162000001
            ],
            [
              -51.95144973000001,
              -23.30852888
            ],
            [
              -51.9514544,
              -23.308570219999996
            ],
            [
              -51.95147052,
              -23.308645789999996
            ],
            [
              -51.95147515000001,
              -23.30868415999999
            ],
            [
              -51.95146281,
              -23.308882809999997
            ],
            [
              -51.95146676,
              -23.308962500000003
            ],
            [
              -51.95148674,
              -23.309083399999995
            ],
            [
              -51.95150884,
              -23.309159060000006
            ],
            [
              -51.951523830000006,
              -23.30919456
            ],
            [
              -51.9515426,
              -23.309229100000007
            ],
            [
              -51.95160949,
              -23.309331379999996
            ],
            [
              -51.95164692,
              -23.30940379
            ],
            [
              -51.95166076,
              -23.3094418
            ],
            [
              -51.95166604,
              -23.30948112
            ],
            [
              -51.95166548,
              -23.309521699999994
            ],
            [
              -51.95165702999999,
              -23.30959629
            ],
            [
              -51.95164433000001,
              -23.30963379
            ],
            [
              -51.95161204000001,
              -23.309792180000006
            ],
            [
              -51.95158744,
              -23.309996749999996
            ],
            [
              -51.95157281,
              -23.310408569999996
            ],
            [
              -51.95157256,
              -23.310572259999994
            ],
            [
              -51.95158542,
              -23.310749439999995
            ],
            [
              -51.95163029,
              -23.31106246999999
            ],
            [
              -51.95164717000001,
              -23.31135344
            ],
            [
              -51.95167175,
              -23.311542180000004
            ],
            [
              -51.95169711,
              -23.311855390000005
            ],
            [
              -51.95170972,
              -23.31197053
            ],
            [
              -51.95173739,
              -23.312126010000004
            ],
            [
              -51.95174821,
              -23.31224016
            ],
            [
              -51.95174641,
              -23.312354019999994
            ],
            [
              -51.95176076,
              -23.312467759999993
            ],
            [
              -51.95176056,
              -23.312541750000005
            ],
            [
              -51.95176461,
              -23.312579
            ],
            [
              -51.95190788,
              -23.31298151
            ],
            [
              -51.95194305,
              -23.313056949999996
            ],
            [
              -51.95195791,
              -23.313095349999994
            ],
            [
              -51.95196776,
              -23.313135739999996
            ],
            [
              -51.95198136999999,
              -23.31321728999999
            ],
            [
              -51.95200096,
              -23.313299890000007
            ],
            [
              -51.95202842999999,
              -23.31338025
            ],
            [
              -51.95204612999999,
              -23.31342011
            ],
            [
              -51.95217398,
              -23.31364308999999
            ],
            [
              -51.95224226,
              -23.31375334
            ],
            [
              -51.95229275,
              -23.313821899999994
            ],
            [
              -51.95240282,
              -23.313958509999996
            ],
            [
              -51.952422170000006,
              -23.313990009999994
            ],
            [
              -51.95243785,
              -23.314026400000007
            ],
            [
              -51.95244466,
              -23.314064400000007
            ],
            [
              -51.95245099,
              -23.314144760000012
            ],
            [
              -51.95245907,
              -23.314185340000005
            ],
            [
              -51.95247946,
              -23.31425915000001
            ],
            [
              -51.95249584,
              -23.314297329999988
            ],
            [
              -51.95251380999999,
              -23.314329459999996
            ],
            [
              -51.95254005,
              -23.31435917
            ],
            [
              -51.95257792,
              -23.31437371
            ],
            [
              -51.95262049000001,
              -23.31436937
            ],
            [
              -51.95265572,
              -23.314352270000004
            ],
            [
              -51.95268834,
              -23.31432617
            ],
            [
              -51.95281017000001,
              -23.31421861
            ],
            [
              -51.95293363,
              -23.31411788
            ],
            [
              -51.95305875,
              -23.314010299999996
            ],
            [
              -51.95314442,
              -23.31392849999999
            ],
            [
              -51.95317564,
              -23.313903940000007
            ],
            [
              -51.95320986,
              -23.31388237
            ],
            [
              -51.95330947000001,
              -23.313805779999996
            ],
            [
              -51.95363789,
              -23.313535579999996
            ],
            [
              -51.95380196,
              -23.313404420000005
            ],
            [
              -51.95455807,
              -23.312772409999994
            ],
            [
              -51.95469045000001,
              -23.31266613
            ],
            [
              -51.95507164,
              -23.312349449999996
            ],
            [
              -51.95516287,
              -23.3122691
            ],
            [
              -51.95524526999999,
              -23.312183329999996
            ],
            [
              -51.95528228,
              -23.312166119999993
            ],
            [
              -51.95531717000001,
              -23.31214283
            ],
            [
              -51.95541152999999,
              -23.312067909999996
            ],
            [
              -51.95559555,
              -23.311911800000004
            ],
            [
              -51.95622396,
              -23.311403389999988
            ],
            [
              -51.95712372,
              -23.31065532
            ],
            [
              -51.95725572,
              -23.310543299999996
            ],
            [
              -51.95736909000001,
              -23.31043464999999
            ],
            [
              -51.95743471000001,
              -23.310391839999994
            ],
            [
              -51.95765319,
              -23.310217049999995
            ],
            [
              -51.95792976,
              -23.30998509
            ],
            [
              -51.95796054,
              -23.3099575
            ],
            [
              -51.95798605,
              -23.309928789999994
            ],
            [
              -51.9580502,
              -23.30988326
            ],
            [
              -51.9583477,
              -23.30964653
            ],
            [
              -51.95879495,
              -23.309275400000004
            ],
            [
              -51.95905705,
              -23.30905354
            ],
            [
              -51.95913939,
              -23.308972909999994
            ],
            [
              -51.95920646,
              -23.30892914
            ],
            [
              -51.95923868,
              -23.308904370000004
            ],
            [
              -51.96034209,
              -23.30799169
            ],
            [
              -51.96043434,
              -23.307911200000007
            ],
            [
              -51.9604629,
              -23.307882030000005
            ],
            [
              -51.96056228999999,
              -23.3078127
            ],
            [
              -51.96142301,
              -23.307115999999994
            ],
            [
              -51.9618874,
              -23.306727049999996
            ],
            [
              -51.96200112,
              -23.30662188
            ],
            [
              -51.96202985000001,
              -23.30659239
            ],
            [
              -51.96205378,
              -23.306561489999996
            ],
            [
              -51.96207364,
              -23.30652342
            ],
            [
              -51.96208556,
              -23.306488600000005
            ],
            [
              -51.96210402999999,
              -23.30641059
            ],
            [
              -51.96210844,
              -23.30637349
            ],
            [
              -51.96210494,
              -23.30633529
            ],
            [
              -51.96209491,
              -23.30629927
            ],
            [
              -51.96208005,
              -23.30626305
            ],
            [
              -51.9620407,
              -23.306194500000004
            ],
            [
              -51.96202330999999,
              -23.306156090000005
            ],
            [
              -51.96199776,
              -23.306084569999996
            ],
            [
              -51.96193310000001,
              -23.305977140000007
            ],
            [
              -51.96188047,
              -23.305877339999995
            ],
            [
              -51.96183966000001,
              -23.305813769999993
            ],
            [
              -51.96179496999999,
              -23.305751419999996
            ],
            [
              -51.96167550999999,
              -23.305601949999996
            ],
            [
              -51.96165072,
              -23.30556332
            ],
            [
              -51.96162873000001,
              -23.305522559999996
            ],
            [
              -51.96161255,
              -23.305481549999996
            ],
            [
              -51.9615426,
              -23.305247190000006
            ],
            [
              -51.96149948000001,
              -23.30514514
            ],
            [
              -51.96146543,
              -23.30507879
            ],
            [
              -51.96142642,
              -23.30501290999999
            ],
            [
              -51.9613806,
              -23.30495205
            ],
            [
              -51.96132606,
              -23.30488725
            ],
            [
              -51.96130271,
              -23.304848889999995
            ],
            [
              -51.96127186,
              -23.30477399
            ],
            [
              -51.96125072,
              -23.304731849999996
            ],
            [
              -51.96120447,
              -23.304670319999996
            ],
            [
              -51.96115429,
              -23.30461244
            ],
            [
              -51.96087946,
              -23.30433594000001
            ],
            [
              -51.9606445,
              -23.30407826
            ],
            [
              -51.96058971000001,
              -23.30402323999999
            ],
            [
              -51.96047392,
              -23.30391783
            ],
            [
              -51.96025356999999,
              -23.303744120000005
            ],
            [
              -51.96019262,
              -23.303685709999996
            ],
            [
              -51.96010539,
              -23.303611170000003
            ],
            [
              -51.95990066,
              -23.303423409999994
            ],
            [
              -51.95963134,
              -23.30321642999999
            ],
            [
              -51.95949268,
              -23.303099629999995
            ],
            [
              -51.95946533000001,
              -23.303067340000005
            ],
            [
              -51.95938992,
              -23.302959890000004
            ],
            [
              -51.95936285,
              -23.302931659999988
            ],
            [
              -51.95933348999999,
              -23.3029061
            ],
            [
              -51.95926785,
              -23.302858119999996
            ],
            [
              -51.9592333,
              -23.30283624
            ],
            [
              -51.9591241,
              -23.30277608
            ],
            [
              -51.95898395,
              -23.3026877
            ],
            [
              -51.95891994,
              -23.30263881
            ],
            [
              -51.95888898,
              -23.30261095
            ],
            [
              -51.95883753,
              -23.302553389999996
            ],
            [
              -51.958767,
              -23.30245792
            ],
            [
              -51.95871761000001,
              -23.302396050000006
            ],
            [
              -51.95866361,
              -23.302336399999994
            ],
            [
              -51.95854412999999,
              -23.302226769999994
            ],
            [
              -51.95834981000001,
              -23.30206342
            ],
            [
              -51.95832082,
              -23.302034650000007
            ],
            [
              -51.95829701,
              -23.302002539999997
            ],
            [
              -51.95827742000001,
              -23.3019687
            ],
            [
              -51.95821962,
              -23.301819399999996
            ],
            [
              -51.9581783,
              -23.30174780999999
            ],
            [
              -51.95812974,
              -23.301679459999995
            ],
            [
              -51.95810268,
              -23.301647230000004
            ],
            [
              -51.95801244,
              -23.301555419999996
            ],
            [
              -51.95787465000001,
              -23.301449849999994
            ],
            [
              -51.95776459,
              -23.30137599
            ],
            [
              -51.95765228999999,
              -23.301311549999994
            ],
            [
              -51.95755169,
              -23.30123104999999
            ],
            [
              -51.95751577000001,
              -23.301206419999996
            ],
            [
              -51.95747709,
              -23.30118418
            ],
            [
              -51.9573969,
              -23.30114573000001
            ],
            [
              -51.95718592,
              -23.301061740000005
            ],
            [
              -51.95714816,
              -23.30104279
            ],
            [
              -51.95711178999999,
              -23.301021270000007
            ],
            [
              -51.95693394,
              -23.3009028
            ],
            [
              -51.95689528,
              -23.300882869999995
            ],
            [
              -51.95681498,
              -23.300848960000007
            ],
            [
              -51.9566957,
              -23.300809460000004
            ],
            [
              -51.95665185000001,
              -23.300802459999996
            ],
            [
              -51.95661306,
              -23.30080742
            ],
            [
              -51.95654114,
              -23.30084437
            ],
            [
              -51.95647139,
              -23.30088601
            ],
            [
              -51.95643534999999,
              -23.30090925999999
            ],
            [
              -51.9563729,
              -23.30095603
            ],
            [
              -51.9561903,
              -23.30112186
            ],
            [
              -51.95606507000001,
              -23.301221749999996
            ],
            [
              -51.95580469000001,
              -23.30143934
            ],
            [
              -51.95570793,
              -23.301526660000004
            ],
            [
              -51.95546378,
              -23.30171203
            ],
            [
              -51.95508699,
              -23.302021429999996
            ],
            [
              -51.95490624000001,
              -23.302161449999996
            ],
            [
              -51.95473018,
              -23.302305429999993
            ],
            [
              -51.95392436,
              -23.30294383
            ],
            [
              -51.95373096,
              -23.303091850000005
            ],
            [
              -51.95357652,
              -23.303217020000005
            ],
            [
              -51.95354534,
              -23.30323937
            ],
            [
              -51.953431410399,
              -23.303342187136344
            ]
          ]
        ],
        "type": "Polygon"
      }
    },
    {
      "type": "Feature",
      "properties": {
        "name": "linha_bordadura pulve 1",
        "layer": "linha_bordadura pulve",
        "classification": "linha_bordadura pulve",
        "color": "#000000",
        "geometry_type": "line",
        "is_selected_area": false
      },
      "geometry": {
        "coordinates": [
          [
            -51.956706211982436,
            -23.300986282769966
          ],
          [
            -51.95667480498148,
            -23.300980311036543
          ],
          [
            -51.956635217778,
            -23.30098556118785
          ],
          [
            -51.956574522943505,
            -23.30101809899156
          ],
          [
            -51.95648755318826,
            -23.30108005625853
          ],
          [
            -51.95631093340651,
            -23.3012403201778
          ],
          [
            -51.95595436204895,
            -23.30153387071896
          ],
          [
            -51.955812147374836,
            -23.30165775753961
          ],
          [
            -51.95551229857217,
            -23.301889676419275
          ],
          [
            -51.9552199973877,
            -23.302129743785002
          ],
          [
            -51.95365886556192,
            -23.303363785279064
          ],
          [
            -51.953236434051526,
            -23.303733126337367
          ],
          [
            -51.952863926478614,
            -23.30403098583645
          ],
          [
            -51.952582123674105,
            -23.304281442302443
          ],
          [
            -51.95229581409189,
            -23.304527566297025
          ],
          [
            -51.952158456294505,
            -23.304656062658395
          ],
          [
            -51.95211210666247,
            -23.304706265734826
          ],
          [
            -51.95210026363128,
            -23.304727166652217
          ],
          [
            -51.95209578115895,
            -23.304756298245884
          ],
          [
            -51.95210538439444,
            -23.304816957340304
          ],
          [
            -51.95210329476175,
            -23.30488031292251
          ],
          [
            -51.95207681663761,
            -23.30499484060809
          ],
          [
            -51.952028592062526,
            -23.305137612873594
          ],
          [
            -51.95193636186884,
            -23.305331389673718
          ],
          [
            -51.95186280363262,
            -23.30549876308326
          ],
          [
            -51.95182472860727,
            -23.30561751234246
          ],
          [
            -51.95180791562329,
            -23.305743117392307
          ],
          [
            -51.95177281284735,
            -23.30589636566237
          ],
          [
            -51.95174880982748,
            -23.306210974756784
          ],
          [
            -51.951750266187645,
            -23.306502179739535
          ],
          [
            -51.95172348536311,
            -23.30689620788218
          ],
          [
            -51.95170455653811,
            -23.30701481705724
          ],
          [
            -51.95168951329591,
            -23.307292356793138
          ],
          [
            -51.95167675977966,
            -23.307392174250346
          ],
          [
            -51.951673202788605,
            -23.3075829294964
          ],
          [
            -51.951649495851214,
            -23.307704860002932
          ],
          [
            -51.95164351285337,
            -23.307831314280964
          ],
          [
            -51.95162616315978,
            -23.308510414509726
          ],
          [
            -51.95164998675814,
            -23.308670922202282
          ],
          [
            -51.951640164976915,
            -23.308913139197532
          ],
          [
            -51.95165209829433,
            -23.309014966713043
          ],
          [
            -51.95167154667395,
            -23.30909106651096
          ],
          [
            -51.95169673015681,
            -23.3091495422832
          ],
          [
            -51.95176199618378,
            -23.30925048888361
          ],
          [
            -51.9518105480606,
            -23.309344163371907
          ],
          [
            -51.951834751706144,
            -23.309417483284463
          ],
          [
            -51.951841316683165,
            -23.309478036031525
          ],
          [
            -51.95182837036719,
            -23.30963094461136
          ],
          [
            -51.9518138784514,
            -23.309680103856227
          ],
          [
            -51.95178622958748,
            -23.309815818247067
          ],
          [
            -51.951762761003266,
            -23.31001184592489
          ],
          [
            -51.95174882576675,
            -23.31056687297093
          ],
          [
            -51.95176027055388,
            -23.310730336105586
          ],
          [
            -51.95180377061368,
            -23.311033835465565
          ],
          [
            -51.95182268806332,
            -23.3113406642637
          ],
          [
            -51.951850778746234,
            -23.31157374152256
          ],
          [
            -51.9518826235534,
            -23.311933800249257
          ],
          [
            -51.95191278637745,
            -23.312112241785073
          ],
          [
            -51.951923868808066,
            -23.312230389349796
          ],
          [
            -51.95192304729924,
            -23.312349548657714
          ],
          [
            -51.95193690162491,
            -23.312472327911962
          ],
          [
            -51.951937870287686,
            -23.31252537163568
          ],
          [
            -51.951941334545374,
            -23.31255258986718
          ],
          [
            -51.95207344003658,
            -23.31292599110718
          ],
          [
            -51.95212805773916,
            -23.313055925147047
          ],
          [
            -51.952164061105805,
            -23.31322884071621
          ],
          [
            -51.95220055303944,
            -23.313337939433875
          ],
          [
            -51.95222278985882,
            -23.313383569868584
          ],
          [
            -51.95238506694123,
            -23.31365635029097
          ],
          [
            -51.9525540977634,
            -23.313875371850663
          ],
          [
            -51.952579853410015,
            -23.313917835833486
          ],
          [
            -51.95259787305704,
            -23.313958089159463
          ],
          [
            -51.95260877052793,
            -23.313990388492492
          ],
          [
            -51.95261982078132,
            -23.314066799638677
          ],
          [
            -51.95262502127006,
            -23.314081970161553
          ],
          [
            -51.95264274486633,
            -23.314099114500753
          ],
          [
            -51.95265891275853,
            -23.314104613978518
          ],
          [
            -51.952684442817116,
            -23.3141021822877
          ],
          [
            -51.95269905513208,
            -23.314093751052315
          ],
          [
            -51.95293835765363,
            -23.313891672530264
          ],
          [
            -51.95302422589228,
            -23.31380988787324
          ],
          [
            -51.95319457963117,
            -23.31368257571284
          ],
          [
            -51.95369982052816,
            -23.313270596278038
          ],
          [
            -51.95486306125252,
            -23.31230407165025
          ],
          [
            -51.95503623834398,
            -23.312155981031125
          ],
          [
            -51.95512103693642,
            -23.312069241684238
          ],
          [
            -51.95514221861533,
            -23.312051523034697
          ],
          [
            -51.95521276909659,
            -23.312010797483925
          ],
          [
            -51.955298116768084,
            -23.311943415747898
          ],
          [
            -51.95558844464941,
            -23.31170132870206
          ],
          [
            -51.956176138747026,
            -23.311224392684533
          ],
          [
            -51.95704792575588,
            -23.310498856680386
          ],
          [
            -51.95713451124182,
            -23.310425377117564
          ],
          [
            -51.957255568020294,
            -23.310310732570233
          ],
          [
            -51.95733602118947,
            -23.310255705788272
          ],
          [
            -51.95748385526329,
            -23.310137434600442
          ],
          [
            -51.95781025810516,
            -23.30986526950953
          ],
          [
            -51.95786219623041,
            -23.309813053062665
          ],
          [
            -51.95791712680172,
            -23.309772723966276
          ],
          [
            -51.95821442267951,
            -23.30953797912013
          ],
          [
            -51.958795615113566,
            -23.309054310936016
          ],
          [
            -51.95893946526704,
            -23.308931944620515
          ],
          [
            -51.959021258956035,
            -23.308852608409083
          ],
          [
            -51.95912704187603,
            -23.308778419245282
          ],
          [
            -51.95966918867046,
            -23.308331873408296
          ],
          [
            -51.96010550034569,
            -23.307969542174565
          ],
          [
            -51.960249699798254,
            -23.307847552895304
          ],
          [
            -51.960338002319936,
            -23.307767130085168
          ],
          [
            -51.96044918783307,
            -23.307688051993825
          ],
          [
            -51.961279959290145,
            -23.30701554538917
          ],
          [
            -51.96182162184297,
            -23.306559943992887
          ],
          [
            -51.961888249928386,
            -23.306492639634687
          ],
          [
            -51.96190913263716,
            -23.30645747918629
          ],
          [
            -51.96192305289391,
            -23.306404611776465
          ],
          [
            -51.96192408716845,
            -23.306364213845256
          ],
          [
            -51.961914813640405,
            -23.306330034385915
          ],
          [
            -51.96185246003636,
            -23.30619669068957
          ],
          [
            -51.96183098413001,
            -23.306141142425883
          ],
          [
            -51.96171041049235,
            -23.305930489170954
          ],
          [
            -51.9616730806367,
            -23.305876609393053
          ],
          [
            -51.96152328747982,
            -23.305682892248054
          ],
          [
            -51.96146161101054,
            -23.305573817216324
          ],
          [
            -51.961444816820794,
            -23.305531250349592
          ],
          [
            -51.96137577209215,
            -23.305300032433454
          ],
          [
            -51.96134608110172,
            -23.305229028126693
          ],
          [
            -51.9612939154287,
            -23.305126786413716
          ],
          [
            -51.96125533299004,
            -23.305069425590958
          ],
          [
            -51.96118121496659,
            -23.304979427704815
          ],
          [
            -51.96114499190735,
            -23.3049207670214
          ],
          [
            -51.96109892078261,
            -23.304817989650356
          ],
          [
            -51.96105718040313,
            -23.30476043050344
          ],
          [
            -51.96102150993934,
            -23.30471925084348
          ],
          [
            -51.96079559616059,
            -23.304491964205262
          ],
          [
            -51.96051215521302,
            -23.304185513415813
          ],
          [
            -51.960353862314136,
            -23.304036782419164
          ],
          [
            -51.96011496107867,
            -23.303846307836245
          ],
          [
            -51.959783377226294,
            -23.30354469392173
          ],
          [
            -51.959539735155055,
            -23.30335750596044
          ],
          [
            -51.959360300019284,
            -23.303206488159535
          ],
          [
            -51.959327254017886,
            -23.303168171806433
          ],
          [
            -51.95925033310347,
            -23.303060913011343
          ],
          [
            -51.95922233790014,
            -23.303033306803783
          ],
          [
            -51.95913462131326,
            -23.30297125835841
          ],
          [
            -51.95902818547855,
            -23.302912449343026
          ],
          [
            -51.95888174225563,
            -23.302819827652957
          ],
          [
            -51.95875826617473,
            -23.30271920726442
          ],
          [
            -51.95868287237126,
            -23.302632482976744
          ],
          [
            -51.95862342180861,
            -23.302552010075114
          ],
          [
            -51.95852809352147,
            -23.302441302002094
          ],
          [
            -51.958192636115314,
            -23.302144483733436
          ],
          [
            -51.958158833821955,
            -23.302099870031174
          ],
          [
            -51.95811698029516,
            -23.302034007743313
          ],
          [
            -51.95805194097923,
            -23.301874076405213
          ],
          [
            -51.958025832823196,
            -23.3018298332065
          ],
          [
            -51.95796188748544,
            -23.30174573260068
          ],
          [
            -51.95789792311431,
            -23.30168045545751
          ],
          [
            -51.957768565935204,
            -23.301579590992
          ],
          [
            -51.95770066312025,
            -23.301533969028327
          ],
          [
            -51.95753759509838,
            -23.301434473291398
          ],
          [
            -51.957443071347036,
            -23.30135952871375
          ],
          [
            -51.95738427514392,
            -23.30132282515875
          ],
          [
            -51.95732328983343,
            -23.30129345997263
          ],
          [
            -51.95711093465729,
            -23.301208648917413
          ],
          [
            -51.95703231879815,
            -23.301166329112043
          ],
          [
            -51.95683750024878,
            -23.301039695664098
          ],
          [
            -51.95678881490173,
            -23.301015781289056
          ],
          [
            -51.956706211982436,
            -23.300986282769966
          ]
        ],
        "type": "LineString"
      }
    },
    {
      "type": "Feature",
      "properties": {
        "name": "mesclado - 22-09-2026 - 23-32-28 1",
        "layer": "mesclado - 22-09-2026 - 23-32-28",
        "classification": "mesclado - 22-09-2026 - 23-32-28",
        "color": "#91522d",
        "geometry_type": "line",
        "is_selected_area": false
      },
      "geometry": {
        "coordinates": [
          [
            -51.95533721449002,
            -23.311910229446184
          ],
          [
            -51.95531427987798,
            -23.3117505858486
          ],
          [
            -51.955295232147186,
            -23.311570809062967
          ],
          [
            -51.955281803786185,
            -23.31139059956249
          ],
          [
            -51.955266976959976,
            -23.3110295970466
          ],
          [
            -51.95526190732033,
            -23.310668351494478
          ],
          [
            -51.95525892820067,
            -23.30976515857732
          ],
          [
            -51.95522676899856,
            -23.308501036975166
          ],
          [
            -51.9552255015399,
            -23.30813977240738
          ],
          [
            -51.95522980610043,
            -23.30795918302084
          ],
          [
            -51.955247767704876,
            -23.307598294204656
          ],
          [
            -51.9552606991241,
            -23.30741805592363
          ],
          [
            -51.95527804640589,
            -23.30723814329023
          ],
          [
            -51.955315175837484,
            -23.30697568224042
          ],
          [
            -51.95537678170958,
            -23.306704436702322
          ],
          [
            -51.95542630658865,
            -23.30652972453708
          ],
          [
            -51.95552956635788,
            -23.306185877221946
          ]
        ],
        "type": "LineString"
      }
    },
    {
      "type": "Feature",
      "properties": {
        "name": "mesclado - 22-09-2026 - 23-32-28 2",
        "layer": "mesclado - 22-09-2026 - 23-32-28",
        "classification": "mesclado - 22-09-2026 - 23-32-28",
        "color": "#91522d",
        "geometry_type": "line",
        "is_selected_area": false
      },
      "geometry": {
        "coordinates": [
          [
            -51.95565709660975,
            -23.311645798964978
          ],
          [
            -51.95564367655213,
            -23.31151257610327
          ],
          [
            -51.9556311790756,
            -23.31133231473445
          ],
          [
            -51.9556178898753,
            -23.310971264330718
          ],
          [
            -51.95561373866838,
            -23.310610009299072
          ],
          [
            -51.95561006013033,
            -23.30970682245737
          ],
          [
            -51.955578067455704,
            -23.308442698868944
          ],
          [
            -51.95557862971229,
            -23.308081438280812
          ],
          [
            -51.95558440409934,
            -23.30790088493909
          ],
          [
            -51.95560420334804,
            -23.30754007820944
          ],
          [
            -51.955618743105774,
            -23.30735994241819
          ],
          [
            -51.95563868926338,
            -23.30718025099412
          ],
          [
            -51.95566841902571,
            -23.307001740406992
          ],
          [
            -51.95573229557931,
            -23.306727334704547
          ],
          [
            -51.95584873042346,
            -23.3063396125716
          ]
        ],
        "type": "LineString"
      }
    },
    {
      "type": "Feature",
      "properties": {
        "name": "mesclado - 22-09-2026 - 23-32-28 3",
        "layer": "mesclado - 22-09-2026 - 23-32-28",
        "classification": "mesclado - 22-09-2026 - 23-32-28",
        "color": "#91522d",
        "geometry_type": "line",
        "is_selected_area": false
      },
      "geometry": {
        "coordinates": [
          [
            -51.95598727054267,
            -23.311378733851893
          ],
          [
            -51.955973180107875,
            -23.311093523272437
          ],
          [
            -51.955968802454976,
            -23.31091293083884
          ],
          [
            -51.95596385531954,
            -23.309829108353817
          ],
          [
            -51.95595720843834,
            -23.30946788321309
          ],
          [
            -51.9559320875374,
            -23.308564982119414
          ],
          [
            -51.955928833095406,
            -23.30820372167391
          ],
          [
            -51.95593183082709,
            -23.308023105164523
          ],
          [
            -51.95594897971868,
            -23.30766218073206
          ],
          [
            -51.955961528304435,
            -23.30748191809487
          ],
          [
            -51.95597874785168,
            -23.307301994648483
          ],
          [
            -51.95600348952957,
            -23.307122840067258
          ],
          [
            -51.95603930407293,
            -23.30694529322633
          ],
          [
            -51.956084916220874,
            -23.306769665367757
          ],
          [
            -51.9561569093655,
            -23.30652992990195
          ]
        ],
        "type": "LineString"
      }
    },
    {
      "type": "Feature",
      "properties": {
        "name": "mesclado - 22-09-2026 - 23-32-28 4",
        "layer": "mesclado - 22-09-2026 - 23-32-28",
        "classification": "mesclado - 22-09-2026 - 23-32-28",
        "color": "#91522d",
        "geometry_type": "line",
        "is_selected_area": false
      },
      "geometry": {
        "coordinates": [
          [
            -51.95632577109891,
            -23.31109998943042
          ],
          [
            -51.95631809199165,
            -23.31067396192031
          ],
          [
            -51.95631529146,
            -23.30977076758184
          ],
          [
            -51.95630793859513,
            -23.309409552527228
          ],
          [
            -51.95628306241878,
            -23.308506647265883
          ],
          [
            -51.956281680472046,
            -23.308145383961516
          ],
          [
            -51.95628642862688,
            -23.30796480549958
          ],
          [
            -51.956305415164046,
            -23.307603963147237
          ],
          [
            -51.956319572089456,
            -23.30742380299347
          ],
          [
            -51.95634011925701,
            -23.30724418525813
          ],
          [
            -51.95635650337746,
            -23.307140218132755
          ],
          [
            -51.95637230438064,
            -23.30706606266982
          ],
          [
            -51.95641434534821,
            -23.306889663606313
          ],
          [
            -51.95645391827972,
            -23.306757551829467
          ]
        ],
        "type": "LineString"
      }
    },
    {
      "type": "Feature",
      "properties": {
        "name": "mesclado - 22-09-2026 - 23-32-28 5",
        "layer": "mesclado - 22-09-2026 - 23-32-28",
        "classification": "mesclado - 22-09-2026 - 23-32-28",
        "color": "#91522d",
        "geometry_type": "line",
        "is_selected_area": false
      },
      "geometry": {
        "coordinates": [
          [
            -51.95667158339619,
            -23.31081248218196
          ],
          [
            -51.95666642285177,
            -23.309712429110135
          ],
          [
            -51.95663771174611,
            -23.308628919510543
          ],
          [
            -51.95663298739282,
            -23.30826767363873
          ],
          [
            -51.95663480810624,
            -23.308087047470273
          ],
          [
            -51.95665019228225,
            -23.307726064099917
          ],
          [
            -51.95666235803403,
            -23.30754577711001
          ],
          [
            -51.95667944984655,
            -23.307365842851816
          ],
          [
            -51.95670536431874,
            -23.307186843011365
          ],
          [
            -51.956741427805,
            -23.307028447972506
          ]
        ],
        "type": "LineString"
      }
    },
    {
      "type": "Feature",
      "properties": {
        "name": "mesclado - 22-09-2026 - 23-32-28 6",
        "layer": "mesclado - 22-09-2026 - 23-32-28",
        "classification": "mesclado - 22-09-2026 - 23-32-28",
        "color": "#91522d",
        "geometry_type": "line",
        "is_selected_area": false
      },
      "geometry": {
        "coordinates": [
          [
            -51.95702171148655,
            -23.310520652409263
          ],
          [
            -51.95702120124824,
            -23.310015351232266
          ],
          [
            -51.95701755390761,
            -23.309654089861493
          ],
          [
            -51.95698856172505,
            -23.30857058494458
          ],
          [
            -51.95698497599316,
            -23.308209328211124
          ],
          [
            -51.956988453705,
            -23.30802872289317
          ],
          [
            -51.95700662752975,
            -23.3076678449255
          ],
          [
            -51.95702040162235,
            -23.30748766041266
          ],
          [
            -51.95703865993009,
            -23.30733265084412
          ]
        ],
        "type": "LineString"
      }
    },
    {
      "type": "Feature",
      "properties": {
        "name": "mesclado - 22-09-2026 - 23-32-28 7",
        "layer": "mesclado - 22-09-2026 - 23-32-28",
        "classification": "mesclado - 22-09-2026 - 23-32-28",
        "color": "#91522d",
        "geometry_type": "line",
        "is_selected_area": false
      },
      "geometry": {
        "coordinates": [
          [
            -51.95737355916052,
            -23.31022567444631
          ],
          [
            -51.95736868462752,
            -23.30959574983593
          ],
          [
            -51.95734346862594,
            -23.308692850911594
          ],
          [
            -51.95733714224241,
            -23.30833162241742
          ],
          [
            -51.957337859217155,
            -23.308150988395933
          ],
          [
            -51.95734305096626,
            -23.307970420852634
          ],
          [
            -51.95736011792683,
            -23.307658082154006
          ]
        ],
        "type": "LineString"
      }
    },
    {
      "type": "Feature",
      "properties": {
        "name": "mesclado - 22-09-2026 - 23-32-28 8",
        "layer": "mesclado - 22-09-2026 - 23-32-28",
        "classification": "mesclado - 22-09-2026 - 23-32-28",
        "color": "#91522d",
        "geometry_type": "line",
        "is_selected_area": false
      },
      "geometry": {
        "coordinates": [
          [
            -51.9577248224614,
            -23.309937366449233
          ],
          [
            -51.95771952249201,
            -23.30953741404217
          ],
          [
            -51.95769065303311,
            -23.30845390762378
          ],
          [
            -51.95768913064144,
            -23.30827327541359
          ],
          [
            -51.95769098631302,
            -23.308092649540026
          ],
          [
            -51.957695270624725,
            -23.30798023461857
          ]
        ],
        "type": "LineString"
      }
    },
    {
      "type": "Feature",
      "properties": {
        "name": "mesclado - 22-09-2026 - 23-32-28 9",
        "layer": "mesclado - 22-09-2026 - 23-32-28",
        "classification": "mesclado - 22-09-2026 - 23-32-28",
        "color": "#91522d",
        "geometry_type": "line",
        "is_selected_area": false
      },
      "geometry": {
        "coordinates": [
          [
            -51.958073718879746,
            -23.309649918551106
          ],
          [
            -51.958045035725206,
            -23.308576180645915
          ],
          [
            -51.958041575870645,
            -23.308314258633374
          ]
        ],
        "type": "LineString"
      }
    },
    {
      "type": "Feature",
      "properties": {
        "name": "mesclado - 22-09-2026 - 23-32-28 10",
        "layer": "mesclado - 22-09-2026 - 23-32-28",
        "classification": "mesclado - 22-09-2026 - 23-32-28",
        "color": "#91522d",
        "geometry_type": "line",
        "is_selected_area": false
      },
      "geometry": {
        "coordinates": [
          [
            -51.95841960693144,
            -23.30936830671879
          ],
          [
            -51.95839957785903,
            -23.30867560734441
          ]
        ],
        "type": "LineString"
      }
    },
    {
      "type": "Feature",
      "properties": {
        "name": "mesclado - 22-09-2026 - 23-32-28 11",
        "layer": "mesclado - 22-09-2026 - 23-32-28",
        "classification": "mesclado - 22-09-2026 - 23-32-28 - Linha de plantio",
        "color": "#91522d",
        "geometry_type": "line",
        "is_selected_area": false
      },
      "geometry": {
        "coordinates": [
          [
            -51.95652677113587,
            -23.301051424224564
          ],
          [
            -51.956747502942605,
            -23.301094151897207
          ],
          [
            -51.95701855412327,
            -23.301162600130308
          ],
          [
            -51.95704370995547,
            -23.30117252696797
          ],
          [
            -51.957111352007985,
            -23.301208816253364
          ],
          [
            -51.95732317215333,
            -23.301293413124924
          ],
          [
            -51.95738213920952,
            -23.301321796680373
          ],
          [
            -51.95744378699232,
            -23.301360096124412
          ],
          [
            -51.9575388769092,
            -23.301435255387833
          ],
          [
            -51.95769879524411,
            -23.30153282934801
          ],
          [
            -51.957768441234556,
            -23.301579507209247
          ],
          [
            -51.957896971288605,
            -23.301679683923176
          ],
          [
            -51.957928158750406,
            -23.301712055660555
          ],
          [
            -51.957941873161865,
            -23.30173386103748
          ],
          [
            -51.95794733483804,
            -23.301758472350837
          ],
          [
            -51.95794013211743,
            -23.30178255375793
          ],
          [
            -51.95792699242055,
            -23.301795779961534
          ],
          [
            -51.957905875219275,
            -23.301804926912997
          ],
          [
            -51.95788261319076,
            -23.301807146962133
          ],
          [
            -51.95785569373658,
            -23.30180291284733
          ],
          [
            -51.957574534868336,
            -23.30168893760627
          ],
          [
            -51.95739287839677,
            -23.301622108407443
          ],
          [
            -51.95720936344574,
            -23.301559755445545
          ],
          [
            -51.957023592776686,
            -23.3015032889066
          ],
          [
            -51.95683567208337,
            -23.301453424863073
          ],
          [
            -51.95664674058519,
            -23.301406863971263
          ],
          [
            -51.95634125927133,
            -23.301347730969457
          ],
          [
            -51.956300448876675,
            -23.301342038623098
          ],
          [
            -51.95627321898799,
            -23.30134372517297
          ],
          [
            -51.95622746451682,
            -23.301353314240846
          ],
          [
            -51.95617529893209,
            -23.301368647801315
          ],
          [
            -51.9561395168721,
            -23.301383151959016
          ],
          [
            -51.95601041909601,
            -23.301488115334585
          ],
          [
            -51.95599832400814,
            -23.301502272448175
          ],
          [
            -51.95598956739584,
            -23.30151838787125
          ],
          [
            -51.955983509984705,
            -23.301550227164856
          ],
          [
            -51.95598567682764,
            -23.301568149241568
          ],
          [
            -51.95599162455682,
            -23.301585326403394
          ],
          [
            -51.956001108341496,
            -23.301601089870434
          ],
          [
            -51.956013800634146,
            -23.301614791496792
          ],
          [
            -51.95603260280239,
            -23.301627670839487
          ],
          [
            -51.956058026922754,
            -23.30163682960093
          ],
          [
            -51.95629150930564,
            -23.30167031771349
          ],
          [
            -51.95658246016058,
            -23.3017266379564
          ],
          [
            -51.95686168970916,
            -23.301797029742204
          ],
          [
            -51.957133528511875,
            -23.3018790116442
          ],
          [
            -51.9574139777186,
            -23.301979224099217
          ],
          [
            -51.957593771588314,
            -23.302050285024208
          ],
          [
            -51.95777109362236,
            -23.30212648092359
          ],
          [
            -51.95794586288059,
            -23.302207551701617
          ],
          [
            -51.95811827517737,
            -23.302292816271656
          ],
          [
            -51.95828818322113,
            -23.30238226489895
          ],
          [
            -51.95845571942153,
            -23.30247544785244
          ],
          [
            -51.95863964243656,
            -23.30258353248212
          ],
          [
            -51.95865933453484,
            -23.30260098454379
          ],
          [
            -51.95868386479834,
            -23.302633624550758
          ],
          [
            -51.958757334628785,
            -23.30271813572294
          ],
          [
            -51.95888032263367,
            -23.302818692263763
          ],
          [
            -51.95902866866623,
            -23.3029127163191
          ],
          [
            -51.959135973812806,
            -23.30297221508245
          ],
          [
            -51.95922284314457,
            -23.30303380502795
          ],
          [
            -51.95925190900595,
            -23.303063065783153
          ],
          [
            -51.959327516373115,
            -23.303168476003574
          ],
          [
            -51.95936185356166,
            -23.303207853471054
          ],
          [
            -51.95954118604885,
            -23.303358620671517
          ],
          [
            -51.95978466274174,
            -23.303545863251
          ],
          [
            -51.960113518801236,
            -23.30384499592247
          ],
          [
            -51.96035326007034,
            -23.304036306886708
          ],
          [
            -51.960512330917076,
            -23.30418570603293
          ],
          [
            -51.960794326221105,
            -23.304490614340295
          ],
          [
            -51.96102176006997,
            -23.30471953960615
          ],
          [
            -51.961058279693304,
            -23.304761946403353
          ],
          [
            -51.961099413779586,
            -23.304819089449353
          ],
          [
            -51.961144302898056,
            -23.304919229952283
          ],
          [
            -51.96118091928531,
            -23.304978948870122
          ],
          [
            -51.961254264696464,
            -23.305068128415527
          ],
          [
            -51.96129532043296,
            -23.30512959858475
          ],
          [
            -51.96130386053504,
            -23.305153569958726
          ],
          [
            -51.96130544671468,
            -23.305178722522385
          ],
          [
            -51.96129966855339,
            -23.305199640855502
          ],
          [
            -51.961286920615414,
            -23.305217716174624
          ],
          [
            -51.961261312537694,
            -23.30523391226454
          ],
          [
            -51.961246297814945,
            -23.305237881140563
          ],
          [
            -51.96122681782367,
            -23.305238885455456
          ],
          [
            -51.96119296786864,
            -23.305230679197756
          ],
          [
            -51.96116100185713,
            -23.305210136263455
          ],
          [
            -51.960615819064834,
            -23.304685296116148
          ],
          [
            -51.96009188794441,
            -23.30414873390495
          ],
          [
            -51.95982195526228,
            -23.303887294901557
          ],
          [
            -51.959683200976976,
            -23.303759996488598
          ],
          [
            -51.959541434600204,
            -23.30363556322422
          ],
          [
            -51.959396396350506,
            -23.303514395888083
          ],
          [
            -51.95924794502129,
            -23.30339682262979
          ],
          [
            -51.959096097954784,
            -23.303283028273412
          ],
          [
            -51.95894087650182,
            -23.303173160421352
          ],
          [
            -51.95862253382007,
            -23.302963280123382
          ],
          [
            -51.95845981977725,
            -23.3028630702112
          ],
          [
            -51.95829488235159,
            -23.302766015437616
          ],
          [
            -51.958127619899415,
            -23.302672417773593
          ],
          [
            -51.95795793078286,
            -23.302582620697926
          ],
          [
            -51.957785670848246,
            -23.302497097572147
          ],
          [
            -51.95761080004359,
            -23.302416219973406
          ],
          [
            -51.957433452261164,
            -23.302340076756327
          ],
          [
            -51.957253419889994,
            -23.30226951044022
          ],
          [
            -51.957070840020286,
            -23.302204802995803
          ],
          [
            -51.9567727078304,
            -23.30211164417387
          ],
          [
            -51.95651036537426,
            -23.30204550954064
          ],
          [
            -51.95621638729603,
            -23.301987993111233
          ],
          [
            -51.956126779016635,
            -23.30197549428906
          ],
          [
            -51.95593314391846,
            -23.301950370874323
          ],
          [
            -51.955738552259724,
            -23.30193248909376
          ],
          [
            -51.955572115381955,
            -23.301923470407885
          ],
          [
            -51.95552650060439,
            -23.301933230797964
          ],
          [
            -51.955456461572375,
            -23.301956136598644
          ],
          [
            -51.95540675894451,
            -23.3019772520266
          ],
          [
            -51.95527266178874,
            -23.302087911723007
          ],
          [
            -51.95525558868034,
            -23.30211613787993
          ],
          [
            -51.95525115183402,
            -23.3021337018726
          ],
          [
            -51.955250357508056,
            -23.302151725909336
          ],
          [
            -51.955258947266344,
            -23.302186789923567
          ],
          [
            -51.95527988263534,
            -23.302217080318766
          ],
          [
            -51.955307916299866,
            -23.30223644351713
          ],
          [
            -51.95533781693717,
            -23.302244461195688
          ],
          [
            -51.955572488609434,
            -23.302249007045713
          ],
          [
            -51.95576757904587,
            -23.302261298774056
          ],
          [
            -51.955961917707185,
            -23.302281338730864
          ],
          [
            -51.95615528374488,
            -23.30230838214366
          ],
          [
            -51.95641741592697,
            -23.302359123843214
          ],
          [
            -51.95667127504827,
            -23.302423119885145
          ],
          [
            -51.95690981980711,
            -23.302496150060733
          ],
          [
            -51.957092683835384,
            -23.30256020494617
          ],
          [
            -51.957272894072794,
            -23.302630363117036
          ],
          [
            -51.95745050578832,
            -23.302705958871766
          ],
          [
            -51.95762547814028,
            -23.302786643291423
          ],
          [
            -51.9577975781312,
            -23.30287243765301
          ],
          [
            -51.95796705589908,
            -23.30296257049629
          ],
          [
            -51.9581340446009,
            -23.303056582870333
          ],
          [
            -51.958298659755435,
            -23.30315410564884
          ],
          [
            -51.95846068040836,
            -23.303255268683696
          ],
          [
            -51.95877811619868,
            -23.303466321418178
          ],
          [
            -51.95893232222522,
            -23.303577425506298
          ],
          [
            -51.95908246831185,
            -23.303693158813825
          ],
          [
            -51.95922916665211,
            -23.303812596804537
          ],
          [
            -51.95937249066198,
            -23.303935484660673
          ],
          [
            -51.95951264897407,
            -23.304061455060335
          ],
          [
            -51.95964995066495,
            -23.304190086757334
          ],
          [
            -51.95991731680994,
            -23.304453769206763
          ],
          [
            -51.96030922791699,
            -23.30485706065492
          ],
          [
            -51.960441872648325,
            -23.304989796553222
          ],
          [
            -51.96111927791248,
            -23.30564117885698
          ],
          [
            -51.961385399591975,
            -23.305905950155484
          ],
          [
            -51.961516235998175,
            -23.306040215167872
          ],
          [
            -51.96164521352155,
            -23.30617600494496
          ],
          [
            -51.96184840294196,
            -23.3063987285534
          ],
          [
            -51.961860700165026,
            -23.306421257355616
          ],
          [
            -51.961868407847476,
            -23.306449217137786
          ],
          [
            -51.9618699895764,
            -23.30647803451393
          ],
          [
            -51.96186466808002,
            -23.306506437518014
          ],
          [
            -51.96185254842961,
            -23.306528984339923
          ],
          [
            -51.96182064915713,
            -23.30656076380911
          ],
          [
            -51.961733958750415,
            -23.306633812136685
          ],
          [
            -51.961714686484314,
            -23.306646091802307
          ],
          [
            -51.96168898156161,
            -23.306654556849033
          ],
          [
            -51.96165784943885,
            -23.30665577261679
          ],
          [
            -51.9616278710722,
            -23.306647924753015
          ],
          [
            -51.96160500586581,
            -23.306634165582423
          ],
          [
            -51.96133966866027,
            -23.306346912597053
          ],
          [
            -51.961210070131514,
            -23.306211626978417
          ],
          [
            -51.960945670439095,
            -23.305945389600332
          ],
          [
            -51.960134372643054,
            -23.30516233626075
          ],
          [
            -51.95974208690643,
            -23.30475936003606
          ],
          [
            -51.95947705686262,
            -23.30449366699855
          ],
          [
            -51.959341384451136,
            -23.30436356662087
          ],
          [
            -51.95920298359981,
            -23.304235943395923
          ],
          [
            -51.95906141464306,
            -23.304111320946397
          ],
          [
            -51.958916298345706,
            -23.303990231378492
          ],
          [
            -51.95876734037852,
            -23.30387319635321
          ],
          [
            -51.95861436646777,
            -23.303760685579796
          ],
          [
            -51.95845798437313,
            -23.303652229566428
          ],
          [
            -51.9582987690713,
            -23.303547334317184
          ],
          [
            -51.95813726660947,
            -23.303445465560053
          ],
          [
            -51.95797320616943,
            -23.303347150150557
          ],
          [
            -51.95780649122013,
            -23.30325272306703
          ],
          [
            -51.95763722480258,
            -23.303162254456524
          ],
          [
            -51.95746527755823,
            -23.303076201660822
          ],
          [
            -51.95729021085654,
            -23.30299569761866
          ],
          [
            -51.95711233520553,
            -23.302920649325767
          ],
          [
            -51.95693166327278,
            -23.30285155203308
          ],
          [
            -51.95674828608216,
            -23.302788835160687
          ],
          [
            -51.95656239947458,
            -23.302732719379804
          ],
          [
            -51.95637372760447,
            -23.302685156602966
          ],
          [
            -51.95609151424025,
            -23.30262825514158
          ],
          [
            -51.95588790915211,
            -23.30259985564203
          ],
          [
            -51.95570323429846,
            -23.302582008617637
          ],
          [
            -51.95552276038447,
            -23.30257198580285
          ],
          [
            -51.95540623143363,
            -23.30257012846681
          ],
          [
            -51.955210707440756,
            -23.302572221892827
          ],
          [
            -51.95501547721127,
            -23.30258253443269
          ],
          [
            -51.954821042445836,
            -23.302601800015836
          ],
          [
            -51.95460143409485,
            -23.302634197788873
          ],
          [
            -51.95457918977766,
            -23.302640943138687
          ],
          [
            -51.95455931870128,
            -23.302652378577694
          ],
          [
            -51.954354209441384,
            -23.30281440166475
          ],
          [
            -51.95434086120547,
            -23.302827558492364
          ],
          [
            -51.95433079920906,
            -23.302843006782332
          ],
          [
            -51.95432447431014,
            -23.3028600654438
          ],
          [
            -51.9543217680113,
            -23.30288155209046
          ],
          [
            -51.954323882823616,
            -23.30290310667827
          ],
          [
            -51.954331613939864,
            -23.30292732301367
          ],
          [
            -51.95434220177412,
            -23.302946640729363
          ],
          [
            -51.95435612667926,
            -23.30296405565163
          ],
          [
            -51.95437320202159,
            -23.302978877036708
          ],
          [
            -51.95439318909594,
            -23.30299015034255
          ],
          [
            -51.954419356619056,
            -23.3029972526141
          ],
          [
            -51.95444274961909,
            -23.302997083474295
          ],
          [
            -51.954657207064855,
            -23.30295484228546
          ],
          [
            -51.95485030484379,
            -23.30292638701637
          ],
          [
            -51.955044674236404,
            -23.30290662380348
          ],
          [
            -51.9552399292153,
            -23.302896816838757
          ],
          [
            -51.95534793062985,
            -23.3028944008663
          ],
          [
            -51.955509152997415,
            -23.302896970581177
          ],
          [
            -51.95563080026026,
            -23.30290372640116
          ],
          [
            -51.95582546986762,
            -23.302920749645267
          ],
          [
            -51.95601895408597,
            -23.302946974101854
          ],
          [
            -51.95625237024154,
            -23.3029916095576
          ],
          [
            -51.956468408143394,
            -23.303046071121084
          ],
          [
            -51.95666355213219,
            -23.30310538673898
          ],
          [
            -51.95695177565935,
            -23.303210935382538
          ],
          [
            -51.95712991524823,
            -23.30328543621407
          ],
          [
            -51.957305054688646,
            -23.303365798312367
          ],
          [
            -51.957476870797,
            -23.30345207110847
          ],
          [
            -51.957645925862536,
            -23.30354287548579
          ],
          [
            -51.95781232210401,
            -23.303637782485136
          ],
          [
            -51.957975744782395,
            -23.303737004076115
          ],
          [
            -51.95813685704533,
            -23.303839399796136
          ],
          [
            -51.95829522244978,
            -23.303945390098615
          ],
          [
            -51.95845058911413,
            -23.304055082346256
          ],
          [
            -51.958601862036026,
            -23.304169532067004
          ],
          [
            -51.958749067003126,
            -23.30428843182016
          ],
          [
            -51.95889246904868,
            -23.3044112419032
          ],
          [
            -51.95903242992885,
            -23.30453740148317
          ],
          [
            -51.95916933336002,
            -23.304666397763594
          ],
          [
            -51.95943555684196,
            -23.30493107101437
          ],
          [
            -51.95982742595369,
            -23.305334398898008
          ],
          [
            -51.95996099230779,
            -23.305466344158567
          ],
          [
            -51.96050367917607,
            -23.305986777998786
          ],
          [
            -51.96090361028442,
            -23.306383280778935
          ],
          [
            -51.96116207527944,
            -23.30665443608019
          ],
          [
            -51.961338818713486,
            -23.30684945822501
          ],
          [
            -51.96134886170833,
            -23.306864920300704
          ],
          [
            -51.9613562244565,
            -23.306885452305302
          ],
          [
            -51.96135847524635,
            -23.306903371812638
          ],
          [
            -51.961356634015665,
            -23.306924941496977
          ],
          [
            -51.961346576072046,
            -23.306952200640605
          ],
          [
            -51.961330773312376,
            -23.306972747789384
          ],
          [
            -51.961198469882795,
            -23.30707984917019
          ],
          [
            -51.96116969535988,
            -23.307090891314925
          ],
          [
            -51.961138623474,
            -23.307093080844947
          ],
          [
            -51.961108355957926,
            -23.307086240059895
          ],
          [
            -51.961084962488606,
            -23.307073262119758
          ],
          [
            -51.96085674279766,
            -23.30682517186571
          ],
          [
            -51.96059697437256,
            -23.306555080939724
          ],
          [
            -51.960330563324256,
            -23.30629055760648
          ],
          [
            -51.959653164767815,
            -23.305639166344616
          ],
          [
            -51.9591289146656,
            -23.305102874282113
          ],
          [
            -51.95899606481218,
            -23.30497030862778
          ],
          [
            -51.95886081022574,
            -23.304839836951935
          ],
          [
            -51.95872276281325,
            -23.304711888916987
          ],
          [
            -51.95858139127928,
            -23.30458707728346
          ],
          [
            -51.95843619693319,
            -23.304466065483336
          ],
          [
            -51.9582867323206,
            -23.30434956868813
          ],
          [
            -51.958132459831226,
            -23.30423855047466
          ],
          [
            -51.95797453119379,
            -23.3041320051838
          ],
          [
            -51.95781422226932,
            -23.304028542438395
          ],
          [
            -51.95765115977924,
            -23.303928817306364
          ],
          [
            -51.957485359826286,
            -23.303833027752567
          ],
          [
            -51.95731651611446,
            -23.303741887608826
          ],
          [
            -51.95714483114316,
            -23.303655394812576
          ],
          [
            -51.95696961896338,
            -23.303575174657997
          ],
          [
            -51.95679121543423,
            -23.303501221287313
          ],
          [
            -51.95654605675028,
            -23.30341198030757
          ],
          [
            -51.95636697402062,
            -23.303357546645746
          ],
          [
            -51.95616984685422,
            -23.30330785235009
          ],
          [
            -51.9559666401036,
            -23.303268517060403
          ],
          [
            -51.95585409141412,
            -23.303252818440633
          ],
          [
            -51.95565990362645,
            -23.30323167744131
          ],
          [
            -51.95546468418358,
            -23.303221463462993
          ],
          [
            -51.955349155851366,
            -23.303219622060837
          ],
          [
            -51.95526915116197,
            -23.30322141176129
          ],
          [
            -51.95507387143323,
            -23.303230713150967
          ],
          [
            -51.95487956741404,
            -23.303250973993496
          ],
          [
            -51.95468663012479,
            -23.3032803495894
          ],
          [
            -51.95449587038527,
            -23.303320017069037
          ],
          [
            -51.954307549250004,
            -23.303368654504943
          ],
          [
            -51.954122712213625,
            -23.30342759096545
          ],
          [
            -51.95394143508061,
            -23.30349529251288
          ],
          [
            -51.9537648800646,
            -23.303572928369945
          ],
          [
            -51.95359362091288,
            -23.30366005814129
          ],
          [
            -51.95342832818381,
            -23.30375654625695
          ],
          [
            -51.95327024568997,
            -23.3038628243321
          ],
          [
            -51.95311905027012,
            -23.303977352641304
          ],
          [
            -51.952976635991845,
            -23.30410111418808
          ],
          [
            -51.952842233898366,
            -23.30423227667614
          ],
          [
            -51.95271646572777,
            -23.304370573663125
          ],
          [
            -51.952599696126484,
            -23.3045154582933
          ],
          [
            -51.95249144218499,
            -23.30466588737425
          ],
          [
            -51.95239288682492,
            -23.304821872526894
          ],
          [
            -51.95230408035179,
            -23.304982774963488
          ],
          [
            -51.95222403180104,
            -23.305147558682254
          ],
          [
            -51.95215286187774,
            -23.305315785722073
          ],
          [
            -51.952089176421644,
            -23.30548656729766
          ],
          [
            -51.95203281189108,
            -23.30565953581952
          ],
          [
            -51.95198225827763,
            -23.30583403003505
          ],
          [
            -51.951936637034315,
            -23.306009682947032
          ],
          [
            -51.951894989055106,
            -23.306186177988884
          ],
          [
            -51.95185731133329,
            -23.30636342586689
          ],
          [
            -51.951824971949975,
            -23.30654157363108
          ],
          [
            -51.95179820713519,
            -23.306720510235447
          ],
          [
            -51.95177597963959,
            -23.306899974581935
          ],
          [
            -51.95175779115331,
            -23.30707982796741
          ],
          [
            -51.95173108106282,
            -23.30744025256072
          ],
          [
            -51.95171284450689,
            -23.30780113642698
          ],
          [
            -51.951707120554026,
            -23.307981696273757
          ],
          [
            -51.951704277923945,
            -23.308342955505225
          ],
          [
            -51.95171411108825,
            -23.308884790878153
          ],
          [
            -51.95172417360857,
            -23.309181308921477
          ],
          [
            -51.951732974567534,
            -23.309205169486372
          ],
          [
            -51.951762713616866,
            -23.309251873077923
          ],
          [
            -51.95181000522443,
            -23.30934311604146
          ],
          [
            -51.951834137840535,
            -23.309415623707363
          ],
          [
            -51.951841167615456,
            -23.30947666109086
          ],
          [
            -51.95182820708947,
            -23.309631498479625
          ],
          [
            -51.951813837432105,
            -23.30968030492431
          ],
          [
            -51.95178635024858,
            -23.309815224131
          ],
          [
            -51.95176273855185,
            -23.31001272355998
          ],
          [
            -51.95174885948038,
            -23.31056533507165
          ],
          [
            -51.95176007502192,
            -23.310727575841224
          ],
          [
            -51.95180388540939,
            -23.311035621104004
          ],
          [
            -51.951822568836455,
            -23.311338605171603
          ],
          [
            -51.95185057452203,
            -23.311572002704562
          ],
          [
            -51.951882458199634,
            -23.311932073218042
          ],
          [
            -51.95191296549486,
            -23.31211415132183
          ],
          [
            -51.95192376943099,
            -23.312229329911865
          ],
          [
            -51.951923050899936,
            -23.31234854584443
          ],
          [
            -51.9519367207756,
            -23.312470725198168
          ],
          [
            -51.95193786169734,
            -23.312524901231065
          ],
          [
            -51.95194166833297,
            -23.312553568867585
          ],
          [
            -51.9520728867537,
            -23.312924446498887
          ],
          [
            -51.952128012825675,
            -23.313055814785525
          ],
          [
            -51.95216432497902,
            -23.313229629609904
          ],
          [
            -51.952200117426536,
            -23.313336637097667
          ],
          [
            -51.95222242418423,
            -23.313382819496702
          ],
          [
            -51.952277910598276,
            -23.313474156414266
          ],
          [
            -51.95229655663965,
            -23.313492582435405
          ],
          [
            -51.95232011512014,
            -23.3135052501275
          ],
          [
            -51.9523469409378,
            -23.313509484998026
          ],
          [
            -51.95236985509208,
            -23.31350530477174
          ],
          [
            -51.95239000369867,
            -23.313494378295786
          ],
          [
            -51.952407535104726,
            -23.31347512090791
          ],
          [
            -51.95241747375194,
            -23.31345165983411
          ],
          [
            -51.95242018781903,
            -23.313426559739515
          ],
          [
            -51.95241798133118,
            -23.31340650483221
          ],
          [
            -51.95228481293763,
            -23.31278952092333
          ],
          [
            -51.952218099552304,
            -23.31243355016683
          ],
          [
            -51.95218973651702,
            -23.312254823363816
          ],
          [
            -51.95216516036956,
            -23.31207561947951
          ],
          [
            -51.95214524955264,
            -23.311895923337104
          ],
          [
            -51.952129294203935,
            -23.311715891391184
          ],
          [
            -51.952107705327,
            -23.311355180551455
          ],
          [
            -51.95210111456623,
            -23.311174644099268
          ],
          [
            -51.95209443378569,
            -23.310813420361878
          ],
          [
            -51.952089717523975,
            -23.30972959537827
          ],
          [
            -51.952060391947825,
            -23.30864609544771
          ],
          [
            -51.95205600844651,
            -23.30828484110424
          ],
          [
            -51.9520570767091,
            -23.308104204741316
          ],
          [
            -51.95206766731967,
            -23.307743074377438
          ],
          [
            -51.95208734734368,
            -23.307382255484406
          ],
          [
            -51.95211674059966,
            -23.30702201357894
          ],
          [
            -51.9521369199594,
            -23.306842342596916
          ],
          [
            -51.95216165579449,
            -23.3066631598377
          ],
          [
            -51.952191526184066,
            -23.30648464532068
          ],
          [
            -51.95222742713482,
            -23.306307081625263
          ],
          [
            -51.95226812829117,
            -23.306130399293764
          ],
          [
            -51.95231261506953,
            -23.305954498774753
          ],
          [
            -51.95236197644139,
            -23.305779714307548
          ],
          [
            -51.952417483342735,
            -23.30560651381229
          ],
          [
            -51.952480358571435,
            -23.30543548345974
          ],
          [
            -51.952551508501855,
            -23.305267253781714
          ],
          [
            -51.95263212129059,
            -23.305102705491677
          ],
          [
            -51.95272269505552,
            -23.304942652761248
          ],
          [
            -51.95282484261791,
            -23.304788645203864
          ],
          [
            -51.95293634328457,
            -23.304640273499004
          ],
          [
            -51.95305765192107,
            -23.30449861516461
          ],
          [
            -51.95318899285632,
            -23.304364807503415
          ],
          [
            -51.95333003449567,
            -23.304239725855595
          ],
          [
            -51.95348011107981,
            -23.30412398828293
          ],
          [
            -51.95363847013144,
            -23.304018085011016
          ],
          [
            -51.95380438293278,
            -23.30392251388489
          ],
          [
            -51.953977337680385,
            -23.303838250593607
          ],
          [
            -51.95415592691391,
            -23.303764723548614
          ],
          [
            -51.95433906923914,
            -23.30370148499772
          ],
          [
            -51.95452601641037,
            -23.303648549399455
          ],
          [
            -51.95471622394487,
            -23.303606646512804
          ],
          [
            -51.95490883015658,
            -23.303575560947245
          ],
          [
            -51.95510306880172,
            -23.30355480247513
          ],
          [
            -51.95529837328075,
            -23.303546006660458
          ],
          [
            -51.955493891013035,
            -23.303547603919878
          ],
          [
            -51.955616550126145,
            -23.303554415892243
          ],
          [
            -51.95575404176801,
            -23.303567703085616
          ],
          [
            -51.95588260954981,
            -23.303585636119013
          ],
          [
            -51.95607424477952,
            -23.303621563500908
          ],
          [
            -51.95626310528382,
            -23.303668408474444
          ],
          [
            -51.95644859748495,
            -23.3037255923767
          ],
          [
            -51.95663065453016,
            -23.303791507040103
          ],
          [
            -51.95680932200196,
            -23.303864912950452
          ],
          [
            -51.95698460692173,
            -23.30394499116144
          ],
          [
            -51.95715616075493,
            -23.304031703957587
          ],
          [
            -51.95732477667048,
            -23.304123204739813
          ],
          [
            -51.957489996771166,
            -23.304219851974455
          ],
          [
            -51.95765250039566,
            -23.304320348707012
          ],
          [
            -51.957812203000685,
            -23.304424612572493
          ],
          [
            -51.95796885257069,
            -23.304532737791156
          ],
          [
            -51.95812125234501,
            -23.304645903931647
          ],
          [
            -51.95826896394638,
            -23.304764265450185
          ],
          [
            -51.95841244402871,
            -23.30488699776058
          ],
          [
            -51.958552207474185,
            -23.305013346519733
          ],
          [
            -51.958688339578806,
            -23.30514303849521
          ],
          [
            -51.95895371242503,
            -23.30540843902076
          ],
          [
            -51.959345885476985,
            -23.305811511878854
          ],
          [
            -51.96002279902245,
            -23.306463323277075
          ],
          [
            -51.960290172622294,
            -23.306727019129195
          ],
          [
            -51.96055126877327,
            -23.306996019141934
          ],
          [
            -51.96080847654741,
            -23.307277183218098
          ],
          [
            -51.96082519945239,
            -23.307305587058984
          ],
          [
            -51.96083018883033,
            -23.307341210685706
          ],
          [
            -51.960822591681236,
            -23.307372809126246
          ],
          [
            -51.96080396235181,
            -23.30740019332759
          ],
          [
            -51.96066816953845,
            -23.30750909446964
          ],
          [
            -51.96063936007131,
            -23.307520053717344
          ],
          [
            -51.96060827600517,
            -23.307522064892673
          ],
          [
            -51.96057807392608,
            -23.30751498288814
          ],
          [
            -51.96055480154158,
            -23.307501818717572
          ],
          [
            -51.96024550913845,
            -23.30716709456323
          ],
          [
            -51.95998310546921,
            -23.306899181219027
          ],
          [
            -51.95971486953839,
            -23.306636232704104
          ],
          [
            -51.95917215904838,
            -23.306115817596847
          ],
          [
            -51.959039025157374,
            -23.3059834979156
          ],
          [
            -51.95851489234591,
            -23.30544710182101
          ],
          [
            -51.958380232585974,
            -23.305316105894615
          ],
          [
            -51.9582425386172,
            -23.305187833051736
          ],
          [
            -51.958101364508785,
            -23.30506283223531
          ],
          [
            -51.957955771654746,
            -23.304942239013723
          ],
          [
            -51.95780507289038,
            -23.304827133933014
          ],
          [
            -51.9576495610113,
            -23.304717617288638
          ],
          [
            -51.95749058606206,
            -23.304612413567806
          ],
          [
            -51.957328833079785,
            -23.304510886489453
          ],
          [
            -51.95716393525571,
            -23.30441377125144
          ],
          [
            -51.956995804718375,
            -23.30432152015477
          ],
          [
            -51.956824382024365,
            -23.304234587358952
          ],
          [
            -51.95664902436396,
            -23.30415465109141
          ],
          [
            -51.956470092947136,
            -23.304081792640908
          ],
          [
            -51.956287200629426,
            -23.304017913610103
          ],
          [
            -51.95616410443451,
            -23.30398049750847
          ],
          [
            -51.956004798990804,
            -23.303940337805766
          ],
          [
            -51.95584176488619,
            -23.303908778867736
          ],
          [
            -51.95571774582989,
            -23.30389148032617
          ],
          [
            -51.95558765518233,
            -23.303878551622624
          ],
          [
            -51.95546833062344,
            -23.303871924842525
          ],
          [
            -51.95532759557165,
            -23.303870601536257
          ],
          [
            -51.95513226634189,
            -23.30387889177599
          ],
          [
            -51.95493809307142,
            -23.30390014787759
          ],
          [
            -51.9547459332194,
            -23.30393347703761
          ],
          [
            -51.954556677150805,
            -23.303978807464258
          ],
          [
            -51.954371240948284,
            -23.304036040616104
          ],
          [
            -51.9541905955607,
            -23.3041051134325
          ],
          [
            -51.954015893184646,
            -23.304186169702778
          ],
          [
            -51.95389527736342,
            -23.30425132959601
          ],
          [
            -51.95373433367187,
            -23.304353258116215
          ],
          [
            -51.95358341633548,
            -23.304466313560813
          ],
          [
            -51.95344669182343,
            -23.304586333501916
          ],
          [
            -51.953326430161425,
            -23.304708669208935
          ],
          [
            -51.9532751170279,
            -23.30476655396822
          ],
          [
            -51.9531591160611,
            -23.3049119389379
          ],
          [
            -51.95308725615491,
            -23.30501248381907
          ],
          [
            -51.953023074903584,
            -23.305112265132067
          ],
          [
            -51.95296016279543,
            -23.305222635312226
          ],
          [
            -51.952878985766624,
            -23.30538694817597
          ],
          [
            -51.95280785582913,
            -23.305555180492103
          ],
          [
            -51.952745790830384,
            -23.305726459618135
          ],
          [
            -51.95269137655173,
            -23.305899953121532
          ],
          [
            -51.95264312453464,
            -23.30607500205887
          ],
          [
            -51.95259987464654,
            -23.306251166630442
          ],
          [
            -51.95256043263537,
            -23.3064280909267
          ],
          [
            -51.95252686331513,
            -23.306606039364546
          ],
          [
            -51.95249915278438,
            -23.306784848122128
          ],
          [
            -51.95247662142592,
            -23.306964279002656
          ],
          [
            -51.952458519391485,
            -23.30714413945379
          ],
          [
            -51.952444055273965,
            -23.30732428245025
          ],
          [
            -51.95243242215887,
            -23.307504601665055
          ],
          [
            -51.95241491719965,
            -23.30786551537493
          ],
          [
            -51.952409893395284,
            -23.308046093017225
          ],
          [
            -51.952408751325144,
            -23.30840736411336
          ],
          [
            -51.95241532308461,
            -23.308768591619565
          ],
          [
            -51.95244069678481,
            -23.309671488125787
          ],
          [
            -51.95244464089792,
            -23.31003274644942
          ],
          [
            -51.95244592636427,
            -23.310755306454237
          ],
          [
            -51.95245182328063,
            -23.311116541686168
          ],
          [
            -51.95246602459401,
            -23.311477572374432
          ],
          [
            -51.95247775963318,
            -23.311657883668804
          ],
          [
            -51.95249311218482,
            -23.311837960249903
          ],
          [
            -51.9525125059936,
            -23.31201770325807
          ],
          [
            -51.95253646113579,
            -23.31219697733256
          ],
          [
            -51.952596346856865,
            -23.312553976773014
          ],
          [
            -51.95266847264676,
            -23.31290905405038
          ],
          [
            -51.952784166670114,
            -23.313440335244394
          ],
          [
            -51.95285176075296,
            -23.31378139652914
          ],
          [
            -51.9528608542823,
            -23.313805175079818
          ],
          [
            -51.95287655524406,
            -23.31382578829833
          ],
          [
            -51.952905012558006,
            -23.31384458365487
          ],
          [
            -51.95293517645099,
            -23.313851692586088
          ],
          [
            -51.9529698647431,
            -23.313847584498408
          ],
          [
            -51.953000363183705,
            -23.313831708636954
          ],
          [
            -51.95302547594013,
            -23.313808951363818
          ],
          [
            -51.95311656703001,
            -23.313740620745563
          ],
          [
            -51.953126688171174,
            -23.313729633022017
          ],
          [
            -51.9531441212559,
            -23.3137014276224
          ],
          [
            -51.95315902240848,
            -23.31366804177069
          ],
          [
            -51.95316996396617,
            -23.3136333778894
          ],
          [
            -51.953174011297115,
            -23.31360477472566
          ],
          [
            -51.95313063485572,
            -23.313382524145744
          ],
          [
            -51.952977723023594,
            -23.312673904316256
          ],
          [
            -51.9529112319903,
            -23.312317900232777
          ],
          [
            -51.95288318542588,
            -23.31213913054368
          ],
          [
            -51.95285985128796,
            -23.3119597862763
          ],
          [
            -51.95284097448654,
            -23.31177999640009
          ],
          [
            -51.95282622473112,
            -23.311599875181145
          ],
          [
            -51.9528154842944,
            -23.31141951025186
          ],
          [
            -51.95280779876607,
            -23.31123901168307
          ],
          [
            -51.95279921772438,
            -23.3108778247277
          ],
          [
            -51.95279486709832,
            -23.30979399599427
          ],
          [
            -51.952766093474025,
            -23.308710487292934
          ],
          [
            -51.95276046822266,
            -23.30834924815354
          ],
          [
            -51.952760426733846,
            -23.30816860874783
          ],
          [
            -51.9527633738989,
            -23.307987991099992
          ],
          [
            -51.952778163794655,
            -23.307626980441146
          ],
          [
            -51.95280131037333,
            -23.307266342286056
          ],
          [
            -51.952817390650964,
            -23.3070863171322
          ],
          [
            -51.95283765072016,
            -23.306906654469156
          ],
          [
            -51.9528629767239,
            -23.306727543615768
          ],
          [
            -51.95289422731856,
            -23.306549235998496
          ],
          [
            -51.952931894727556,
            -23.306371987997906
          ],
          [
            -51.95297411288486,
            -23.306195610187597
          ],
          [
            -51.95302092020837,
            -23.306020226218173
          ],
          [
            -51.95307409888462,
            -23.305846404715165
          ],
          [
            -51.95313535365082,
            -23.30567487681915
          ],
          [
            -51.95320646359534,
            -23.30550664186499
          ],
          [
            -51.95328923850109,
            -23.305343042611987
          ],
          [
            -51.95333024491701,
            -23.30527132149744
          ],
          [
            -51.95338528575981,
            -23.30518575028769
          ],
          [
            -51.95349512802718,
            -23.305036339360377
          ],
          [
            -51.95354846822784,
            -23.30497144997498
          ],
          [
            -51.95361733870728,
            -23.304895394166504
          ],
          [
            -51.953698732561385,
            -23.304813419102114
          ],
          [
            -51.95381593096739,
            -23.30471053564606
          ],
          [
            -51.95394497737597,
            -23.304613862952436
          ],
          [
            -51.954058756519096,
            -23.304541161566995
          ],
          [
            -51.95415341064011,
            -23.30448738724821
          ],
          [
            -51.954227456273706,
            -23.30444991658762
          ],
          [
            -51.954296700963084,
            -23.30441782048323
          ],
          [
            -51.95440458426023,
            -23.30437347317072
          ],
          [
            -51.95458777672429,
            -23.304310397981475
          ],
          [
            -51.95470261052086,
            -23.304278070353732
          ],
          [
            -51.95477575571471,
            -23.30426074736298
          ],
          [
            -51.95487740189725,
            -23.304239766976917
          ],
          [
            -51.95496735981405,
            -23.304224755685492
          ],
          [
            -51.95506075487054,
            -23.304212439462482
          ],
          [
            -51.955161464053774,
            -23.30420298105354
          ],
          [
            -51.955253180499284,
            -23.304197514759625
          ],
          [
            -51.955356818610106,
            -23.304195349109985
          ],
          [
            -51.955454723094356,
            -23.304196909571772
          ],
          [
            -51.95555220309252,
            -23.3042023231917
          ],
          [
            -51.955664795916746,
            -23.304212934621287
          ],
          [
            -51.95574626382497,
            -23.304224298009355
          ],
          [
            -51.95593779098632,
            -23.30426049206092
          ],
          [
            -51.956062668971,
            -23.30429197284649
          ],
          [
            -51.956193567514674,
            -23.304331760520718
          ],
          [
            -51.95630941640944,
            -23.30437234088974
          ],
          [
            -51.95648872604938,
            -23.304444389080874
          ],
          [
            -51.95666415645107,
            -23.304524183405093
          ],
          [
            -51.95683544800483,
            -23.304611336200335
          ],
          [
            -51.9570030931601,
            -23.30470433761053
          ],
          [
            -51.95716742351312,
            -23.304802263277875
          ],
          [
            -51.95732862831618,
            -23.30490453412225
          ],
          [
            -51.95748679607723,
            -23.305010777043808
          ],
          [
            -51.957640639238704,
            -23.305122274407648
          ],
          [
            -51.957788857481766,
            -23.305240097694483
          ],
          [
            -51.95793241560195,
            -23.305362752232714
          ],
          [
            -51.9580716620866,
            -23.30548958337495
          ],
          [
            -51.95820734237752,
            -23.305619677836003
          ],
          [
            -51.958340504836045,
            -23.30575197559296
          ],
          [
            -51.95886444919578,
            -23.30628853236866
          ],
          [
            -51.95954182638836,
            -23.306939945371546
          ],
          [
            -51.95980854146683,
            -23.307204207959444
          ],
          [
            -51.960068264386486,
            -23.30747433502154
          ],
          [
            -51.960273055906015,
            -23.307699960470543
          ],
          [
            -51.96028934936399,
            -23.30772856913361
          ],
          [
            -51.96029472647994,
            -23.307764194270174
          ],
          [
            -51.96028788838765,
            -23.30779961175777
          ],
          [
            -51.960270801184244,
            -23.307827842060842
          ],
          [
            -51.960141256311196,
            -23.307937759955024
          ],
          [
            -51.96011284035363,
            -23.307949557939327
          ],
          [
            -51.96008573862932,
            -23.307952502059052
          ],
          [
            -51.96005512664227,
            -23.307947150360715
          ],
          [
            -51.96002794814513,
            -23.307933080656674
          ],
          [
            -51.96001394630351,
            -23.307920510340082
          ],
          [
            -51.95976284482717,
            -23.30764513507063
          ],
          [
            -51.95950167254129,
            -23.307376199516824
          ],
          [
            -51.95923398423403,
            -23.30711277569429
          ],
          [
            -51.95869130419928,
            -23.306592331512956
          ],
          [
            -51.958557390623795,
            -23.306460683731594
          ],
          [
            -51.9581653302589,
            -23.30605751424112
          ],
          [
            -51.95789961460358,
            -23.305792406224256
          ],
          [
            -51.95776231101156,
            -23.305663775800042
          ],
          [
            -51.957621334331485,
            -23.305538585801862
          ],
          [
            -51.95747515691526,
            -23.305418609019387
          ],
          [
            -51.957323331290254,
            -23.30530478751622
          ],
          [
            -51.95716629781176,
            -23.305197140891472
          ],
          [
            -51.95700589800908,
            -23.30509380086912
          ],
          [
            -51.95684225038362,
            -23.304994903817107
          ],
          [
            -51.95667509061423,
            -23.304901152094295
          ],
          [
            -51.9565039302018,
            -23.304813779299877
          ],
          [
            -51.95632842705821,
            -23.304734126918813
          ],
          [
            -51.95614839208055,
            -23.304663687234303
          ],
          [
            -51.95607607007318,
            -23.304638353761014
          ],
          [
            -51.95596376757393,
            -23.304604218509265
          ],
          [
            -51.95583974967538,
            -23.304572823088954
          ],
          [
            -51.95571688858796,
            -23.304549040563565
          ],
          [
            -51.95558117231401,
            -23.304531781378316
          ],
          [
            -51.95544111552925,
            -23.304521894288737
          ],
          [
            -51.95526878302843,
            -23.304522414290044
          ],
          [
            -51.95510379531219,
            -23.304535212671986
          ],
          [
            -51.95499678402556,
            -23.304550262845126
          ],
          [
            -51.95487030829518,
            -23.30457402637511
          ],
          [
            -51.9548059027267,
            -23.304589279571047
          ],
          [
            -51.954723580285176,
            -23.30461133012518
          ],
          [
            -51.95461977203614,
            -23.304644489751627
          ],
          [
            -51.954515353089846,
            -23.304683032719996
          ],
          [
            -51.95443991624342,
            -23.304715238078913
          ],
          [
            -51.9543289425807,
            -23.304769307339463
          ],
          [
            -51.95426890095914,
            -23.304802699368892
          ],
          [
            -51.95421208317341,
            -23.304837149502596
          ],
          [
            -51.95410971222041,
            -23.30490747823616
          ],
          [
            -51.95404844645228,
            -23.304954757351034
          ],
          [
            -51.95396432239199,
            -23.305028141113077
          ],
          [
            -51.95390591908865,
            -23.30508457452632
          ],
          [
            -51.9538339496721,
            -23.305162662596558
          ],
          [
            -51.953787428982054,
            -23.305217887166645
          ],
          [
            -51.95368549007598,
            -23.305355636333807
          ],
          [
            -51.95359152515042,
            -23.30551064102634
          ],
          [
            -51.95353394198799,
            -23.305626334848778
          ],
          [
            -51.95346285203651,
            -23.305794572440877
          ],
          [
            -51.95340263248404,
            -23.30596641143588
          ],
          [
            -51.95335088476649,
            -23.306140601483634
          ],
          [
            -51.95330534265384,
            -23.306316268789615
          ],
          [
            -51.95326422234699,
            -23.306492868406448
          ],
          [
            -51.953228756220305,
            -23.306670502070762
          ],
          [
            -51.95320009898831,
            -23.306849182851657
          ],
          [
            -51.95317726376646,
            -23.307028580268952
          ],
          [
            -51.953159248184015,
            -23.307208447784934
          ],
          [
            -51.95314506484614,
            -23.30738860996111
          ],
          [
            -51.95313376510802,
            -23.30756894767097
          ],
          [
            -51.953116990448336,
            -23.307929891155457
          ],
          [
            -51.953112184784956,
            -23.308291131414148
          ],
          [
            -51.95311686352927,
            -23.30865238219094
          ],
          [
            -51.95314606753647,
            -23.309735883706143
          ],
          [
            -51.95314937868806,
            -23.31063907333362
          ],
          [
            -51.95315332841991,
            -23.3110003329756
          ],
          [
            -51.953165148382894,
            -23.31136143795018
          ],
          [
            -51.953175164502404,
            -23.311541837911296
          ],
          [
            -51.95318883645779,
            -23.311722031787685
          ],
          [
            -51.95320719625262,
            -23.311901868534207
          ],
          [
            -51.95323005690193,
            -23.312081265012978
          ],
          [
            -51.95325779771667,
            -23.31226007413036
          ],
          [
            -51.95328924755296,
            -23.31243836015435
          ],
          [
            -51.95336148270339,
            -23.31279341789423
          ],
          [
            -51.953467822142066,
            -23.313281248265483
          ],
          [
            -51.953479353183866,
            -23.313307982930297
          ],
          [
            -51.953496623579014,
            -23.313327496220758
          ],
          [
            -51.95352622566619,
            -23.313344776631105
          ],
          [
            -51.95356047057315,
            -23.31335156329986
          ],
          [
            -51.95359511062417,
            -23.313346861899742
          ],
          [
            -51.953625661877474,
            -23.313331062509015
          ],
          [
            -51.95373385749921,
            -23.313242278073048
          ],
          [
            -51.953743491173334,
            -23.313230928143913
          ],
          [
            -51.953759626299004,
            -23.31320206804044
          ],
          [
            -51.953773306581404,
            -23.313168236194564
          ],
          [
            -51.95378341497848,
            -23.313133352199213
          ],
          [
            -51.953787438404994,
            -23.313104729868677
          ],
          [
            -51.95367063179663,
            -23.312558284683412
          ],
          [
            -51.953635697408686,
            -23.31238055071038
          ],
          [
            -51.9536043631146,
            -23.31220224727103
          ],
          [
            -51.953577033757796,
            -23.312023385836323
          ],
          [
            -51.95355454088756,
            -23.311843950031786
          ],
          [
            -51.953537093040126,
            -23.311664037155737
          ],
          [
            -51.95351481213847,
            -23.31130336487798
          ],
          [
            -51.95350841512109,
            -23.311122823258334
          ],
          [
            -51.953502190771275,
            -23.310761593110502
          ],
          [
            -51.9535008257476,
            -23.310039033745888
          ],
          [
            -51.95349718803962,
            -23.309677771885553
          ],
          [
            -51.953467819481055,
            -23.30859427296466
          ],
          [
            -51.953464341831626,
            -23.30823301333402
          ],
          [
            -51.953466065051956,
            -23.308052381781756
          ],
          [
            -51.95347975542524,
            -23.307691336412212
          ],
          [
            -51.9535021656565,
            -23.307330658185663
          ],
          [
            -51.95351804125644,
            -23.30715061753094
          ],
          [
            -51.953538382035234,
            -23.30697096318617
          ],
          [
            -51.95356429820872,
            -23.306791924233302
          ],
          [
            -51.95359722916989,
            -23.306613875456357
          ],
          [
            -51.95363689659607,
            -23.306436994522233
          ],
          [
            -51.95368111011454,
            -23.3062610363586
          ],
          [
            -51.953731472984586,
            -23.30608650231871
          ],
          [
            -51.95379035098617,
            -23.305914267357277
          ],
          [
            -51.95386142094458,
            -23.30574602712733
          ],
          [
            -51.953906361063396,
            -23.305656291032168
          ],
          [
            -51.95394798695892,
            -23.30558414657453
          ],
          [
            -51.953984608167524,
            -23.30552721169156
          ],
          [
            -51.954053916048,
            -23.30543240310113
          ],
          [
            -51.954100173089216,
            -23.30537560011335
          ],
          [
            -51.9541774433863,
            -23.305292518311518
          ],
          [
            -51.9542409356629,
            -23.305232804189977
          ],
          [
            -51.95431968372271,
            -23.305168757965866
          ],
          [
            -51.954411191885455,
            -23.305105378796274
          ],
          [
            -51.95447959400758,
            -23.305065041919292
          ],
          [
            -51.954552361136024,
            -23.30502691843746
          ],
          [
            -51.954653284919395,
            -23.304982309189484
          ],
          [
            -51.95476988296208,
            -23.304939812039848
          ],
          [
            -51.954836569853846,
            -23.30491955559714
          ],
          [
            -51.95495163395148,
            -23.30489043795654
          ],
          [
            -51.955026208410736,
            -23.30487576998121
          ],
          [
            -51.955146835991535,
            -23.304857985849697
          ],
          [
            -51.95528438566388,
            -23.30484731380313
          ],
          [
            -51.955415272136804,
            -23.304846683976017
          ],
          [
            -51.95550096969155,
            -23.304850958730317
          ],
          [
            -51.95560991691137,
            -23.30486295977283
          ],
          [
            -51.9557572244732,
            -23.304889065665876
          ],
          [
            -51.955859796703116,
            -23.30491492333587
          ],
          [
            -51.956054340633116,
            -23.304978493390713
          ],
          [
            -51.95616812739039,
            -23.305023864605246
          ],
          [
            -51.95634370327653,
            -23.30510337504329
          ],
          [
            -51.956514597749575,
            -23.305191181598488
          ],
          [
            -51.95668132106595,
            -23.30528559441227
          ],
          [
            -51.956844307677514,
            -23.305385424847223
          ],
          [
            -51.95700389218602,
            -23.305489841991132
          ],
          [
            -51.957159549283126,
            -23.30559918303338
          ],
          [
            -51.957308747609204,
            -23.305715928552964
          ],
          [
            -51.95745238376833,
            -23.305838505319485
          ],
          [
            -51.95759107929725,
            -23.305965850029768
          ],
          [
            -51.957726341756086,
            -23.306096315785837
          ],
          [
            -51.95785873455507,
            -23.3062292728181
          ],
          [
            -51.958250616675606,
            -23.30663259316856
          ],
          [
            -51.95838343832513,
            -23.30676518133231
          ],
          [
            -51.95906084482295,
            -23.307416570914764
          ],
          [
            -51.95932682980385,
            -23.307681460258994
          ],
          [
            -51.959584902037435,
            -23.30795293076096
          ],
          [
            -51.959753641560866,
            -23.308140432739968
          ],
          [
            -51.95977029010197,
            -23.30816887117057
          ],
          [
            -51.959775475563696,
            -23.308200885589944
          ],
          [
            -51.95976952377545,
            -23.308232794251268
          ],
          [
            -51.959752666287415,
            -23.30826114945754
          ],
          [
            -51.95961889810944,
            -23.308372152775597
          ],
          [
            -51.95959059029203,
            -23.308384179590682
          ],
          [
            -51.95955572318354,
            -23.3083871887985
          ],
          [
            -51.95952547721125,
            -23.308380264530392
          ],
          [
            -51.959499151266336,
            -23.308364875472087
          ],
          [
            -51.95927977828778,
            -23.30812349441206
          ],
          [
            -51.95902010087457,
            -23.307853331214265
          ],
          [
            -51.95875308175998,
            -23.307589329368785
          ],
          [
            -51.958075940790074,
            -23.30693770918008
          ],
          [
            -51.95755206515066,
            -23.306401091908363
          ],
          [
            -51.95741861225127,
            -23.306269043276348
          ],
          [
            -51.95728207999623,
            -23.306139717161816
          ],
          [
            -51.95714130074728,
            -23.306014337983008
          ],
          [
            -51.95699453876031,
            -23.30589497763625
          ],
          [
            -51.95684112493628,
            -23.30578300112534
          ],
          [
            -51.95668239034713,
            -23.305677488935174
          ],
          [
            -51.95652015438803,
            -23.305576628157546
          ],
          [
            -51.95635402737346,
            -23.30548133279299
          ],
          [
            -51.95618347567528,
            -23.30539297063531
          ],
          [
            -51.95600782704596,
            -23.30531360214016
          ],
          [
            -51.95592311187876,
            -23.305280276927377
          ],
          [
            -51.95582610708674,
            -23.305246990793535
          ],
          [
            -51.95575835989874,
            -23.305226398487235
          ],
          [
            -51.955637962994935,
            -23.30519819714876
          ],
          [
            -51.95553092574773,
            -23.30518078178474
          ],
          [
            -51.95544444854414,
            -23.305173560198977
          ],
          [
            -51.95535650794903,
            -23.305170948944497
          ],
          [
            -51.95524905821952,
            -23.305175248746277
          ],
          [
            -51.95513641656608,
            -23.305187796708942
          ],
          [
            -51.95505583909489,
            -23.305202231219997
          ],
          [
            -51.954983054631754,
            -23.305218668592293
          ],
          [
            -51.95486830547731,
            -23.305252938371968
          ],
          [
            -51.95479639084928,
            -23.305279402290473
          ],
          [
            -51.954690547292024,
            -23.30532779703312
          ],
          [
            -51.95461030140743,
            -23.30537360780155
          ],
          [
            -51.95452993598758,
            -23.305430356105873
          ],
          [
            -51.95445485990687,
            -23.305494673262768
          ],
          [
            -51.954392785595175,
            -23.305558769103868
          ],
          [
            -51.95432894360919,
            -23.30563601228462
          ],
          [
            -51.95427928464672,
            -23.305705693010275
          ],
          [
            -51.95422119764393,
            -23.30580194038029
          ],
          [
            -51.95418890046508,
            -23.305865718700602
          ],
          [
            -51.9541435324114,
            -23.30596815825317
          ],
          [
            -51.954118076787,
            -23.30603403406368
          ],
          [
            -51.954060409401244,
            -23.306206617255896
          ],
          [
            -51.95401163543404,
            -23.306381539768882
          ],
          [
            -51.95396880611567,
            -23.30655779165574
          ],
          [
            -51.953931145930646,
            -23.30673503917165
          ],
          [
            -51.953901045746875,
            -23.306913514424007
          ],
          [
            -51.95387790666112,
            -23.307092878380786
          ],
          [
            -51.953859977530776,
            -23.307272752960813
          ],
          [
            -51.953835260369836,
            -23.30763329780578
          ],
          [
            -51.95381962706849,
            -23.307994278805193
          ],
          [
            -51.953816658346106,
            -23.308355533681606
          ],
          [
            -51.95382262880282,
            -23.308716768121634
          ],
          [
            -51.953848060633746,
            -23.309619663160355
          ],
          [
            -51.953852645128244,
            -23.30998091480965
          ],
          [
            -51.95385560221604,
            -23.31088410762969
          ],
          [
            -51.95386472474965,
            -23.311245282357273
          ],
          [
            -51.95387331295633,
            -23.311425745148565
          ],
          [
            -51.95388555760342,
            -23.311606026327414
          ],
          [
            -51.95390189436225,
            -23.311786029937466
          ],
          [
            -51.95392401028451,
            -23.311965505900947
          ],
          [
            -51.95395092818407,
            -23.31214441965478
          ],
          [
            -51.953982146936156,
            -23.312322740509998
          ],
          [
            -51.954017085690786,
            -23.31250047373232
          ],
          [
            -51.95407579915375,
            -23.312775105986244
          ],
          [
            -51.954086666972664,
            -23.31280208092866
          ],
          [
            -51.95410338850409,
            -23.312821997255515
          ],
          [
            -51.95413252352579,
            -23.312839938115225
          ],
          [
            -51.95415111254325,
            -23.31284546175442
          ],
          [
            -51.954170510995,
            -23.312847521899013
          ],
          [
            -51.95420503237103,
            -23.312842148818333
          ],
          [
            -51.95423519718083,
            -23.312825726034458
          ],
          [
            -51.95433990706877,
            -23.312738757774326
          ],
          [
            -51.95435219649138,
            -23.312724788271748
          ],
          [
            -51.954368172329,
            -23.312695850426174
          ],
          [
            -51.95438172410892,
            -23.312661974682015
          ],
          [
            -51.95439164181883,
            -23.312627045029934
          ],
          [
            -51.95439532366385,
            -23.312598388882044
          ],
          [
            -51.954328596135376,
            -23.31226492955323
          ],
          [
            -51.95429749292509,
            -23.312086591281624
          ],
          [
            -51.954270986482086,
            -23.311907625206874
          ],
          [
            -51.95424975579815,
            -23.311728062984965
          ],
          [
            -51.95423402183533,
            -23.311548014733876
          ],
          [
            -51.95422259126233,
            -23.311367688211046
          ],
          [
            -51.95421493765856,
            -23.31118718859486
          ],
          [
            -51.95420696349247,
            -23.310825991261005
          ],
          [
            -51.95420241737347,
            -23.309742164911256
          ],
          [
            -51.95417339832398,
            -23.308658660669867
          ],
          [
            -51.95416837437423,
            -23.30829741458685
          ],
          [
            -51.95417353986901,
            -23.307936184420868
          ],
          [
            -51.95418138441338,
            -23.30775569084626
          ],
          [
            -51.95420307418548,
            -23.307394974354313
          ],
          [
            -51.95421869241598,
            -23.307214914775127
          ],
          [
            -51.9542391139045,
            -23.307035268747928
          ],
          [
            -51.954266100570614,
            -23.30685636931364
          ],
          [
            -51.95430106825461,
            -23.306678657252448
          ],
          [
            -51.95434266038772,
            -23.30650215259807
          ],
          [
            -51.954389811967296,
            -23.30632685240941
          ],
          [
            -51.95444592242966,
            -23.306153838276117
          ],
          [
            -51.95447305319053,
            -23.306082673780594
          ],
          [
            -51.95451657420415,
            -23.305985490371288
          ],
          [
            -51.95455893211825,
            -23.305907540667068
          ],
          [
            -51.95461286398115,
            -23.30582856645307
          ],
          [
            -51.954669816752045,
            -23.3057595154623
          ],
          [
            -51.95474038703957,
            -23.30569216184629
          ],
          [
            -51.954809411739134,
            -23.30564183651854
          ],
          [
            -51.954855542935256,
            -23.305615066227524
          ],
          [
            -51.95490250104302,
            -23.30559222390242
          ],
          [
            -51.955004269359534,
            -23.3055531337251
          ],
          [
            -51.95508579321729,
            -23.30553000900172
          ],
          [
            -51.955192567088886,
            -23.305508844061574
          ],
          [
            -51.955278256618165,
            -23.305499337930577
          ],
          [
            -51.95535773342652,
            -23.305496170044513
          ],
          [
            -51.955473494346826,
            -23.305502159745632
          ],
          [
            -51.95552957211392,
            -23.305509432898216
          ],
          [
            -51.95559217297962,
            -23.30552155069033
          ],
          [
            -51.955723574658684,
            -23.305558132989255
          ],
          [
            -51.955847310912084,
            -23.305603786355856
          ],
          [
            -51.955932480162865,
            -23.305639844725007
          ],
          [
            -51.956023247398,
            -23.30568256607596
          ],
          [
            -51.95619345631858,
            -23.305771483835453
          ],
          [
            -51.95635898702672,
            -23.305867661749662
          ],
          [
            -51.95652038523015,
            -23.305969666720884
          ],
          [
            -51.95667780262608,
            -23.306076834754684
          ],
          [
            -51.95682863432857,
            -23.306191758025538
          ],
          [
            -51.95697234852774,
            -23.30631425702081
          ],
          [
            -51.957110493093325,
            -23.30644211529597
          ],
          [
            -51.95724496597746,
            -23.30657327358101
          ],
          [
            -51.957768888083244,
            -23.307109851818613
          ],
          [
            -51.95790242403395,
            -23.307241828904925
          ],
          [
            -51.95857976732787,
            -23.307893275753496
          ],
          [
            -51.958844895463656,
            -23.308158894969154
          ],
          [
            -51.95897435621101,
            -23.308294292993388
          ],
          [
            -51.959228339271775,
            -23.308574146895722
          ],
          [
            -51.95924487248939,
            -23.308602642919883
          ],
          [
            -51.9592499290255,
            -23.308634674820105
          ],
          [
            -51.95924248993214,
            -23.308669951385625
          ],
          [
            -51.959224314996355,
            -23.308697597313824
          ],
          [
            -51.959128370533406,
            -23.308777325554917
          ],
          [
            -51.959099909564976,
            -23.308796409200983
          ],
          [
            -51.95906672634223,
            -23.308806790285036
          ],
          [
            -51.95902774503575,
            -23.308807759192288
          ],
          [
            -51.95898984647124,
            -23.308799271069493
          ],
          [
            -51.9589596803247,
            -23.308782803514838
          ],
          [
            -51.95879627665144,
            -23.308602193722876
          ],
          [
            -51.95853842803498,
            -23.308330544352234
          ],
          [
            -51.95827209504323,
            -23.30806595262343
          ],
          [
            -51.957594709909955,
            -23.307414541299867
          ],
          [
            -51.9574622005082,
            -23.30728168465658
          ],
          [
            -51.95707031188335,
            -23.306878368072528
          ],
          [
            -51.9569376064787,
            -23.306745678937396
          ],
          [
            -51.95680184557117,
            -23.306615657136966
          ],
          [
            -51.95666126375611,
            -23.306490088778673
          ],
          [
            -51.95651391718988,
            -23.306371344864257
          ],
          [
            -51.95635805172221,
            -23.3062622727152
          ],
          [
            -51.95619756103847,
            -23.306159055414952
          ],
          [
            -51.95603288458496,
            -23.306061634725914
          ],
          [
            -51.95586301844475,
            -23.305972161365226
          ],
          [
            -51.95577916888965,
            -23.30593258579223
          ],
          [
            -51.955686745574155,
            -23.305894071216272
          ],
          [
            -51.955606075157206,
            -23.305864725901127
          ],
          [
            -51.95550173135242,
            -23.305836260949782
          ],
          [
            -51.95541428321194,
            -23.305823365712836
          ],
          [
            -51.95535895894057,
            -23.305821391131033
          ],
          [
            -51.955307455188596,
            -23.305823427091543
          ],
          [
            -51.955221891951865,
            -23.305834367835853
          ],
          [
            -51.95517001969527,
            -23.305845733671855
          ],
          [
            -51.95511684127194,
            -23.30586138647708
          ],
          [
            -51.95505744806608,
            -23.3058842041755
          ],
          [
            -51.9550194108543,
            -23.305903463252886
          ],
          [
            -51.954988268041134,
            -23.305924029833186
          ],
          [
            -51.954952279836235,
            -23.30595539311139
          ],
          [
            -51.95489284750451,
            -23.30602644069695
          ],
          [
            -51.95484461944276,
            -23.306105416107826
          ],
          [
            -51.95480257451105,
            -23.306197188595046
          ],
          [
            -51.95477376863744,
            -23.306273641781644
          ],
          [
            -51.95471951709629,
            -23.30644716076404
          ],
          [
            -51.95467405411496,
            -23.30662284246257
          ],
          [
            -51.95463402833036,
            -23.30679965302904
          ],
          [
            -51.954602306913564,
            -23.306977882550555
          ],
          [
            -51.954578550109744,
            -23.307157173338087
          ],
          [
            -51.95456070743166,
            -23.307337054981375
          ],
          [
            -51.954547315853794,
            -23.307517268955365
          ],
          [
            -51.95452801514725,
            -23.30787810428121
          ],
          [
            -51.95452231858044,
            -23.308058664733792
          ],
          [
            -51.95452133167586,
            -23.308419931171933
          ],
          [
            -51.954528573846694,
            -23.30878114700709
          ],
          [
            -51.95455361694273,
            -23.30968404949345
          ],
          [
            -51.95455845500266,
            -23.3107678726449
          ],
          [
            -51.954565150233854,
            -23.311129094059467
          ],
          [
            -51.95457225448366,
            -23.311309612794282
          ],
          [
            -51.95458248573586,
            -23.31149000237508
          ],
          [
            -51.954597616903534,
            -23.31167009526986
          ],
          [
            -51.95461796235048,
            -23.311849743754095
          ],
          [
            -51.95464405733763,
            -23.312028762151556
          ],
          [
            -51.95468694887815,
            -23.312267598743198
          ],
          [
            -51.9546975154944,
            -23.31229468003556
          ],
          [
            -51.95471676554788,
            -23.31231730424616
          ],
          [
            -51.95474642047958,
            -23.312334496904842
          ],
          [
            -51.95478074377035,
            -23.312340880239628
          ],
          [
            -51.95481524276162,
            -23.312335423663733
          ],
          [
            -51.95484528831539,
            -23.312318814889245
          ],
          [
            -51.95496203763527,
            -23.312217479499324
          ],
          [
            -51.954976831964906,
            -23.312192043471345
          ],
          [
            -51.95499258388161,
            -23.312155078469406
          ],
          [
            -51.95500453381959,
            -23.31211691775085
          ],
          [
            -51.95500957371251,
            -23.312088423263642
          ],
          [
            -51.9549698999465,
            -23.311827146558183
          ],
          [
            -51.95494903834888,
            -23.311647543019003
          ],
          [
            -51.95493374421536,
            -23.311467458534445
          ],
          [
            -51.95491675162467,
            -23.311106532807592
          ],
          [
            -51.95491037670801,
            -23.310745304953553
          ],
          [
            -51.95490774588712,
            -23.309842108906214
          ],
          [
            -51.9549011506056,
            -23.309480882798706
          ],
          [
            -51.95487595930758,
            -23.308577982818854
          ],
          [
            -51.9548727589024,
            -23.30821672219891
          ],
          [
            -51.95487522524421,
            -23.30803610064459
          ],
          [
            -51.954890633828406,
            -23.307675114169292
          ],
          [
            -51.954916447871355,
            -23.307314646664086
          ],
          [
            -51.954936165057084,
            -23.307134944540614
          ],
          [
            -51.95498017497338,
            -23.30685932490452
          ],
          [
            -51.95506001039742,
            -23.306530104034884
          ],
          [
            -51.95509199867183,
            -23.306427791441816
          ],
          [
            -51.955131272304044,
            -23.306314102904846
          ],
          [
            -51.955157120208774,
            -23.306257683763334
          ],
          [
            -51.95518697890525,
            -23.306206645156717
          ],
          [
            -51.95521168706212,
            -23.306177108046402
          ],
          [
            -51.95526423028773,
            -23.306159268434012
          ],
          [
            -51.955339191167894,
            -23.306147623359095
          ],
          [
            -51.95537961139835,
            -23.306147524045052
          ],
          [
            -51.95542379770156,
            -23.306154039821877
          ],
          [
            -51.95549146766924,
            -23.306172500159626
          ],
          [
            -51.95554977234513,
            -23.306193707383763
          ],
          [
            -51.955669903200054,
            -23.306246161731657
          ],
          [
            -51.95584042615451,
            -23.306334572369046
          ],
          [
            -51.95600534225625,
            -23.30643164720618
          ],
          [
            -51.956165419242936,
            -23.30653541046254
          ],
          [
            -51.956291629943316,
            -23.30662373075565
          ],
          [
            -51.95642301846743,
            -23.306729614502384
          ],
          [
            -51.9566038032952,
            -23.306894389684842
          ],
          [
            -51.956738262931815,
            -23.307025554824513
          ],
          [
            -51.95726277297075,
            -23.30756164028369
          ],
          [
            -51.95739639378766,
            -23.30769353938098
          ],
          [
            -51.957938767658995,
            -23.30821425885856
          ],
          [
            -51.95820654855314,
            -23.308477600953385
          ],
          [
            -51.95846690442238,
            -23.30874719591115
          ],
          [
            -51.958765658988014,
            -23.309079579898455
          ]
        ],
        "type": "LineString"
      }
    }
  ]
}